membership_id	surface_id	round	source_path	source_record_id	canonical_source_id	canonical_identity_kind	canonical_identity_value	membership_role	representative_source_record_id	authors	year	title	venue	doi_isbn_or_identifier	stable_url	rights_review_status	evidence_use_status	source_record_sha256	record_sha256
R16B-SOURCE-MEMBERSHIP:b8fd285808b6024f90155cef3f58a8838cf178c8e34072fcb7351fd2a5b52d40	SURF-R09-001	ROUND9	docs/research/trace-v49-design-history-relation-vocabulary-round1/03_SCHOLARLY_SOURCE_REGISTRY.tsv	SRC-0003	R16B-SOURCE:02210c41d8e5caf902fe3fe7f7b49e8321f029f1d7d65354562caa95b4218407	DOI	10.1080/17547075.2015.1051786	CANONICAL_REPRESENTATIVE	SRC-0003	Basile Zimmermann; Nicolas Nova	2015	Circulation: A Theoretical Toolkit	Design and Culture	10.1080/17547075.2015.1051786	https://doi.org/10.1080/17547075.2015.1051786	PENDING_RIGHTS_AND_ACCESS_REVIEW	BIBLIOGRAPHIC_IDENTITY_ONLY_NOT_ASSOCIATION_EVIDENCE	212789f3a5df7499ca43e6cf1115b1be903b822563f0be040b9e9834028c648a	8591614eefc8d765f0765a0016e1f6bbf11031c3636edbbfd13fa88198e5748d
R16B-SOURCE-MEMBERSHIP:bc37cc225e7500865b5d031167efe36954ee50b3fe5e5769c636297c76f865ed	SURF-R13-001	ROUND13	docs/research/trace-v49-exploration-composition-review-round1/03_COMPOSITION_SCHOLARLY_SOURCE_REGISTRY.tsv	COMP-SRC-021	R16B-SOURCE:025d8e088073ab13069b5936bbb5b32f507578e3119955d2180e547233d03953	DOI	10.1093/jdh/epv047	CANONICAL_REPRESENTATIVE	COMP-SRC-021	Damon Taylor	2016	Laying Down Memories: the Cultural Mobility of Tejo Remy's Chest of Drawers	Journal of Design History 29.3	10.1093/jdh/epv047	https://academic.oup.com/jdh/article/29/3/245/1745258	PENDING_RIGHTS_AND_ACCESS_REVIEW	BIBLIOGRAPHIC_IDENTITY_ONLY_NOT_ASSOCIATION_EVIDENCE	330ba1e8dab4b95b13ea6916b2e0230a1b37cb43895bb6eeab297f4faa60b26f	c75f3fdfa8cd3a1417e20cd9261470f833ddfca4b9aece7c82dcff42b278a6d4
R16B-SOURCE-MEMBERSHIP:dcc32eb7e0a6d76ccd482d1ec310312e6d46dd47bbd2e6afc292fea4612ad6ae	SURF-R09-001	ROUND9	docs/research/trace-v49-design-history-relation-vocabulary-round1/03_SCHOLARLY_SOURCE_REGISTRY.tsv	SRC-0035	R16B-SOURCE:025d8e088073ab13069b5936bbb5b32f507578e3119955d2180e547233d03953	DOI	10.1093/jdh/epv047	CROSS_ROUND_ALIAS	COMP-SRC-021	Damon Taylor	2016	Laying Down Memories: the Cultural Mobility of Tejo Remy's Chest of Drawers	Journal of Design History	10.1093/jdh/epv047	https://doi.org/10.1093/jdh/epv047	PENDING_RIGHTS_AND_ACCESS_REVIEW	BIBLIOGRAPHIC_IDENTITY_ONLY_NOT_ASSOCIATION_EVIDENCE	dbfd8a97b118d2d92f1045f5fd01fddd941521515ee875f820eaf84a6b2a0958	f85dae3c6d0a9cb8d1fa365909b1e33cbae1aacfd6c30b2981184c085a430e11
R16B-SOURCE-MEMBERSHIP:64d1b2925e3f14630a1956296ae5fdced6d8bb861085cdaeda0006d5b4d090b5	SURF-R09-001	ROUND9	docs/research/trace-v49-design-history-relation-vocabulary-round1/03_SCHOLARLY_SOURCE_REGISTRY.tsv	SRC-0039	R16B-SOURCE:030d41bc7e3b350d278c8cb8a7f716224873f628b3e19c64489a183c2065eadb	DOI	10.1093/jdh/epac038	CANONICAL_REPRESENTATIVE	SRC-0039	Sarah Cheang; Katie Irani; Livia Rezende; Shehnaz Suterwalla	2023	In Between Breaths	Journal of Design History	10.1093/jdh/epac038	https://doi.org/10.1093/jdh/epac038	PENDING_RIGHTS_AND_ACCESS_REVIEW	BIBLIOGRAPHIC_IDENTITY_ONLY_NOT_ASSOCIATION_EVIDENCE	57a323cfb6e1a0a1deccd328c59b43bb5f5bbba30f1a12e1acfa0448601e3c88	e3f45df1fa7c6779b7de123222a63d8a695a32947a0ccbdd21567210f4ba0318
R16B-SOURCE-MEMBERSHIP:c00dae720a8c6bc29a8391e14c89c9f7c99e15827e3f5ef1b8f6b5a832f843f6	SURF-R13-001	ROUND13	docs/research/trace-v49-exploration-composition-review-round1/03_COMPOSITION_SCHOLARLY_SOURCE_REGISTRY.tsv	COMP-SRC-010	R16B-SOURCE:0b3a316a31cb9775bc3e43b849d639f4f5f2f23f8b828aa3b04523b45aa3b565	DOI	10.1093/jdh/epag001	CROSS_ROUND_ALIAS	GRAM-SRC-001	Anna Kallen Talley	2026	Digital Design History: State of the Field, Definitions and Possibilities	Journal of Design History 39.2	10.1093/jdh/epag001	https://academic.oup.com/jdh/article/39/2/113/8537083	PENDING_RIGHTS_AND_ACCESS_REVIEW	BIBLIOGRAPHIC_IDENTITY_ONLY_NOT_ASSOCIATION_EVIDENCE	535227c3fb0ab101d82274a5d0a9a0b4a730bdbf860621c9d7d2959f2eadc298	523d808b80b8aec1e9a8db65713fd6997e7e711e588d07be214e559070c65cb9
R16B-SOURCE-MEMBERSHIP:ffbd5b0b5c166eff1291820496b43d05abdc9d4e4b88c30765f0cc13d37e7469	SURF-R10-001	ROUND10	docs/research/trace-v49-design-history-relation-grammar-round1/03_GRAMMAR_SCHOLARLY_SOURCE_REGISTRY.tsv	GRAM-SRC-001	R16B-SOURCE:0b3a316a31cb9775bc3e43b849d639f4f5f2f23f8b828aa3b04523b45aa3b565	DOI	10.1093/jdh/epag001	CANONICAL_REPRESENTATIVE	GRAM-SRC-001	Anna Kallen Talley	2026	Digital Design History: State of the Field, Definitions and Possibilities	Journal of Design History	10.1093/jdh/epag001	https://academic.oup.com/jdh/article/39/2/113/8537083	PENDING_RIGHTS_AND_ACCESS_REVIEW	BIBLIOGRAPHIC_IDENTITY_ONLY_NOT_ASSOCIATION_EVIDENCE	033410f16b1878cc70b3a2d30f527b756fafd75e32cd6e7d1868279e943b7063	06e35ce1b4a7aa6451024a4495863534545c9605829e891bc59cfc45b3f7ebf4
R16B-SOURCE-MEMBERSHIP:167fa63a394577ad47e2fd1730e0a71b6bcc7b9b2d5508770809d2e8eea97200	SURF-R13-001	ROUND13	docs/research/trace-v49-exploration-composition-review-round1/03_COMPOSITION_SCHOLARLY_SOURCE_REGISTRY.tsv	COMP-SRC-006	R16B-SOURCE:0cc8437a2c1cfd309efe788c2bf0dbc4a2774137011dc0fbc2a769869443c91d	DOI	10.1017/eso.2021.58	CROSS_ROUND_ALIAS	GRAM-SRC-028	Gino Cattani;Mariachiara Colucci;Simone Ferriani	2023	From the Margins to the Core of Haute Couture: The Entrepreneurial Journey of Coco Chanel	Enterprise & Society 24.2	10.1017/eso.2021.58	https://www.cambridge.org/core/journals/enterprise-and-society/article/from-the-margins-to-the-core-of-haute-couture-the-entrepreneurial-journey-of-coco-chanel/2EB663E94E9C67F6CB3B9CF962242FAD	PENDING_RIGHTS_AND_ACCESS_REVIEW	BIBLIOGRAPHIC_IDENTITY_ONLY_NOT_ASSOCIATION_EVIDENCE	062789e6ffb832520e985c4ba551376222a52fff89706556567a4a56cef9c32b	15fbcbe811d362f0375997be48467b8eb3106a76d21121465c4b045f5d226c36
R16B-SOURCE-MEMBERSHIP:d2d04e99022565736325fbf665ddf674704641b30f7fb5174d8f77f34eb66c5e	SURF-R10-001	ROUND10	docs/research/trace-v49-design-history-relation-grammar-round1/03_GRAMMAR_SCHOLARLY_SOURCE_REGISTRY.tsv	GRAM-SRC-028	R16B-SOURCE:0cc8437a2c1cfd309efe788c2bf0dbc4a2774137011dc0fbc2a769869443c91d	DOI	10.1017/eso.2021.58	CANONICAL_REPRESENTATIVE	GRAM-SRC-028	Gino Cattani; Mariachiara Colucci; Simone Ferriani	2023	From the Margins to the Core of Haute Couture: The Entrepreneurial Journey of Coco Chanel	Enterprise & Society	10.1017/eso.2021.58	https://www.cambridge.org/core/journals/enterprise-and-society/article/from-the-margins-to-the-core-of-haute-couture-the-entrepreneurial-journey-of-coco-chanel/F9C3C4631A1971D2A18A6A468308F1AA	PENDING_RIGHTS_AND_ACCESS_REVIEW	BIBLIOGRAPHIC_IDENTITY_ONLY_NOT_ASSOCIATION_EVIDENCE	421f883dba19b479c2e13c49f7ae45a47f61f80285d28d899fd22c89b915694a	ddc887fcb05dfafd10232d393d910cb68461093a40375d78c85c807ad753b51b
R16B-SOURCE-MEMBERSHIP:2ed287b1f887beca17b6b6e9304df44182c528d025b80ee9638b6a088e7ce43d	SURF-R10-001	ROUND10	docs/research/trace-v49-design-history-relation-grammar-round1/03_GRAMMAR_SCHOLARLY_SOURCE_REGISTRY.tsv	GRAM-SRC-008	R16B-SOURCE:126e8a358227bd7817e76e84dc4232a4fc262806a5a68d2f48139fff893cb644	ISBN	9781800080836	CANONICAL_REPRESENTATIVE	GRAM-SRC-008	Paolo Scrivano	2021	The Complexity of Cultural Exchange: Anglo-Italian Relations in Architecture between Transnational Interactions and National Narratives	Postwar Architecture between Italy and the UK	9781800080836	https://re.public.polimi.it/handle/11311/1182602	PENDING_RIGHTS_AND_ACCESS_REVIEW	BIBLIOGRAPHIC_IDENTITY_ONLY_NOT_ASSOCIATION_EVIDENCE	fcfcf23ec5db59ec5a5fb447a2675ee24dfc675705e096b45e240030316b5879	c6fef305ad9278bc69e70895ff734ceb4aeca3a2d34142de77a490659cb7fc05
R16B-SOURCE-MEMBERSHIP:6b3f32ca98eba358340ce134ffcb9c619294c098037a60cd806773a3bf585970	SURF-R13-001	ROUND13	docs/research/trace-v49-exploration-composition-review-round1/03_COMPOSITION_SCHOLARLY_SOURCE_REGISTRY.tsv	COMP-SRC-018	R16B-SOURCE:15c92feb3085387dc21480db3e669ecb03f01414d6dd6bd59be51fd1fafef6e2	DOI	10.1177/1069397110393145	CANONICAL_REPRESENTATIVE	COMP-SRC-018	Richard E. Blanton	2011	Cultural Transformation, Art, and Collective Action in Polity Building	Cross-Cultural Research 45.2	10.1177/1069397110393145	https://journals.sagepub.com/doi/10.1177/1069397110393145	PENDING_RIGHTS_AND_ACCESS_REVIEW	BIBLIOGRAPHIC_IDENTITY_ONLY_NOT_ASSOCIATION_EVIDENCE	1e77bf1a574fb7aafbc96d472461c6a302c17759630db99c587e35fafd442f7e	ac13cd7160af65266c80b74cd649e4b19ae34fd8e5a3445ccb144447aa1522fd
R16B-SOURCE-MEMBERSHIP:e30427ec6106320129e7542fd222f6b8df2361bb97f891090030a2ce3e2330ab	SURF-R13-001	ROUND13	docs/research/trace-v49-exploration-composition-review-round1/03_COMPOSITION_SCHOLARLY_SOURCE_REGISTRY.tsv	COMP-SRC-020	R16B-SOURCE:1752fcde91a8d5c80af2c4971ac839f0f93a62ac08586547ccc7725abe4b7619	DOI	10.1080/18626033.2013.798922	CANONICAL_REPRESENTATIVE	COMP-SRC-020	Jane Hutton	2013	Reciprocal Landscapes: Material Portraits in New York City and Elsewhere	Journal of Landscape Architecture 8.1	10.1080/18626033.2013.798922	https://www.tandfonline.com/doi/abs/10.1080/18626033.2013.798922	PENDING_RIGHTS_AND_ACCESS_REVIEW	BIBLIOGRAPHIC_IDENTITY_ONLY_NOT_ASSOCIATION_EVIDENCE	04f8abcd8da3449bfc6688844a07f99e643739458e5706cdfc404a916ea0df5a	f72480f2d96344948e446d1f8661d76db286b4a675348b58348353d6da9ffecf
R16B-SOURCE-MEMBERSHIP:7fc364cfa474549e44fe4fd9b2a0df40d414767f7e3c6542813d72ab8aa59250	SURF-R09-001	ROUND9	docs/research/trace-v49-design-history-relation-vocabulary-round1/03_SCHOLARLY_SOURCE_REGISTRY.tsv	SRC-0029	R16B-SOURCE:21f5bf1145bcd7e6ea6300e64efb27b57fa805ef2595db4918593fd74cead7fa	DOI	10.1093/jdh/epw003	CANONICAL_REPRESENTATIVE	SRC-0029	Fedja Vukić	2017	Rethinking the Environment: An Introduction to Matko Meštrović's 'Dizajn i okolina' from 1980	Journal of Design History	10.1093/jdh/epw003	https://doi.org/10.1093/jdh/epw003	PENDING_RIGHTS_AND_ACCESS_REVIEW	BIBLIOGRAPHIC_IDENTITY_ONLY_NOT_ASSOCIATION_EVIDENCE	cfbcb746f7ec59d0f01cac044a7e2839425571ffe324690b65750c5b112cc085	3c3a475150870c2d1ec3dcc0273fb671cd195ff20212e830a5f672b05304b8b6
R16B-SOURCE-MEMBERSHIP:c1d9499a59c5a2d11bba446790ce7f1152dc612ba7ee5c87ff71d0eb233e4f2b	SURF-R10-001	ROUND10	docs/research/trace-v49-design-history-relation-grammar-round1/03_GRAMMAR_SCHOLARLY_SOURCE_REGISTRY.tsv	GRAM-SRC-014	R16B-SOURCE:243d4cc2d34ac8278bb1e05be705790bea876262385649195b9a49099af51b55	DOI	10.1179/174329511x13123634653820	CANONICAL_REPRESENTATIVE	GRAM-SRC-014	Annebella Pollen	2011	Performing Spectacular Girlhood: Mass-Produced Dressing-Up Costumes and the Commodification of Imagination	Textile History	10.1179/174329511X13123634653820	https://www.tandfonline.com/doi/full/10.1179/174329511X13123634653820	PENDING_RIGHTS_AND_ACCESS_REVIEW	BIBLIOGRAPHIC_IDENTITY_ONLY_NOT_ASSOCIATION_EVIDENCE	092585daeb9a70e3e834487531b2f49753615134825f44e3eff5fc94d3f04e7c	1df25b4e529e3203e7073b0d9c5fd6949b72fb57cbbde775cff10e5aba4c19c7
R16B-SOURCE-MEMBERSHIP:a9e1a3d40ce338765567525657844aa0bbae6809db03bebd6dacf2c139dc1ba8	SURF-R09-001	ROUND9	docs/research/trace-v49-design-history-relation-vocabulary-round1/03_SCHOLARLY_SOURCE_REGISTRY.tsv	SRC-0048	R16B-SOURCE:25fe7267411241128cec77566ce1eaeaff5f74eefaa0abb19c56bd5fc34f0036	DOI	10.1093/jdh/epac017	CANONICAL_REPRESENTATIVE	SRC-0048	Sheilagh Quaile	2023	Imitation and Piracy in Paisley Shawl Design, 1805-1870	Journal of Design History	10.1093/jdh/epac017	https://academic.oup.com/jdh/article-abstract/36/1/1/6583348	PENDING_RIGHTS_AND_ACCESS_REVIEW	BIBLIOGRAPHIC_IDENTITY_ONLY_NOT_ASSOCIATION_EVIDENCE	6ab2ae9b03ad242f4a415194cf39a988cb4555366085d9dfd268aa1f310af3a0	d6e478a24c1000a8ed35853519ccd759ca0ffc55539dc9d1bd9a9f2cf6781da9
R16B-SOURCE-MEMBERSHIP:6ca47051486a1f84e020cdb3bb2c9a609e963e88fe41ce5b84f5a6f9005f84bf	SURF-R09-001	ROUND9	docs/research/trace-v49-design-history-relation-vocabulary-round1/03_SCHOLARLY_SOURCE_REGISTRY.tsv	SRC-0023	R16B-SOURCE:286ff9bdec25b954ad305aa1feca804d2623bd9d50adaa7581c30023cec4d33c	DOI	10.1093/jdh/epr023	CANONICAL_REPRESENTATIVE	SRC-0023	Julia Moszkowicz	2011	Lost in Translation: The Emergence and Erasure of 'New Thinking' within Graphic Design Criticism in the 1990s	Journal of Design History	10.1093/jdh/epr023	https://academic.oup.com/jdh/article-abstract/24/3/241/405134	PENDING_RIGHTS_AND_ACCESS_REVIEW	BIBLIOGRAPHIC_IDENTITY_ONLY_NOT_ASSOCIATION_EVIDENCE	3ec0e997f23a29095adac77536a6589a8ed1b3dbe10c3786a305af9584e0148e	f777b288d089d633131060c85ecabf66a336183e589bc4fd97cf85304ec58ef9
R16B-SOURCE-MEMBERSHIP:c0bc430f6ab334d0b1c8fa9c43a1ea09f11646775acf80952ced78067ebfd2bf	SURF-R09-001	ROUND9	docs/research/trace-v49-design-history-relation-vocabulary-round1/03_SCHOLARLY_SOURCE_REGISTRY.tsv	SRC-0047	R16B-SOURCE:2a0e8a5870d44c9986e4af9f6ffabf9b1691f7c2cb6a5b8dcbc5cedd284d873c	DOI	10.15187/adr.2021.02.34.1.201	CANONICAL_REPRESENTATIVE	SRC-0047	Jongkyun Kim	2021	Transnational Design History Based on Designer Han Do-ryong's Life and Works	Archives of Design Research	10.15187/adr.2021.02.34.1.201	https://doi.org/10.15187/adr.2021.02.34.1.201	PENDING_RIGHTS_AND_ACCESS_REVIEW	BIBLIOGRAPHIC_IDENTITY_ONLY_NOT_ASSOCIATION_EVIDENCE	cbcf4811b2f09100d98776806dab0b866ae1994e0940b29bfe039ec6cd14d896	a1957cf6bc2389d24d3d40ad4fe3e027ec2c13b5e5bc75440f82de905821d570
R16B-SOURCE-MEMBERSHIP:aa039de2b9e24c969539075371ba898f9bf064f2825a9a0114024bc27ccf78bd	SURF-R10-001	ROUND10	docs/research/trace-v49-design-history-relation-grammar-round1/03_GRAMMAR_SCHOLARLY_SOURCE_REGISTRY.tsv	GRAM-SRC-021	R16B-SOURCE:2a36b972c2df052417ef3750f91556c2abb05dcab07df42239eef2e1b45eb6d8	DOI	10.4324/9781003376033-2	CANONICAL_REPRESENTATIVE	GRAM-SRC-021	Marlena Jankowska	2023	House of sartorial genius? History of imitation in the modern fashion industry	Intellectual Property Rights, Copynorm and the Fashion Industry	10.4324/9781003376033-2	https://www.taylorfrancis.com/chapters/oa-mono/10.4324/9781003376033-2/house-sartorial-genius-history-imitation-modern-fashion-industry-marlena-jankowska	PENDING_RIGHTS_AND_ACCESS_REVIEW	BIBLIOGRAPHIC_IDENTITY_ONLY_NOT_ASSOCIATION_EVIDENCE	2367f59d2834e9c9d3dc0e8fd5cd13f9785e007e3ffeb6e293798eb688aa4fa4	53845ff3ae4a869c355932cc3138116221efefbdb4e5a9815eb32540f6f15d2c
R16B-SOURCE-MEMBERSHIP:239843ffedb0634a0c641e1c59caee0411e94a3ca9816f15723a3adf7d004d80	SURF-R10-001	ROUND10	docs/research/trace-v49-design-history-relation-grammar-round1/03_GRAMMAR_SCHOLARLY_SOURCE_REGISTRY.tsv	GRAM-SRC-019	R16B-SOURCE:2d5d3290c5f700ab1d7dcdb7ea103dbd8726600a12d64b9c912d87cf3f93a39b	DOI	10.1080/17569370.2015.1045348	CANONICAL_REPRESENTATIVE	GRAM-SRC-019	Yoo Jin Kwon; Yhe-Young Lee	2015	Traditional Aesthetic Characteristics Traced in South Korean Contemporary Fashion Practice	Fashion Practice	10.1080/17569370.2015.1045348	https://www.tandfonline.com/doi/abs/10.1080/17569370.2015.1045348	PENDING_RIGHTS_AND_ACCESS_REVIEW	BIBLIOGRAPHIC_IDENTITY_ONLY_NOT_ASSOCIATION_EVIDENCE	5b98cc6465bc8f45314e63ca6f24917d485d3dbe27aacb9b82bab09a9c493e16	5676772f980f1eccb67082b0ae6433665f8e994155a26c4a9ca75fa7bfffc179
R16B-SOURCE-MEMBERSHIP:d7abf304da5a99d156d4d433f081267e417b20915fe9a4833a2db0cb0e7f8c2b	SURF-R10-001	ROUND10	docs/research/trace-v49-design-history-relation-grammar-round1/03_GRAMMAR_SCHOLARLY_SOURCE_REGISTRY.tsv	GRAM-SRC-009	R16B-SOURCE:2f69dcdb257a4afefd3a4b46bdc833fe34c637fe89bc76b38f5aa4ab5eaa8e04	DOI	10.1080/17547075.2017.1326231	CANONICAL_REPRESENTATIVE	GRAM-SRC-009	Katarina Serulus	2017	Well-Designed Relations: Cold War Design Exchanges between Brussels and Moscow in the Early 1970s	Design and Culture	10.1080/17547075.2017.1326231	https://www.tandfonline.com/doi/abs/10.1080/17547075.2017.1326231	PENDING_RIGHTS_AND_ACCESS_REVIEW	BIBLIOGRAPHIC_IDENTITY_ONLY_NOT_ASSOCIATION_EVIDENCE	16f91fa523d1318a4deef6cd2cb25ee0c1d74c5e47010ff69cec393c25102f63	6047fb728518413ee7d70abad7f5cd9989c69711276196c363819d8bad553db9
R16B-SOURCE-MEMBERSHIP:63ed07a4de0deaa01f8f452a6fd1eb486257c4cdd1bd6b56e22fb9f541df0486	SURF-R09-001	ROUND9	docs/research/trace-v49-design-history-relation-vocabulary-round1/03_SCHOLARLY_SOURCE_REGISTRY.tsv	SRC-0024	R16B-SOURCE:31cc56a4398e3a7a2cdf6d0e390aa18b480d0cc36959fa3e8a70e43e80801855	DOI	10.1093/jdh/epag007	CANONICAL_REPRESENTATIVE	SRC-0024	Virginia Marano	2026	Decoding Desire: Access and Intimacy in Sexual Objects	Journal of Design History	10.1093/jdh/epag007	https://academic.oup.com/jdh/advance-article/doi/10.1093/jdh/epag007/8713764	PENDING_RIGHTS_AND_ACCESS_REVIEW	BIBLIOGRAPHIC_IDENTITY_ONLY_NOT_ASSOCIATION_EVIDENCE	48be4eedf4133bcdc2ea4a0168cc2a5a70bb526c8b6728e9a46bab8e6b533e71	6ddd62b12caee94ee0f4f78bed10ad24ebe4bc7fa2a422737a5a4bff18ca823d
R16B-SOURCE-MEMBERSHIP:258a3aade61f5792e5a3c65e780717f1cfe7a4b25c405be13876d28cfd8319b3	SURF-R09-001	ROUND9	docs/research/trace-v49-design-history-relation-vocabulary-round1/03_SCHOLARLY_SOURCE_REGISTRY.tsv	SRC-0009	R16B-SOURCE:32fea0fc08f5e325cad64014d79fcfbff8ac1647dfbcf1867f21a71d6d7f67b3	DOI	10.1093/jdh/epn007	CROSS_ROUND_ALIAS	COMP-SRC-001	Grace Lees-Maffei	2008	Introduction: Professionalization as a Focus in Interior Design History	Journal of Design History	10.1093/jdh/epn007	https://academic.oup.com/jdh/article/21/1/1/361205	PENDING_RIGHTS_AND_ACCESS_REVIEW	BIBLIOGRAPHIC_IDENTITY_ONLY_NOT_ASSOCIATION_EVIDENCE	be36e94efeec42d413898a8a2a189b392268dbc3dd7c55fb22c0ffbd703da6d0	5eb656118f319569d7d73cf60989cdfd190cb6cb8129614b7bae34f6c3f73a2e
R16B-SOURCE-MEMBERSHIP:c53706a5492e1bbb9e6cdd5b0f201fd08799e4aa1cf2355751791b87a2bc52fd	SURF-R13-001	ROUND13	docs/research/trace-v49-exploration-composition-review-round1/03_COMPOSITION_SCHOLARLY_SOURCE_REGISTRY.tsv	COMP-SRC-001	R16B-SOURCE:32fea0fc08f5e325cad64014d79fcfbff8ac1647dfbcf1867f21a71d6d7f67b3	DOI	10.1093/jdh/epn007	CANONICAL_REPRESENTATIVE	COMP-SRC-001	Grace Lees-Maffei	2008	Introduction: Professionalization as a Focus in Interior Design History	Journal of Design History 21.1	10.1093/jdh/epn007	https://academic.oup.com/jdh/article/21/1/1/361205	PENDING_RIGHTS_AND_ACCESS_REVIEW	BIBLIOGRAPHIC_IDENTITY_ONLY_NOT_ASSOCIATION_EVIDENCE	5c1e7a645cf364f50ef26e17ec24df480bfa98490c396e17a7536b194c023843	03a55cb86a5756a33e3fcd5341496fa1796973fa55ed1e2aca1936074b4dcfbe
R16B-SOURCE-MEMBERSHIP:a657e66bda605e0b904c4feb09c7e42cc04915b97825f46708bc1b73728b4340	SURF-R10-001	ROUND10	docs/research/trace-v49-design-history-relation-grammar-round1/03_GRAMMAR_SCHOLARLY_SOURCE_REGISTRY.tsv	GRAM-SRC-022	R16B-SOURCE:344d06e3195edcc35feb0eb9943e907bca58dfbf41e76458c4a306126ecf39bc	DOI	10.1080/00233609.2013.809017	CANONICAL_REPRESENTATIVE	GRAM-SRC-022	Audrey Millet	2013	Dessiner La Mode En Régime De Fabrique: L'imitation Au Cœur Du Processus Créatif	Konsthistorisk tidskrift / Journal of Art History	10.1080/00233609.2013.809017	https://www.tandfonline.com/doi/full/10.1080/00233609.2013.809017	PENDING_RIGHTS_AND_ACCESS_REVIEW	BIBLIOGRAPHIC_IDENTITY_ONLY_NOT_ASSOCIATION_EVIDENCE	9b115b98c759f9008e4c76aa895fe46d0426ef99444958d4dcfd210b9e70d25d	469d48bed4697fa8a389750c249d6b5103f17893960b4075785ef1b87b1dba99
R16B-SOURCE-MEMBERSHIP:32d3994ee31c16bfd73533e28b1b174fd78d350809c40d748f938607fd623bd3	SURF-R10-001	ROUND10	docs/research/trace-v49-design-history-relation-grammar-round1/03_GRAMMAR_SCHOLARLY_SOURCE_REGISTRY.tsv	GRAM-SRC-027	R16B-SOURCE:35910c1de3b938bb64faa7a79dd21ba54d5690820638bfe60ba024ad43742fd7	DOI	10.1016/j.jbusres.2023.113946	CANONICAL_REPRESENTATIVE	GRAM-SRC-027	Areti T. Vogel; Jacob Vogel; Kittichai Watchravesringkan; Sasikarn Chatvijit Cook; James Beasley; Randall Croom; Dale Peterson; Joshua Finkelstein	2023	Design piracy: an interdisciplinary investigation into competitive industrial behavior	Journal of Business Research	10.1016/j.jbusres.2023.113946	https://www.sciencedirect.com/science/article/pii/S0148296323003041	PENDING_RIGHTS_AND_ACCESS_REVIEW	BIBLIOGRAPHIC_IDENTITY_ONLY_NOT_ASSOCIATION_EVIDENCE	350ae3b58e9464b2ec246cec772412379ea599bf7be4dd474a3a72ddcb5f3f7e	a7633d44635d7e485249c659aa414867b18946eb76be74bb92117a32b186cfac
R16B-SOURCE-MEMBERSHIP:5d20c996592c8c1ea591a5150db9c1012b1b95e3f8af0c2bc86aaae94288359c	SURF-R13-001	ROUND13	docs/research/trace-v49-exploration-composition-review-round1/03_COMPOSITION_SCHOLARLY_SOURCE_REGISTRY.tsv	COMP-SRC-008	R16B-SOURCE:35910c1de3b938bb64faa7a79dd21ba54d5690820638bfe60ba024ad43742fd7	DOI	10.1016/j.jbusres.2023.113946	CROSS_ROUND_ALIAS	GRAM-SRC-027	Areti T. Vogel;Jacob Vogel;Kittichai Watchravesringkan;Sasikarn Chatvijit Cook;James Beasley;Randall Croom;Dale Peterson;Joshua Finkelstein	2023	Design Piracy: An Interdisciplinary Investigation into Competitive Industrial Behavior	Journal of Business Research 164	10.1016/j.jbusres.2023.113946	https://www.sciencedirect.com/science/article/pii/S0148296323003041	PENDING_RIGHTS_AND_ACCESS_REVIEW	BIBLIOGRAPHIC_IDENTITY_ONLY_NOT_ASSOCIATION_EVIDENCE	df89046936f3af77829a77306350636f2d21445314a569cb4658ce5a032987c9	e06ef404d64e7985e56d9a51f73d9e58b94f6f43400a8dcb96bb1fa34453f14b
R16B-SOURCE-MEMBERSHIP:05492fea2deda80cd45c25944565a112dd545b1647024196289812569a66cc5a	SURF-R13-001	ROUND13	docs/research/trace-v49-exploration-composition-review-round1/03_COMPOSITION_SCHOLARLY_SOURCE_REGISTRY.tsv	COMP-SRC-012	R16B-SOURCE:36f8bdee1ef2eca5af6cb410d72c1ddb70b1764095869c82d0a05096e5955f62	DOI	10.1093/oxartj/kcad007	CANONICAL_REPRESENTATIVE	COMP-SRC-012	Todd P. Olson	2023	Cultural Transfer and Its Discontents: Recent Scholarship on the Mobility of Early Modern Prints	Oxford Art Journal 46.1	10.1093/oxartj/kcad007	https://doi.org/10.1093/oxartj/kcad007	PENDING_RIGHTS_AND_ACCESS_REVIEW	BIBLIOGRAPHIC_IDENTITY_ONLY_NOT_ASSOCIATION_EVIDENCE	9bc2a6b15fb9786cc20482772c49661d661d0adb36b4353a0ee013703d2a0e46	f9f2a330b5d8ce656b84563c8fd911279224ece04c998625282b41bba3b841e3
R16B-SOURCE-MEMBERSHIP:d8dfb1f33a11bfbed3ebec67c64e757b4e3a29cfbf3977a6f110518ae8da9b27	SURF-R09-001	ROUND9	docs/research/trace-v49-design-history-relation-vocabulary-round1/03_SCHOLARLY_SOURCE_REGISTRY.tsv	SRC-0002	R16B-SOURCE:3a59bbd7d928188410254f0adcdbb21326cdaa8e8d91bf5e0f89a422245760c2	DOI	10.1093/jdh/epz045	CANONICAL_REPRESENTATIVE	SRC-0002	Jessica Kelly; Claire Jamieson	2020	Practice, Discourse and Experience: The Relationship Between Design History and Architectural History	Journal of Design History	10.1093/jdh/epz045	https://academic.oup.com/jdh/article/33/1/1/5678647	PENDING_RIGHTS_AND_ACCESS_REVIEW	BIBLIOGRAPHIC_IDENTITY_ONLY_NOT_ASSOCIATION_EVIDENCE	8e645a1e400c2cbc1855013fecc0dd19809f0622e0ba61b7ba42970951264a0f	38db50c608b9f08b85102efbc1150a20a2828c4747345d4b5d8d38df6ec252d7
R16B-SOURCE-MEMBERSHIP:6f0547a53477353c45730a0b533e102f13d7b3b0ddaafc7a5c509c4fe489e102	SURF-R09-001	ROUND9	docs/research/trace-v49-design-history-relation-vocabulary-round1/03_SCHOLARLY_SOURCE_REGISTRY.tsv	SRC-0026	R16B-SOURCE:4600bf60cf9ef6cc2155bf938b57226df10b57c94a4409f21682f76cf70ecb3f	DOI	10.1093/jdh/ept046	CANONICAL_REPRESENTATIVE	SRC-0026	Siv Ringdal; translator Kjetil Fallan	2014	110 Volts at Home: the American Lista	Journal of Design History	10.1093/jdh/ept046	https://academic.oup.com/jdh/article/27/1/79/474250	PENDING_RIGHTS_AND_ACCESS_REVIEW	BIBLIOGRAPHIC_IDENTITY_ONLY_NOT_ASSOCIATION_EVIDENCE	c520362eca365b194a5a611b5acd6ae83269252ebd1d6c21be4ee87969685a00	847355442201b537713e82a0a2da2edc24a36dedb788364a38e3f877702b0c91
R16B-SOURCE-MEMBERSHIP:0427c1b906f61ca324159139578bec9bccc7fd920ffa4c0f8316ad2137192f25	SURF-R10-001	ROUND10	docs/research/trace-v49-design-history-relation-grammar-round1/03_GRAMMAR_SCHOLARLY_SOURCE_REGISTRY.tsv	GRAM-SRC-005	R16B-SOURCE:48096af6b4c8298e0d0d1fc59e4a88db4513bb1d7467f511fefe737b05cfd717	DOI	10.1093/jpo/joab010	CANONICAL_REPRESENTATIVE	GRAM-SRC-005	Turid Moldenæs; Hilde Marie Pettersen	2021	The professional project of graphic designers and universities' visual identities	Journal of Professions and Organization	10.1093/jpo/joab010	https://academic.oup.com/jpo/article/8/2/184/6324046	PENDING_RIGHTS_AND_ACCESS_REVIEW	BIBLIOGRAPHIC_IDENTITY_ONLY_NOT_ASSOCIATION_EVIDENCE	9b542be7b1e7e5061ee0bdebc7e96789961d03816efa896892e7351c430f7b68	c3fbb3f3e1ed7f27953b7a4c3bf52a179b3272d05b7889f0847db17f87904137
R16B-SOURCE-MEMBERSHIP:e72b2914177761b2f3fb26003d136154075d1efe9390dc1860168a61fbab2d53	SURF-R13-001	ROUND13	docs/research/trace-v49-exploration-composition-review-round1/03_COMPOSITION_SCHOLARLY_SOURCE_REGISTRY.tsv	COMP-SRC-002	R16B-SOURCE:48096af6b4c8298e0d0d1fc59e4a88db4513bb1d7467f511fefe737b05cfd717	DOI	10.1093/jpo/joab010	CROSS_ROUND_ALIAS	GRAM-SRC-005	Turid Moldenæs;Hilde Marie Pettersen	2021	The Professional Project of Graphic Designers and Universities' Visual Identities	Journal of Professions and Organization 8.2	10.1093/jpo/joab010	https://munin.uit.no/handle/10037/22810	PENDING_RIGHTS_AND_ACCESS_REVIEW	BIBLIOGRAPHIC_IDENTITY_ONLY_NOT_ASSOCIATION_EVIDENCE	76fd0a749bfebca9e4fcad779e5c242c6d43c95a9c2e7698115eea65a103c096	1a932f497c918c677e5ddad552ecc2f21d3f0d215f5a42a4b27818cd60e540f1
R16B-SOURCE-MEMBERSHIP:4ec176fdab3dd5a200a1c1d9ab10126542c4948018e30dca80ba61f21c40509d	SURF-R13-001	ROUND13	docs/research/trace-v49-exploration-composition-review-round1/03_COMPOSITION_SCHOLARLY_SOURCE_REGISTRY.tsv	COMP-SRC-026	R16B-SOURCE:4e0ae75c3628da42b43e1a46726c645afb41bf622108ce4510784739ab28c997	DOI	10.1093/jdh/epac035	CANONICAL_REPRESENTATIVE	COMP-SRC-026	Daniele Burlando	2023	'Moroccan' Artek: Colonized Textiles within 1930s Modernist Interiors	Journal of Design History 36.1	10.1093/jdh/epac035	https://academic.oup.com/jdh/article/36/1/35/6691352	PENDING_RIGHTS_AND_ACCESS_REVIEW	BIBLIOGRAPHIC_IDENTITY_ONLY_NOT_ASSOCIATION_EVIDENCE	72a78e173b959a8526e24151ee46cb9385ee0d664ff1d485ec8301ce98d66c2d	eeef865f98d38b8765c1ae26f37ace8725ab9a3618e55a44b5e406075a253917
R16B-SOURCE-MEMBERSHIP:e22e7de3e9bc2b5ef7ec3f57f2ae5ed2e0d83e1b9ada200a7fc43d04639ce089	SURF-R09-001	ROUND9	docs/research/trace-v49-design-history-relation-vocabulary-round1/03_SCHOLARLY_SOURCE_REGISTRY.tsv	SRC-0006	R16B-SOURCE:4e0ae75c3628da42b43e1a46726c645afb41bf622108ce4510784739ab28c997	DOI	10.1093/jdh/epac035	CROSS_ROUND_ALIAS	COMP-SRC-026	Daniele Burlando	2023	'Moroccan' Artek: Colonized Textiles within 1930s Modernist Interiors	Journal of Design History	10.1093/jdh/epac035	https://academic.oup.com/jdh/article/36/1/35/6691352	PENDING_RIGHTS_AND_ACCESS_REVIEW	BIBLIOGRAPHIC_IDENTITY_ONLY_NOT_ASSOCIATION_EVIDENCE	7f1321a56e5f37cc3f9090171efc1f02d4950f251010ea946a1c444bca7859fa	8e6794a8aba3e188efe32d7a8113661bcd241ce8e7c069735e7c349f19f5fc7d
R16B-SOURCE-MEMBERSHIP:38fa86e8e1be2dd1595e229ff6643ff48978dc287a87708b73a656158d7c9489	SURF-R09-001	ROUND9	docs/research/trace-v49-design-history-relation-vocabulary-round1/03_SCHOLARLY_SOURCE_REGISTRY.tsv	SRC-0021	R16B-SOURCE:4f7e4a2df6dde72a8ac903bd0a15568b252ea157e3b1ab633091a9ab182e1488	DOI	10.1093/jdh/epaa058	CANONICAL_REPRESENTATIVE	SRC-0021	Paul Atkinson	2021	Born in the USA: The Cigar Box Guitar, Object Displacement and Performative DIY	Journal of Design History	10.1093/jdh/epaa058	https://academic.oup.com/jdh/article/34/3/260/6038974	PENDING_RIGHTS_AND_ACCESS_REVIEW	BIBLIOGRAPHIC_IDENTITY_ONLY_NOT_ASSOCIATION_EVIDENCE	2d666732be0191a0dd93e717a390ef17bec1d610dffab6d8397c778803348a48	57ae0605c4162766052d8676dbe154dd0a4dc5106233bff451cf061a0e7912b4
R16B-SOURCE-MEMBERSHIP:87350e35501aa87903f1b3947040748ffb725570525e72e63789755d67d5034e	SURF-R09-001	ROUND9	docs/research/trace-v49-design-history-relation-vocabulary-round1/03_SCHOLARLY_SOURCE_REGISTRY.tsv	SRC-0036	R16B-SOURCE:505090d90266ff232b4fc63c36533b75cff8cc2625ca86898817629403440f82	DOI	10.1515/9781785334467-016	CANONICAL_REPRESENTATIVE	SRC-0036	Patricia Lara-Betancourt	2016	The Quest for Modernity: A Global/National Approach to a History of Design in Latin America	Designing Worlds	10.1515/9781785334467-016	https://doi.org/10.1515/9781785334467-016	PENDING_RIGHTS_AND_ACCESS_REVIEW	BIBLIOGRAPHIC_IDENTITY_ONLY_NOT_ASSOCIATION_EVIDENCE	5c1de95228a0e81321d48865ee8eca83829c58677a16cf8c2691044d4d8c4223	d2a750fb5873228d04bf2c1b84407dea31126b28d172ab1acde531d88463e95d
R16B-SOURCE-MEMBERSHIP:4a08bfba21f466a37af3ed4098e6e154864d79b8b9c0e460b47cdfffff704105	SURF-R13-001	ROUND13	docs/research/trace-v49-exploration-composition-review-round1/03_COMPOSITION_SCHOLARLY_SOURCE_REGISTRY.tsv	COMP-SRC-029	R16B-SOURCE:515fe8763710342f982724acbe94d7b48d2dcc6672f6ee111d2390b8bd6af1db	DOI	10.1017/s0007680511000407	CANONICAL_REPRESENTATIVE	COMP-SRC-029	Véronique Pouillard	2011	Design Piracy in the Fashion Industries of Paris and New York	Business History Review 85.2	10.1017/S0007680511000407	https://www.cambridge.org/core/journals/business-history-review/article/abs/design-piracy-in-the-fashion-industries-of-paris-and-new-york-in-the-interwar-years/AB3FC3E1B56C0798123ABDF06BD62486	PENDING_RIGHTS_AND_ACCESS_REVIEW	BIBLIOGRAPHIC_IDENTITY_ONLY_NOT_ASSOCIATION_EVIDENCE	3b2094501734587c701e4d6fad2fa7f8b5b0fe085e2bffc9da3ce1e422b6aaf2	25fa82b6ac2ee7d7f3d913727a13f8378c2d0065032fc6a82db7519e5fc5cf72
R16B-SOURCE-MEMBERSHIP:679577f94f2c8a8fd7fa27607080f7480d7d9ee2c999ef62cdaf22cd391e9a39	SURF-R10-001	ROUND10	docs/research/trace-v49-design-history-relation-grammar-round1/03_GRAMMAR_SCHOLARLY_SOURCE_REGISTRY.tsv	GRAM-SRC-007	R16B-SOURCE:524a429d0381d267c1dfa8f193ac2e198b4e5b446435d16c0951a4eeffb7483b	DOI	10.1080/20419112.2025.2551445	CANONICAL_REPRESENTATIVE	GRAM-SRC-007	Grace Lees-Maffei	2025	Recent histories of the professionalization of interior design: from gatekeeping to inclusion	Interiors	10.1080/20419112.2025.2551445	https://www.tandfonline.com/doi/full/10.1080/20419112.2025.2551445	PENDING_RIGHTS_AND_ACCESS_REVIEW	BIBLIOGRAPHIC_IDENTITY_ONLY_NOT_ASSOCIATION_EVIDENCE	04d452f1b7ed3d37ddb47375e6c7ceb3f40d3c4123e91af7bf8c264d8caf9f72	b047ba0ced832b881cbc17813fe99a6549a3fa4d6ea78679accbf0bf1a987e93
R16B-SOURCE-MEMBERSHIP:ab9cd0a4be11a9a0c646dca763f83f4ddabffc2d09c15042240305f075e59c9e	SURF-R09-001	ROUND9	docs/research/trace-v49-design-history-relation-vocabulary-round1/03_SCHOLARLY_SOURCE_REGISTRY.tsv	SRC-0013	R16B-SOURCE:534ddd1ab4c72183b6146a69dff317fe530b56788e1efc3a0c0daf6587eb0c45	DOI	10.1093/jdh/epu035	CANONICAL_REPRESENTATIVE	SRC-0013	Yuko Kikuchi; Yunah Lee	2014	Transnational Modern Design Histories in East Asia: An Introduction	Journal of Design History	10.1093/jdh/epu035	https://doi.org/10.1093/jdh/epu035	PENDING_RIGHTS_AND_ACCESS_REVIEW	BIBLIOGRAPHIC_IDENTITY_ONLY_NOT_ASSOCIATION_EVIDENCE	2b7aab87c0915649b60d76fdaf113387b879b07ca349329a145aafa568244b1d	791195f9b6cd29102dfaad664e482a244c3607d24c810caf5a4d0c1a31b67b67
R16B-SOURCE-MEMBERSHIP:ca0901a9bb6e8b1ac923c1cd2835bf5c2c3416ea0039c08fd1bcef843f9941be	SURF-R09-001	ROUND9	docs/research/trace-v49-design-history-relation-vocabulary-round1/03_SCHOLARLY_SOURCE_REGISTRY.tsv	SRC-0011	R16B-SOURCE:564db5875c0a65ed3b45ac8629f4a895316e7ef4f60ac3cf10925b276d17c757	DOI	10.1093/jdh/epy038	CANONICAL_REPRESENTATIVE	SRC-0011	Dora Souza Dias	2019	International Design Organizations and the Study of Transnational Interactions: The Case of Icogradalatinoamérica80	Journal of Design History	10.1093/jdh/epy038	https://academic.oup.com/jdh/article-abstract/32/2/188/5115654	PENDING_RIGHTS_AND_ACCESS_REVIEW	BIBLIOGRAPHIC_IDENTITY_ONLY_NOT_ASSOCIATION_EVIDENCE	599615913de6d2ade548439326deaebd74998c410f171519bb758b1cf6362fba	cf926bf70c5d29467a26b2ec513080fd69d6c51ebc8bac236990b5bb36b3179b
R16B-SOURCE-MEMBERSHIP:0e45810a7dc87de3a2286fcc1c551aca06ffaee3341dc5ed88d990a772ef5f74	SURF-R13-001	ROUND13	docs/research/trace-v49-exploration-composition-review-round1/03_COMPOSITION_SCHOLARLY_SOURCE_REGISTRY.tsv	COMP-SRC-003	R16B-SOURCE:59ff541c0f8d45a00f7ca11ca246a54ac9771fdecb68ef88e152fe122cd7f794	DOI	10.1080/09613218.2013.843269	CROSS_ROUND_ALIAS	GRAM-SRC-025	Mike Bresnen	2013	Advancing a New Professionalism: Professionalization, Practice and Institutionalization	Building Research & Information 41.6	10.1080/09613218.2013.843269	https://doi.org/10.1080/09613218.2013.843269	PENDING_RIGHTS_AND_ACCESS_REVIEW	BIBLIOGRAPHIC_IDENTITY_ONLY_NOT_ASSOCIATION_EVIDENCE	5a2c79445cfa24fd47ab215c3e3cbefeb0768f2dba33e7947dc5fed6566c4e81	e0902dab4151b87cb17fc0553897ad20d3140849f0c0577782fefd415a89c209
R16B-SOURCE-MEMBERSHIP:b6781853770c2bf3cfb7789b40614ea9da9f9ef6f79c6b66fa6189340e3bc352	SURF-R10-001	ROUND10	docs/research/trace-v49-design-history-relation-grammar-round1/03_GRAMMAR_SCHOLARLY_SOURCE_REGISTRY.tsv	GRAM-SRC-025	R16B-SOURCE:59ff541c0f8d45a00f7ca11ca246a54ac9771fdecb68ef88e152fe122cd7f794	DOI	10.1080/09613218.2013.843269	CANONICAL_REPRESENTATIVE	GRAM-SRC-025	Mike Bresnen	2013	Advancing a new professionalism: professionalization, practice and institutionalization	Building Research & Information	10.1080/09613218.2013.843269	https://www.tandfonline.com/doi/full/10.1080/09613218.2013.843269	PENDING_RIGHTS_AND_ACCESS_REVIEW	BIBLIOGRAPHIC_IDENTITY_ONLY_NOT_ASSOCIATION_EVIDENCE	71fd609ff23bc61a030bda0387c20df370abfadacbd7cf1ddc14ba3ffd781b9d	6abb9262a4616cdee34734f58e8e7ec85022a73f01a084adf51a1cdcd35db367
R16B-SOURCE-MEMBERSHIP:e18c44b8f0f935723f6197be093cb4f8dd422c16dbaa1de25b0aa40216be7007	SURF-R13-001	ROUND13	docs/research/trace-v49-exploration-composition-review-round1/03_COMPOSITION_SCHOLARLY_SOURCE_REGISTRY.tsv	COMP-SRC-028	R16B-SOURCE:5a680dc00a51b3ae166566cf49291864e94b7e216aff5d25d35546ef6e2b774a	DOI	10.1093/ips/oly005	CANONICAL_REPRESENTATIVE	COMP-SRC-028	Karen Tucker	2018	Unraveling Coloniality in International Relations: Knowledge, Relationality, and Strategies for Engagement	International Political Sociology 12.3	10.1093/ips/oly005	https://academic.oup.com/ips/article/12/3/215/5025555	PENDING_RIGHTS_AND_ACCESS_REVIEW	BIBLIOGRAPHIC_IDENTITY_ONLY_NOT_ASSOCIATION_EVIDENCE	da00cb1a75f694ca52ea339fd74fd0ce0fec0a2a5be3e6fcb6d368b9655cf43b	d002882154ccd21fdf83f5ba179adf57c93734b2c221ebc849e13f11d5cd478f
R16B-SOURCE-MEMBERSHIP:65b707000f44aa8be3f4a8a016d17addb29ca374819245891220ef23b50626fa	SURF-R09-001	ROUND9	docs/research/trace-v49-design-history-relation-vocabulary-round1/03_SCHOLARLY_SOURCE_REGISTRY.tsv	SRC-0043	R16B-SOURCE:5ac08a34ab733e7c78c904b217a1b2306b112b0d0feec342d5bd45886b15e2b4	DOI	10.3390/arts13020052	CANONICAL_REPRESENTATIVE	SRC-0043	Laura J. Allen	2024	Local Fabric: Mid-Century Modernisms, Textile and Fashion Design, and the Northwest Coast, 1940-1967	Arts	10.3390/arts13020052	https://doi.org/10.3390/arts13020052	PENDING_RIGHTS_AND_ACCESS_REVIEW	BIBLIOGRAPHIC_IDENTITY_ONLY_NOT_ASSOCIATION_EVIDENCE	bc07d32a127c50052c7159229331b74b9c00663dcab7df6cde60fdb75e609136	24cf904f9f8e3d7425cc55552d95443f391e4975003f8bb524b860bef4b74fc3
R16B-SOURCE-MEMBERSHIP:ee877f7af944cc76bcf381d0d5b44ecc47ff5336882cacc0cc5df0f83aabbd75	SURF-R10-001	ROUND10	docs/research/trace-v49-design-history-relation-grammar-round1/03_GRAMMAR_SCHOLARLY_SOURCE_REGISTRY.tsv	GRAM-SRC-002	R16B-SOURCE:5be20c9eaf34054d52e8786893381c5e256f88580450a85a22abe0f1b3a816ad	DOI	10.14746/aq.2021.32.1	CANONICAL_REPRESENTATIVE	GRAM-SRC-002	Piotr Korduba	2021	Między monografią a koneserstwem. Badania nad polskim dizajnem XX i początków XXI wieku	Artium Quaestiones	10.14746/aq.2021.32.1	https://pressto.amu.edu.pl/index.php/aq/article/view/32548	PENDING_RIGHTS_AND_ACCESS_REVIEW	BIBLIOGRAPHIC_IDENTITY_ONLY_NOT_ASSOCIATION_EVIDENCE	85f730dc652d1d3ab88f222a9f8c84270bd13f915303dd438143ceeab33774e7	79e4d71a2301efd3a0ed2f562af4e0daa386742e4e5ce67f21f903e41f404fa5
R16B-SOURCE-MEMBERSHIP:70ffd2f5880d9959ff5aef70115f66e7343985d1b280e1fb2a1cea0515719b14	SURF-R10-001	ROUND10	docs/research/trace-v49-design-history-relation-grammar-round1/03_GRAMMAR_SCHOLARLY_SOURCE_REGISTRY.tsv	GRAM-SRC-011	R16B-SOURCE:5d193c4d3a98f82da91159c05a3fefc51ea0a1d90ded438d86d4dfd59899336b	DOI	10.1017/cbo9780511497193.002	CANONICAL_REPRESENTATIVE	GRAM-SRC-011	Peter Burke	2007	Cultures of translation in early modern Europe	Cultural Translation in Early Modern Europe	10.1017/CBO9780511497193.002	https://www.cambridge.org/core/books/abs/cultural-translation-in-early-modern-europe/cultures-of-translation-in-early-modern-europe/B9342283A22BFD6B066CEAB695DB572A	PENDING_RIGHTS_AND_ACCESS_REVIEW	BIBLIOGRAPHIC_IDENTITY_ONLY_NOT_ASSOCIATION_EVIDENCE	db4b0cbfcf3826228fa2227701561fc6fbd65633e7620bb10785b6911949c38a	3fda3ca4da106feb46d86650a92f856a0a4edc6f4a13f2f7eac4297c25a49ae1
R16B-SOURCE-MEMBERSHIP:caa241bfdffc1859f431f0d86405666948a7f113ad2901481c72a968f855382b	SURF-R10-001	ROUND10	docs/research/trace-v49-design-history-relation-grammar-round1/03_GRAMMAR_SCHOLARLY_SOURCE_REGISTRY.tsv	GRAM-SRC-018	R16B-SOURCE:605d28eeb3342629852452981730f1e808f68c4accb887475b5e824ede6ac9e0	ISBN	9780521682206	CANONICAL_REPRESENTATIVE	GRAM-SRC-018	Stephen Greenblatt; Ines G. Županov; Reinhard Meyer-Kalkus; Heike Paul; Pál Nyíri; Friederike Pannewick	2009	Cultural Mobility: A Manifesto	Cultural Mobility: A Manifesto	9780521682206	https://stephengreenblatt.scholars.harvard.edu/cultural-mobility-manifesto	PENDING_RIGHTS_AND_ACCESS_REVIEW	BIBLIOGRAPHIC_IDENTITY_ONLY_NOT_ASSOCIATION_EVIDENCE	2f8652b2153c21baa618fc7b6fb52189abbb2825e8001d185c467497e7d65bbf	c7d2659a473cb6493e12d41df85b28bd8eb07c4f50025fe1fce2018e7cc56417
R16B-SOURCE-MEMBERSHIP:e91b672fcb837b16a62fd26b94cfe067d5ef2901846051d1315fcd84a91d1430	SURF-R13-001	ROUND13	docs/research/trace-v49-exploration-composition-review-round1/03_COMPOSITION_SCHOLARLY_SOURCE_REGISTRY.tsv	COMP-SRC-024	R16B-SOURCE:62514ad085065f6b5933004d7bc07276154dbd30b43b434f5393adcd6615f194	DOI	10.1017/s0960777322000029	CANONICAL_REPRESENTATIVE	COMP-SRC-024	Katarzyna Jeżowska	2024	Socialist, Humanist and Well-Designed: The Polish Welfare State at the International Labour Exhibition in Turin, 1961	Contemporary European History 33.1	10.1017/S0960777322000029	https://www.cambridge.org/core/journals/contemporary-european-history/article/socialist-humanist-and-welldesigned-the-polish-welfare-state-at-the-international-labour-exhibition-in-turin-1961/94D125A40C5B3B013872B9A949430909	PENDING_RIGHTS_AND_ACCESS_REVIEW	BIBLIOGRAPHIC_IDENTITY_ONLY_NOT_ASSOCIATION_EVIDENCE	fe8b64d8d8ae9c8b65e388605d665866b748bd21ecc7ecc428a9d9c7f44cbf69	99e3d3d810a768ce87456121bc1dcdbde1974e6543d4ea9d15785591a780fb96
R16B-SOURCE-MEMBERSHIP:1775add8f0a7e1cb917a1f18cca34e925f5ec4c5b8987de74f3449e257834d01	SURF-R09-001	ROUND9	docs/research/trace-v49-design-history-relation-vocabulary-round1/03_SCHOLARLY_SOURCE_REGISTRY.tsv	SRC-0033	R16B-SOURCE:6766f325425788f10d060fec02ef73240660d33afe467dc5be3d12ab3216c5ee	DOI	10.1093/jdh/epz056	CANONICAL_REPRESENTATIVE	SRC-0033	Malene Breunig; Shona Kallestrup	2020	Translating Hygge: a Danish Design Myth and its Anglophone Appropriation	Journal of Design History	10.1093/jdh/epz056	https://doi.org/10.1093/jdh/epz056	PENDING_RIGHTS_AND_ACCESS_REVIEW	BIBLIOGRAPHIC_IDENTITY_ONLY_NOT_ASSOCIATION_EVIDENCE	bf3f3d45cf082c3146cf0351ab47f579be70fe28603e4e7bd72a018550395c28	e37b503fcfba8596a3b484d1585500eaaac2734b6c10f00dc90ed5343572efa7
R16B-SOURCE-MEMBERSHIP:4c2f36d4dee9560cf344f277e4096770019a4bddc4badd4b7cfa66ec08c79966	SURF-R13-001	ROUND13	docs/research/trace-v49-exploration-composition-review-round1/03_COMPOSITION_SCHOLARLY_SOURCE_REGISTRY.tsv	COMP-SRC-027	R16B-SOURCE:6f88b0c2a4bda8ea096c4184bc82cb55f23dbe257dc8c164b47fbdebbe079f32	DOI	10.1080/13602365.2023.2238284	CANONICAL_REPRESENTATIVE	COMP-SRC-027	Emilio Distretti	2023	The Coloniality of Italian Fascist Architecture	The Journal of Architecture 28.4	10.1080/13602365.2023.2238284	https://doi.org/10.1080/13602365.2023.2238284	PENDING_RIGHTS_AND_ACCESS_REVIEW	BIBLIOGRAPHIC_IDENTITY_ONLY_NOT_ASSOCIATION_EVIDENCE	dd77641140a5678bb134f14648b49e8501e5ca9c9f83e940e6da9e29ad49b453	8e066663412df3be7d9b38329e477a5cd45e28ab292d7565aa2dd3ad6e21a3ad
R16B-SOURCE-MEMBERSHIP:76c08b8cf345d1827154f9a10dc7362e428ebd129573d33353f31450a37b2a48	SURF-R09-001	ROUND9	docs/research/trace-v49-design-history-relation-vocabulary-round1/03_SCHOLARLY_SOURCE_REGISTRY.tsv	SRC-0025	R16B-SOURCE:76638f628458fbb80972fada891a2c2b05b3adb4c1bc85b78355e6c0c3a85b78	DOI	10.1093/jdh/ept047	CANONICAL_REPRESENTATIVE	SRC-0025	Kjetil Fallan	2014	Introduction to '110 Volts at Home: The American Lista' by Siv Ringdal	Journal of Design History	10.1093/jdh/ept047	https://doi.org/10.1093/jdh/ept047	PENDING_RIGHTS_AND_ACCESS_REVIEW	BIBLIOGRAPHIC_IDENTITY_ONLY_NOT_ASSOCIATION_EVIDENCE	86d8ca1c6398f96f34f1e56d2f3db1b542a0e83904af0b6efee20832aa1cd4e5	848f62e9f5023156838058cba3b57f661c74172d416a8663ce2de7f46c56a4f9
R16B-SOURCE-MEMBERSHIP:f1056517de8ca77ecbb1dbe68f9f63ed69f96d746dbaf3fb659fc39e170a686c	SURF-R09-001	ROUND9	docs/research/trace-v49-design-history-relation-vocabulary-round1/03_SCHOLARLY_SOURCE_REGISTRY.tsv	SRC-0044	R16B-SOURCE:793f97084bb65ecf84629574db1d229732605ce26c2f6ab9a8728bf6cd5e6d92	DOI	10.1080/17547075.2017.1331686	CANONICAL_REPRESENTATIVE	SRC-0044	Harriet Atkinson; Verity Clarkson	2017	Editors' Introduction	Design and Culture	10.1080/17547075.2017.1331686	https://doi.org/10.1080/17547075.2017.1331686	PENDING_RIGHTS_AND_ACCESS_REVIEW	BIBLIOGRAPHIC_IDENTITY_ONLY_NOT_ASSOCIATION_EVIDENCE	216f7e8669f3bb61ac9bd2bf88712be73247302d5147ad6a6ac6402164e0690b	8eb5fefdb5b8c35d3fea0ccc25ed07e17bfc3539bbbaa3b025d6556ecfb7aad6
R16B-SOURCE-MEMBERSHIP:0888414d67683b7bf6597d3849dd42b082712c28f7f0dbe17adccef6855fb5a1	SURF-R13-001	ROUND13	docs/research/trace-v49-exploration-composition-review-round1/03_COMPOSITION_SCHOLARLY_SOURCE_REGISTRY.tsv	COMP-SRC-004	R16B-SOURCE:7fa7cd47f98c1230ea844b10bea38c2b8c230323adbcea7205dd913ab462eaac	DOI	10.1093/jdh/epx007	CANONICAL_REPRESENTATIVE	COMP-SRC-004	Livia Rezende	2017	Manufacturing the Raw in Design Pageantries: the Commodification and Gendering of Brazilian Tropical Nature	Journal of Design History 30.2	10.1093/jdh/epx007	https://researchonline.rca.ac.uk/2773/	PENDING_RIGHTS_AND_ACCESS_REVIEW	BIBLIOGRAPHIC_IDENTITY_ONLY_NOT_ASSOCIATION_EVIDENCE	344a578abf266cdb4100a146e11cba35c026f75b959b0f4ec686baf47f572eab	3dad8dc71e898545c079dad9f3b9fbf9fac33be7bebf8e86a6a9742146be64de
R16B-SOURCE-MEMBERSHIP:ba034cc5b776656d390508ef51015193c2296cbef597ae26322e4a513d133607	SURF-R09-001	ROUND9	docs/research/trace-v49-design-history-relation-vocabulary-round1/03_SCHOLARLY_SOURCE_REGISTRY.tsv	SRC-0017	R16B-SOURCE:7fa7cd47f98c1230ea844b10bea38c2b8c230323adbcea7205dd913ab462eaac	DOI	10.1093/jdh/epx007	CROSS_ROUND_ALIAS	COMP-SRC-004	Livia Rezende	2017	Manufacturing the Raw in Design Pageantries: the Commodification and Gendering of Brazilian Tropical Nature at the 1867 Exposition Universelle	Journal of Design History	10.1093/jdh/epx007	https://academic.oup.com/jdh/article-abstract/30/2/122/3076978	PENDING_RIGHTS_AND_ACCESS_REVIEW	BIBLIOGRAPHIC_IDENTITY_ONLY_NOT_ASSOCIATION_EVIDENCE	acb33168b61d3dfd8639a00bd5c67877aca0246f5b58766318802c1df9f8bea8	81b763eff99f0a39c9bdcadcc867b84c99c4b0b5b653c3931e74dce954c56bc9
R16B-SOURCE-MEMBERSHIP:0187d710e666f8381df0f8a219ae1b7880b1614b7917ad179725826460069954	SURF-R13-001	ROUND13	docs/research/trace-v49-exploration-composition-review-round1/03_COMPOSITION_SCHOLARLY_SOURCE_REGISTRY.tsv	COMP-SRC-011	R16B-SOURCE:81f58d97133c9c3e2c6ef5af577705c458ad33661296d2daaa37d47c2d4b72f3	DOI	10.1093/jdh/epq038	CANONICAL_REPRESENTATIVE	COMP-SRC-011	Gay McDonald	2010	The Modern American Home as Soft Power: Finland, MoMA and the 'American Home 1953' Exhibition	Journal of Design History 23.4	10.1093/jdh/epq038	https://academic.oup.com/jdh/article/23/4/387/426251	PENDING_RIGHTS_AND_ACCESS_REVIEW	BIBLIOGRAPHIC_IDENTITY_ONLY_NOT_ASSOCIATION_EVIDENCE	88b0b81fc7d2635d922e3626efdeecb4867898a85bf39da49cc70af9e6f50db3	16b572874a23ce723e06b19bb68841a2aa782846d17b6f0c3064e7d0f7b0922b
R16B-SOURCE-MEMBERSHIP:963157dff5051ecc87a70b4b21ca6ebc2e7e3b0906b9432e4f5d1f862487e84e	SURF-R09-001	ROUND9	docs/research/trace-v49-design-history-relation-vocabulary-round1/03_SCHOLARLY_SOURCE_REGISTRY.tsv	SRC-0028	R16B-SOURCE:863ee3bb3bca5cd3103e6dbbbfc6d4ecd662b8820bdbfd54d5c364f192990dc5	STABLE_URL	rusneb.ru/catalog/002178_000020_BGUNB-BEL%7C%7C%7CBIBL%7C%7C%7C0000236489	CANONICAL_REPRESENTATIVE	SRC-0028	Karl M. Kantor	1967	Красота и польза: социологические вопросы материально-художественной культуры	Beauty and Utility: Sociological Questions of Material-Artistic Culture	NO_ISBN_RECORDED	https://rusneb.ru/catalog/002178_000020_BGUNB-BEL%7C%7C%7CBIBL%7C%7C%7C0000236489/	PENDING_RIGHTS_AND_ACCESS_REVIEW	BIBLIOGRAPHIC_IDENTITY_ONLY_NOT_ASSOCIATION_EVIDENCE	17bbb6d461a908f0eda074307a4b2730745a43e8c1408fac75b12dd251639ed2	aec51493c50d3cb49de0d4a345e412eb9c2cee2b1b196307b55a5e7b4df158d1
R16B-SOURCE-MEMBERSHIP:af0fee194e7e3aefd019d3340b4d517baa257678dbd5021e0a36c6ced9105e44	SURF-R09-001	ROUND9	docs/research/trace-v49-design-history-relation-vocabulary-round1/03_SCHOLARLY_SOURCE_REGISTRY.tsv	SRC-0037	R16B-SOURCE:86eeb10fbb1caddcf8fbd3595fd781148cdf15f0555941ba9a9a03b39c00218d	DOI	10.1093/jdh/epw049	CANONICAL_REPRESENTATIVE	SRC-0037	Anders V. Munch	2017	On the Outskirts: the Geography of Design and the Self-exoticization of Danish Design	Journal of Design History	10.1093/jdh/epw049	https://doi.org/10.1093/jdh/epw049	PENDING_RIGHTS_AND_ACCESS_REVIEW	BIBLIOGRAPHIC_IDENTITY_ONLY_NOT_ASSOCIATION_EVIDENCE	e1693747f96df5c2b49b28861bd2cd915a851b020b27a8fbfd4df051705c44fd	f06a3d1b12ab18dcd7f759c7d43ff5baa4bcfc9e72f75e63e6601c1f83516dc6
R16B-SOURCE-MEMBERSHIP:e308e41500c5a1b437234006cdb3d973cc3b70b9e1d4f8ec3a024c5eb73b1e78	SURF-R09-001	ROUND9	docs/research/trace-v49-design-history-relation-vocabulary-round1/03_SCHOLARLY_SOURCE_REGISTRY.tsv	SRC-0012	R16B-SOURCE:8a4473c57d1fb1e45ac775173de154521bbc0a058267792e2c4bf05b948016ec	DOI	10.1093/jdh/epy040	CANONICAL_REPRESENTATIVE	SRC-0012	Tania Messell	2019	Globalization and Design Institutionalization: ICSID's XIth Congress and the Formation of ALADI, 1979	Journal of Design History	10.1093/jdh/epy040	https://academic.oup.com/jdh/issue/32/1	PENDING_RIGHTS_AND_ACCESS_REVIEW	BIBLIOGRAPHIC_IDENTITY_ONLY_NOT_ASSOCIATION_EVIDENCE	fb5f2ad7f0b770dd01594807c629fbd2fafa73d57a0862279c3a91a7422e5438	a84d5af9c62cc18936e215dac3d9e2c7dd18fc064368536c4546fe63dd881918
R16B-SOURCE-MEMBERSHIP:f90596a1280fad94fb18258aad48d7cb7a37f636384e983c5d0816b482379468	SURF-R09-001	ROUND9	docs/research/trace-v49-design-history-relation-vocabulary-round1/03_SCHOLARLY_SOURCE_REGISTRY.tsv	SRC-0034	R16B-SOURCE:8bdd1e4fb535f6642815a51e57658446af31b196c6a54ff81e394eec71db8e53	DOI	10.1093/jdh/ept029	CANONICAL_REPRESENTATIVE	SRC-0034	Chen-Yu Chiu; Peter Myers; Philip Goad	2014	Chinese Colours and the Sydney Opera House (1956-1966)	Journal of Design History	10.1093/jdh/ept029	https://doi.org/10.1093/jdh/ept029	PENDING_RIGHTS_AND_ACCESS_REVIEW	BIBLIOGRAPHIC_IDENTITY_ONLY_NOT_ASSOCIATION_EVIDENCE	6ddbeef9e10ca0498e6d1ef56ddfc4fb7eaea23e2f0a84dc038268812cc29556	758a57080e598671dd4e1a54e09bd5ed8d9448c6445fecb97beb1f73dde29490
R16B-SOURCE-MEMBERSHIP:81c79ac3098c888f27062d11563252a7091c32c8905044d11d3cad4a7ffeb513	SURF-R13-001	ROUND13	docs/research/trace-v49-exploration-composition-review-round1/03_COMPOSITION_SCHOLARLY_SOURCE_REGISTRY.tsv	COMP-SRC-015	R16B-SOURCE:8ee17e9189170cf579911843496ee00458ef6bed6eab2372d277746f34487961	DOI	10.5209/mira.63100	CANONICAL_REPRESENTATIVE	COMP-SRC-015	Ana Trujillo Dennis	2019	Ehon Don Kihōte de Serizawa Keisuke: Don Quijote como puente entre culturas	Mirai. Estudios Japoneses 3	10.5209/mira.63100	https://doi.org/10.5209/mira.63100	PENDING_RIGHTS_AND_ACCESS_REVIEW	BIBLIOGRAPHIC_IDENTITY_ONLY_NOT_ASSOCIATION_EVIDENCE	3954025334640352804e52593f590702c84d6b21de493a2dee8026354ede2670	73ea445348712aa5719b1c75ba6257f8537fac9e119dd76f48187485a7b66859
R16B-SOURCE-MEMBERSHIP:989512b77aa4aa2562d5b807b19d05c6c4765936d48009da93ec7f51c654a968	SURF-R09-001	ROUND9	docs/research/trace-v49-design-history-relation-vocabulary-round1/03_SCHOLARLY_SOURCE_REGISTRY.tsv	SRC-0020	R16B-SOURCE:8f6aac6924c464305c937b9c21696ea514e0881b016a6e6f589ccda260faf093	DOI	10.1093/jdh/epab027	CROSS_ROUND_ALIAS	COMP-SRC-019	Sarah A. Lichtman; Jilly Traganou	2021	Introduction to Material Displacements	Journal of Design History	10.1093/jdh/epab027	https://academic.oup.com/jdh/article/34/3/195/6344820	PENDING_RIGHTS_AND_ACCESS_REVIEW	BIBLIOGRAPHIC_IDENTITY_ONLY_NOT_ASSOCIATION_EVIDENCE	b349a517fe7e0cb5eed6c3e100f3f7f9ec1397f5845407f8d2a9fd4778028814	1f1a027902a8ac524c77cac027d57b548b4de34f79a380ff7c1a9b4d7be2ce0a
R16B-SOURCE-MEMBERSHIP:eaf6fc3394bc7e6ad172ff2b2aa3b118db8134e1f2b65a13fb02236e6a6502a1	SURF-R13-001	ROUND13	docs/research/trace-v49-exploration-composition-review-round1/03_COMPOSITION_SCHOLARLY_SOURCE_REGISTRY.tsv	COMP-SRC-019	R16B-SOURCE:8f6aac6924c464305c937b9c21696ea514e0881b016a6e6f589ccda260faf093	DOI	10.1093/jdh/epab027	CANONICAL_REPRESENTATIVE	COMP-SRC-019	Sarah A. Lichtman;Jilly Traganou	2021	Introduction to Material Displacements	Journal of Design History 34.3	10.1093/jdh/epab027	https://academic.oup.com/jdh/issue/34/3	PENDING_RIGHTS_AND_ACCESS_REVIEW	BIBLIOGRAPHIC_IDENTITY_ONLY_NOT_ASSOCIATION_EVIDENCE	92bf2987b9552aa73f575ec3c6b43fec00870de106c5efb318b428a2a5f84f1b	1d97b7e5a50d4b7fe13aff82875653e08da7cdba33e9c3969950e2ff52b5b3e4
R16B-SOURCE-MEMBERSHIP:2ad840570ecd196f5c46088c960b8ead63c6aebc9d1860b274431f841116f0aa	SURF-R10-001	ROUND10	docs/research/trace-v49-design-history-relation-grammar-round1/03_GRAMMAR_SCHOLARLY_SOURCE_REGISTRY.tsv	GRAM-SRC-013	R16B-SOURCE:90f4f59bbc7d8a6b72f76150e7fba4a6a5a7ad59237f41d77486af75c8a40d6f	DOI	10.1080/01973762.2014.936101	CANONICAL_REPRESENTATIVE	GRAM-SRC-013	Estelle Blaschke	2014	Making History a Slightly Profitable Thing: The Bettmann Archive and the Commodification of Images	Visual Resources	10.1080/01973762.2014.936101	https://www.tandfonline.com/doi/abs/10.1080/01973762.2014.936101	PENDING_RIGHTS_AND_ACCESS_REVIEW	BIBLIOGRAPHIC_IDENTITY_ONLY_NOT_ASSOCIATION_EVIDENCE	6b83c48fa28b5fd5e171c76de496ee663e62697653d3d065072a6293b1f6541c	f3d512c0f3cb25758d9d3589898533230c5fcc6af1dc497de10acca0a515596d
R16B-SOURCE-MEMBERSHIP:176baa040911e2f1f7bf68635f335ce8808fb73287ffe9b7236c877927e434a3	SURF-R10-001	ROUND10	docs/research/trace-v49-design-history-relation-grammar-round1/03_GRAMMAR_SCHOLARLY_SOURCE_REGISTRY.tsv	GRAM-SRC-010	R16B-SOURCE:953906e05b565185e5432dacb3a361e3203904c1cf9b0393715daa0d59eca6e4	DOI	10.1080/14781700902937730	CANONICAL_REPRESENTATIVE	GRAM-SRC-010	Boris Buden; Stefan Nowotny; Sherry Simon; Ashok Bery; Michael Cronin	2009	Cultural translation: An introduction to the problem, and Responses	Translation Studies	10.1080/14781700902937730	https://www.tandfonline.com/doi/full/10.1080/14781700902937730	PENDING_RIGHTS_AND_ACCESS_REVIEW	BIBLIOGRAPHIC_IDENTITY_ONLY_NOT_ASSOCIATION_EVIDENCE	4c72febcc6a17ecdb2d5e0ac1b0e7ae419e9f0ab77f4acfaef48251adeb494b2	05a03549962943bc031d6164c59c666fb92ed1d19a59e6d73507baf6d96b5f36
R16B-SOURCE-MEMBERSHIP:2b7141128b7520040be26df6a596de91a2001e0c9f31f082ca1e29c96a68f424	SURF-R09-001	ROUND9	docs/research/trace-v49-design-history-relation-vocabulary-round1/03_SCHOLARLY_SOURCE_REGISTRY.tsv	SRC-0045	R16B-SOURCE:95b17b085b52169a9d4ec05c928873ea68862bbbbdf03db4eaece174478f4808	DOI	10.1080/17547075.2017.1321370	CANONICAL_REPRESENTATIVE	SRC-0045	Jonathan M. Woodham; Michael Thomson	2017	Cultural Diplomacy and Design in the Late Twentieth and Twenty-First Centuries	Design and Culture	10.1080/17547075.2017.1321370	https://doi.org/10.1080/17547075.2017.1321370	PENDING_RIGHTS_AND_ACCESS_REVIEW	BIBLIOGRAPHIC_IDENTITY_ONLY_NOT_ASSOCIATION_EVIDENCE	d360be4ad4b8190ee640bb5a0f2c6bb174a860c6d543bf7deea0929e55b077e6	6a8ae068a095fcbe2d62fb776e40b93f168a36833eb5deaa6134d74093cfaf94
R16B-SOURCE-MEMBERSHIP:d8a721732824c53740661de760d4d1430269a557afd97b3842fa614039be9f45	SURF-R09-001	ROUND9	docs/research/trace-v49-design-history-relation-vocabulary-round1/03_SCHOLARLY_SOURCE_REGISTRY.tsv	SRC-0008	R16B-SOURCE:96142d00fe9edfb319c8c1d9f84814e7f202e808e806da46b05d27e9810a4783	DOI	10.1179/0305803413z.00000000033	CANONICAL_REPRESENTATIVE	SRC-0008	Samuel Merrill	2013	The London Underground Diagram: Between Palimpsest and Canon	The London Journal	10.1179/0305803413Z.00000000033	https://doi.org/10.1179/0305803413Z.00000000033	PENDING_RIGHTS_AND_ACCESS_REVIEW	BIBLIOGRAPHIC_IDENTITY_ONLY_NOT_ASSOCIATION_EVIDENCE	a6cdc5708f8153344866b19a7a28498333fd58832172a45a1c898a8149c148e8	df956797a73fdbbaf83a625a1ee114fd9b3970323cb2ff8c0112b79619d92eda
R16B-SOURCE-MEMBERSHIP:a019b3e9a0ee10ea6eca0864cc2360e9e84a52f6f9c4bbef7faff05013a7c847	SURF-R09-001	ROUND9	docs/research/trace-v49-design-history-relation-vocabulary-round1/03_SCHOLARLY_SOURCE_REGISTRY.tsv	SRC-0010	R16B-SOURCE:979d302c5e19d41640de80729f01a305910f63a90b63c30c2a013ad14779dc59	DOI	10.1002/9781119112297.ch19	CANONICAL_REPRESENTATIVE	SRC-0010	Mark Taylor; Natalie Haskell	2019	The Professionalization of Interior Design	A Companion to Contemporary Design since 1945	10.1002/9781119112297.ch19	https://doi.org/10.1002/9781119112297.ch19	PENDING_RIGHTS_AND_ACCESS_REVIEW	BIBLIOGRAPHIC_IDENTITY_ONLY_NOT_ASSOCIATION_EVIDENCE	dda75d282ed5a266bc777a5eaf0ecfe0d09d5212a70c6a1c2f90423386bf86cb	453311ae74e43f600363333f4247a9823d1328617bb5791ada2ec3cac841b88a
R16B-SOURCE-MEMBERSHIP:4bf06f9fbf62f0c766142fff30e84c31dcc4ddeba23e6f1c8f13f28c55b66a61	SURF-R13-001	ROUND13	docs/research/trace-v49-exploration-composition-review-round1/03_COMPOSITION_SCHOLARLY_SOURCE_REGISTRY.tsv	COMP-SRC-016	R16B-SOURCE:9aab755ae3440446d2c0407e39d2b2d78ff078e3b390e9ffe7a673bfd55e0f56	DOI	10.1016/j.destud.2011.03.001	CANONICAL_REPRESENTATIVE	COMP-SRC-016	Dirk Snelders;Kaj P. N. Morel;Pieter Havermans	2011	The Cultural Adaptation of Web Design to Local Industry Styles: A Comparative Study	Design Studies 32.5	10.1016/j.destud.2011.03.001	https://www.sciencedirect.com/science/article/abs/pii/S0142694X11000251	PENDING_RIGHTS_AND_ACCESS_REVIEW	BIBLIOGRAPHIC_IDENTITY_ONLY_NOT_ASSOCIATION_EVIDENCE	f498d1b89cbeaf35c6354c331bd1df1692d461e5c7e8c019a773ccf22fd9a3e2	4c65cc12f04113d6a7c60d93bcb7c73d42de29567d7bab29bc2454cbdd18322a
R16B-SOURCE-MEMBERSHIP:764f7d54106dfeb6104ea66d407fa5d0237c8e0c4804fcde0b670e28f844d3eb	SURF-R10-001	ROUND10	docs/research/trace-v49-design-history-relation-grammar-round1/03_GRAMMAR_SCHOLARLY_SOURCE_REGISTRY.tsv	GRAM-SRC-012	R16B-SOURCE:9f1927990a30139c0eb3ccbc56f87e5c0bf143648cc00b7dab091dc8370c218c	DOI	10.1017/dsj.2025.10031	CANONICAL_REPRESENTATIVE	GRAM-SRC-012	Ze-Rui Xiang; Miao Li; Yong-Meng Wu; Xiao-Fei Xu; Fan Zhang; Xiao Zhao	2025	Cultural Product Design: An Approach for Identifying Cultural Carriers, Transforming Cultural Elements and Applying Cultural Features	Design Science	10.1017/dsj.2025.10031	https://www.cambridge.org/core/journals/design-science/article/cultural-product-design-an-approach-for-identifying-cultural-carriers-transforming-cultural-elements-and-applying-cultural-features/1F0FD01E3314DE8D3B173257AA422726	PENDING_RIGHTS_AND_ACCESS_REVIEW	BIBLIOGRAPHIC_IDENTITY_ONLY_NOT_ASSOCIATION_EVIDENCE	4e6743accb4cac4eaa92d843d48186d19c372dddb3da0cb97bc729259e104861	85b4798fd2e9254ec218a5b66e7fd8f1dcbc56adb8cd43a23cd2d1a925d94812
R16B-SOURCE-MEMBERSHIP:1bf31ce94924c4fe65c2ee51549eb4dede72a67c1ba5d955134897f1325b31a1	SURF-R09-001	ROUND9	docs/research/trace-v49-design-history-relation-vocabulary-round1/03_SCHOLARLY_SOURCE_REGISTRY.tsv	SRC-0049	R16B-SOURCE:a31de9425194c3e2e5988f3fc941042b4a975c027ee92a5617be8e2c38ea752e	DOI	10.1093/jdh/6.2.71	CANONICAL_REPRESENTATIVE	SRC-0049	Alastair Durie	1993	Imitation in Scottish Eighteenth-Century Textiles: The Drive to Establish the Manufacture of Osnaburg Linen	Journal of Design History	10.1093/jdh/6.2.71	https://academic.oup.com/jdh/article-pdf/6/2/71/7285877/6-2-71.pdf	PENDING_RIGHTS_AND_ACCESS_REVIEW	BIBLIOGRAPHIC_IDENTITY_ONLY_NOT_ASSOCIATION_EVIDENCE	49d7d573ebb108c9234375ba6a0d99ef66836ec6679a711e3a0f5a41bbc58626	efa453e5afb6921ba3ca632daf1c99c009500375755da2b7c5c0b7c7aa3745f1
R16B-SOURCE-MEMBERSHIP:9280b3553e6f3f744d5047cd9b9ac8aabc496b05a05dde975f8270c11ace9546	SURF-R09-001	ROUND9	docs/research/trace-v49-design-history-relation-vocabulary-round1/03_SCHOLARLY_SOURCE_REGISTRY.tsv	SRC-0014	R16B-SOURCE:a371352fbb9d995f0447a0db19d0ed7d9fab06b731f66a2967f7a15af9126793	DOI	10.1093/jdh/epr024	CANONICAL_REPRESENTATIVE	SRC-0014	Yuko Kikuchi	2011	Design Histories and Design Studies in East Asia: Part 1	Journal of Design History	10.1093/jdh/epr024	https://academic.oup.com/jdh/article-abstract/24/3/273/405148	PENDING_RIGHTS_AND_ACCESS_REVIEW	BIBLIOGRAPHIC_IDENTITY_ONLY_NOT_ASSOCIATION_EVIDENCE	707e64c95ef9593af3e3720710f0cba434af5a80b87ed38e5c711d75c471f6c6	e2bb2b43b565073797182b46aff0480316ea77e69555a6a043e0bde878c1d325
R16B-SOURCE-MEMBERSHIP:79e6d7df4cb6a6679619b27a4149ddfc697245eb1fbab35ffd037d1e00b73aa4	SURF-R09-001	ROUND9	docs/research/trace-v49-design-history-relation-vocabulary-round1/03_SCHOLARLY_SOURCE_REGISTRY.tsv	SRC-0041	R16B-SOURCE:a3793eaef10631756cb09626d336f5a0452c5139fc5552b6d15d08da06a45504	DOI	10.1093/jdh/epag002	CANONICAL_REPRESENTATIVE	SRC-0041	Zeina Maasri	2026	Book Arts as Archives of Decolonization: The Design and Visuality of Arabic Books (1950s-1980s)	Journal of Design History	10.1093/jdh/epag002	https://academic.oup.com/jdh/article/39/1/70/8533985	PENDING_RIGHTS_AND_ACCESS_REVIEW	BIBLIOGRAPHIC_IDENTITY_ONLY_NOT_ASSOCIATION_EVIDENCE	2723f7c5fa592761450a28ab7ca545325a33d99583f4002945643b9079b19426	b3fe233f7741c6b92a153b723bef865be5b45d04bdde46e02348404841cb5d39
R16B-SOURCE-MEMBERSHIP:e57cb30ca6369659ac92c72a65e95b7db8809fd359cb6ebdca9a187808e3513e	SURF-R13-001	ROUND13	docs/research/trace-v49-exploration-composition-review-round1/03_COMPOSITION_SCHOLARLY_SOURCE_REGISTRY.tsv	COMP-SRC-013	R16B-SOURCE:a5d0469ac9518a10276fd96b7a24082d12592458001519efecb4779e1216ad95	DOI	10.1080/13264826.2021.1939745	CANONICAL_REPRESENTATIVE	COMP-SRC-013	Tom Avermaete;Cathelijne Nuijsink	2021	Architectural Contact Zones: Another Way to Write Global Histories of the Post-War Period?	Architectural Theory Review 25.3	10.1080/13264826.2021.1939745	https://www.tandfonline.com/doi/full/10.1080/13264826.2021.1939745	PENDING_RIGHTS_AND_ACCESS_REVIEW	BIBLIOGRAPHIC_IDENTITY_ONLY_NOT_ASSOCIATION_EVIDENCE	21395cb77d85c780b73437247c3a18e7bc012d291321a18286857060f26e25af	32df58f6fa5388728cbd942d4e01360242dffe81e09754f7fd6718542cfab41d
R16B-SOURCE-MEMBERSHIP:1ed0e9862d96f41437010bbb9254f9a3252b890d86ed55827e22475bbd18d926	SURF-R09-001	ROUND9	docs/research/trace-v49-design-history-relation-vocabulary-round1/03_SCHOLARLY_SOURCE_REGISTRY.tsv	SRC-0005	R16B-SOURCE:a61362442084e32693e94609080972c1be45d251fcf23e510d014a68aa43bd96	DOI	10.1093/jdh/epx036	CANONICAL_REPRESENTATIVE	SRC-0005	Adriana Laura Massidda	2019	Design Exchanges in Mid-Twentieth Century Buenos Aires: The Programme Parque Almirante Brown and its Process of Creative Appropriation	Journal of Design History	10.1093/jdh/epx036	https://doi.org/10.1093/jdh/epx036	PENDING_RIGHTS_AND_ACCESS_REVIEW	BIBLIOGRAPHIC_IDENTITY_ONLY_NOT_ASSOCIATION_EVIDENCE	5d86ae0853ef55a874a9db5c7c61a642bede50fa289178fae20c645846879e28	21e2aeb3eee25747e5f8afb838870ef51ead9fe67f2e393bee0bbcc1f348bf1e
R16B-SOURCE-MEMBERSHIP:53d26a647cfa898e5058ec342e185d8dbd9ed2f707149b90b76287aa6a744738	SURF-R09-001	ROUND9	docs/research/trace-v49-design-history-relation-vocabulary-round1/03_SCHOLARLY_SOURCE_REGISTRY.tsv	SRC-0015	R16B-SOURCE:a68fddc64401935b97e71d8b8cd396e4a5cd4196f843dc4c1c1dfc9b5725031b	DOI	10.13109/gege.2017.43.3.413	CANONICAL_REPRESENTATIVE	SRC-0015	Jan Logemann	2017	Consumer Modernity as Cultural Translation: European Émigrés and Knowledge Transfers in Mid-Century Design and Marketing	Geschichte und Gesellschaft	10.13109/gege.2017.43.3.413	https://doi.org/10.13109/gege.2017.43.3.413	PENDING_RIGHTS_AND_ACCESS_REVIEW	BIBLIOGRAPHIC_IDENTITY_ONLY_NOT_ASSOCIATION_EVIDENCE	e161965e716188d75dc61bc94c6b147615fbfff898fb9712f1d9e27f2679a16d	9103e959c55aea2ede90cec086a82d5a59e1ddfc62a0c63812b9af97ec90cdbe
R16B-SOURCE-MEMBERSHIP:46d2b792f406808ef19db10b1748fbd6fc23287299c68f2e73c98b2b848303b7	SURF-R13-001	ROUND13	docs/research/trace-v49-exploration-composition-review-round1/03_COMPOSITION_SCHOLARLY_SOURCE_REGISTRY.tsv	COMP-SRC-023	R16B-SOURCE:aa14c44d31c2460df382a17aa8a659bf1c4f3298c02ee446eb8a665183f356fa	DOI	10.1080/17547075.2017.1333388	CANONICAL_REPRESENTATIVE	COMP-SRC-023	Susan E. Reid	2017	Cold War Cultural Transactions: Designing the USSR for the West at Brussels Expo '58	Design and Culture 9.2	10.1080/17547075.2017.1333388	https://www.tandfonline.com/doi/abs/10.1080/17547075.2017.1333388	PENDING_RIGHTS_AND_ACCESS_REVIEW	BIBLIOGRAPHIC_IDENTITY_ONLY_NOT_ASSOCIATION_EVIDENCE	43462d021f863c261272b95eb2aa0084d40b5eab71698d80430ebde51bf9e438	1efe7737a482aa89e69422904dd31cccc1188ff63fbc67a5a4e7354ac820c910
R16B-SOURCE-MEMBERSHIP:4a8200cc152118b3dc98513eae1ae6011872672cbc743c0f48ad7eee83e02dff	SURF-R10-001	ROUND10	docs/research/trace-v49-design-history-relation-grammar-round1/03_GRAMMAR_SCHOLARLY_SOURCE_REGISTRY.tsv	GRAM-SRC-015	R16B-SOURCE:aeb8ba5ca902ff32a3ffb8badf9a22efa52ecf73f19fd18a8ffe5d812845a5af	DOI	10.1080/17547075.2018.1516437	CANONICAL_REPRESENTATIVE	GRAM-SRC-015	Magdalena Petersson McIntyre	2018	Gender by Design: Performativity and Consumer Packaging	Design and Culture	10.1080/17547075.2018.1516437	https://www.tandfonline.com/doi/pdf/10.1080/17547075.2018.1516437	PENDING_RIGHTS_AND_ACCESS_REVIEW	BIBLIOGRAPHIC_IDENTITY_ONLY_NOT_ASSOCIATION_EVIDENCE	c0f722d9fa603889fb9cfc0e0d28104c40cfab9e6f6b81bab1856e32394ed857	f8c453638fd4463e378fbb3e26cb45c06227ea00ed21ff36071c239a63f03214
R16B-SOURCE-MEMBERSHIP:04462c05395ed31e8b62297ef234a1f9871e54d986a4d408fecef22e538b2f2e	SURF-R10-001	ROUND10	docs/research/trace-v49-design-history-relation-grammar-round1/03_GRAMMAR_SCHOLARLY_SOURCE_REGISTRY.tsv	GRAM-SRC-017	R16B-SOURCE:af274ce968440ea8e36528018346f0131ca50a49ee2df93f5c75060a2425233b	DOI	10.1080/13602365.2020.1734048	CANONICAL_REPRESENTATIVE	GRAM-SRC-017	Wenwen Sun	2020	Public space in Chinese urban design theory after 1978: a compressed transculturation	The Journal of Architecture	10.1080/13602365.2020.1734048	https://repository.tudelft.nl/record/uuid:9f03fa61-1501-4d81-9c11-a1a191797752	PENDING_RIGHTS_AND_ACCESS_REVIEW	BIBLIOGRAPHIC_IDENTITY_ONLY_NOT_ASSOCIATION_EVIDENCE	e6e072757ff92684978ff38e42b0694f9b2bc92cc2f7500cda28106304d7ec5a	694d8447900ffd17fa25bfb853fe077b3ce2c8d00f1b6a0e040769dc5a5cff75
R16B-SOURCE-MEMBERSHIP:24532fa4ef6a9d2a6e6ea7bd1ac9395ba93a424e6db9b4cde861b04f5c50a25d	SURF-R09-001	ROUND9	docs/research/trace-v49-design-history-relation-vocabulary-round1/03_SCHOLARLY_SOURCE_REGISTRY.tsv	SRC-0050	R16B-SOURCE:b6623d505da775b7b65dc666857a55a3ecfcb1b901d595b8085f9db77e4c4bf4	DOI	10.1080/00076791.2011.617211	CANONICAL_REPRESENTATIVE	SRC-0050	Marianne Dahlén	2012	Copy or Copyright Fashion? Swedish Design Protection Law in Historical and Comparative Perspective	Business History	10.1080/00076791.2011.617211	https://doi.org/10.1080/00076791.2011.617211	PENDING_RIGHTS_AND_ACCESS_REVIEW	BIBLIOGRAPHIC_IDENTITY_ONLY_NOT_ASSOCIATION_EVIDENCE	cb58e8fea566f91c4765736ceae61603c4aafc432ce38280ff310c68570c0cfd	c0a248cd7c82766e71c43f86693951c4008ab1c135d621d58d87616b0c5f4cbd
R16B-SOURCE-MEMBERSHIP:3bbe009c0cbe657d1221a5ad87b94cfbda31601ddebd2dd08d33ecd0c3bb683c	SURF-R09-001	ROUND9	docs/research/trace-v49-design-history-relation-vocabulary-round1/03_SCHOLARLY_SOURCE_REGISTRY.tsv	SRC-0031	R16B-SOURCE:b9b7d57fab9202f94a9ed32019ac66e5b88b86d796f6b1a44683a9fd8bfc2931	DOI	10.1093/jdh/epi048	CANONICAL_REPRESENTATIVE	SRC-0031	Rose Cooper; Darcy White	2005	Teaching Transculturation: Pedagogical Processes	Journal of Design History	10.1093/jdh/epi048	https://academic.oup.com/jdh/article/18/3/285/442590	PENDING_RIGHTS_AND_ACCESS_REVIEW	BIBLIOGRAPHIC_IDENTITY_ONLY_NOT_ASSOCIATION_EVIDENCE	06c779ae4f0173a2839541d8bd8b07cc69418df4a006365ebcc8944390c22d40	91f5d303dbbec9cfaa7f8128d3cfb333c8aedeae6df99ba2ab54b8c32443b2fa
R16B-SOURCE-MEMBERSHIP:80b6f238b15759052cab8caf722045bd393abdf14023e8b0acd32a47daaed35d	SURF-R09-001	ROUND9	docs/research/trace-v49-design-history-relation-vocabulary-round1/03_SCHOLARLY_SOURCE_REGISTRY.tsv	SRC-0004	R16B-SOURCE:bf741d10261f2aee05c166e0eaeccc5d372212b205f6b0930f34cc02c3ff9085	DOI	10.1093/jdh/eps023	CANONICAL_REPRESENTATIVE	SRC-0004	Luis M. Castañeda	2012	Choreographing the Metropolis: Networks of Circulation and Power in Olympic Mexico	Journal of Design History	10.1093/jdh/eps023	https://academic.oup.com/jdh/article/25/3/285/498761	PENDING_RIGHTS_AND_ACCESS_REVIEW	BIBLIOGRAPHIC_IDENTITY_ONLY_NOT_ASSOCIATION_EVIDENCE	a8038250380a95a59305957986a64c8f9264fb985fcb79cffce44f59968d9342	b35ac4c8504a363f9cc83023db37ebc5cbd8cca5049d851bf600bdf39ab0a37a
R16B-SOURCE-MEMBERSHIP:d23c838e21dd8e2c3e6022f88fa2d12c17a2c64e5321371510aa7637b33d20fe	SURF-R10-001	ROUND10	docs/research/trace-v49-design-history-relation-grammar-round1/03_GRAMMAR_SCHOLARLY_SOURCE_REGISTRY.tsv	GRAM-SRC-006	R16B-SOURCE:c14a6e0d7158075b0f720379f0d5985f6d1123d3e34dc84eea482b5cbea24817	DOI	10.1016/j.sheji.2017.04.001	CANONICAL_REPRESENTATIVE	GRAM-SRC-006	Ali O. Ilhan	2017	Growth or Decline? A Longitudinal Analysis of Factors Affecting the Institutional Trajectories of Five Design Disciplines in the United States	She Ji: The Journal of Design, Economics, and Innovation	10.1016/j.sheji.2017.04.001	https://www.sciencedirect.com/science/article/pii/S2405872616300983	PENDING_RIGHTS_AND_ACCESS_REVIEW	BIBLIOGRAPHIC_IDENTITY_ONLY_NOT_ASSOCIATION_EVIDENCE	e5fd32a81839bf1bb9ccd70f0750f36708f1449daedf7e33a5fb9bbb1e07c042	89f7edbb542627c28d026e11b8a49fd94b62ead70006178a250c6a2076a01034
R16B-SOURCE-MEMBERSHIP:f6d74776e5a9954c8fb22d5e6232d0aebdba14acfcd265ae7b776830eadcc61f	SURF-R13-001	ROUND13	docs/research/trace-v49-exploration-composition-review-round1/03_COMPOSITION_SCHOLARLY_SOURCE_REGISTRY.tsv	COMP-SRC-017	R16B-SOURCE:c46fe11e7c23e60c40420545c1b08b7c77c1c330e838ab13bc6b75b05c20d30f	DOI	10.1093/jdh/epi050	CANONICAL_REPRESENTATIVE	COMP-SRC-017	Hifsiye Pulhan;İbrahim Numan	2006	The Traditional Urban House in Cyprus as Material Expression of Cultural Transformation	Journal of Design History 19.2	10.1093/jdh/epi050	https://doi.org/10.1093/jdh/epi050	PENDING_RIGHTS_AND_ACCESS_REVIEW	BIBLIOGRAPHIC_IDENTITY_ONLY_NOT_ASSOCIATION_EVIDENCE	36ad88b63f86348f927953c526606bb6b1271ee340783e59c1f92cf2d4984f8a	1011d7b7b2ada8a81162f0150667266ac98289fc5e9c5aab48b30ad7162ec348
R16B-SOURCE-MEMBERSHIP:4bacc53e0fc128ec756efb734a4146ddb33ecf4b4ce4e59d267e3ef2fab0ef81	SURF-R10-001	ROUND10	docs/research/trace-v49-design-history-relation-grammar-round1/03_GRAMMAR_SCHOLARLY_SOURCE_REGISTRY.tsv	GRAM-SRC-004	R16B-SOURCE:cd02a0c74bdd37683377c5e4ffde291a8c914b12bcdcbb92bc3ba5a9161d82e4	DOI	10.1177/1469540517708830	CANONICAL_REPRESENTATIVE	GRAM-SRC-004	Leah Armstrong	2019	A New Image for a New Profession: Self-Image and Representation in the Professionalization of Design in Britain, 1945-1960	Journal of Consumer Culture	10.1177/1469540517708830	https://journals.sagepub.com/doi/10.1177/1469540517708830	PENDING_RIGHTS_AND_ACCESS_REVIEW	BIBLIOGRAPHIC_IDENTITY_ONLY_NOT_ASSOCIATION_EVIDENCE	94527523697073589f200c544ad436dd45bf356763ca371c5af6c9d53ca84f39	bb0f60d461472fd2946d54143059f751da29008fe5d88ed6f4453fa93fddc363
R16B-SOURCE-MEMBERSHIP:2c287fece71befea62deb047dc52fa3fdae7f1d5bb028314c63d0f647a4823f5	SURF-R13-001	ROUND13	docs/research/trace-v49-exploration-composition-review-round1/03_COMPOSITION_SCHOLARLY_SOURCE_REGISTRY.tsv	COMP-SRC-025	R16B-SOURCE:d7a8d0048c8cdda2922adfc89d2e34500053e62a32c6a83d40905b6f39698940	DOI	10.1080/10331867.2023.2282294	CANONICAL_REPRESENTATIVE	COMP-SRC-025	Mark Ian Jones	2023	A Fleeting Glimpse? 'Sweden's Shop Window in Sydney' – the Sweden at David Jones' Exposition of 1954	Fabrications 33.2	10.1080/10331867.2023.2282294	https://doi.org/10.1080/10331867.2023.2282294	PENDING_RIGHTS_AND_ACCESS_REVIEW	BIBLIOGRAPHIC_IDENTITY_ONLY_NOT_ASSOCIATION_EVIDENCE	49e60273ead68d85a8bb16309ec8bdf5cb81f69a06b97c4c5eb959a26ac3ea98	30a4d965e35131c22f392ca26fb44a3bc3c6f7f9706c9d7d9cfb83e36954205c
R16B-SOURCE-MEMBERSHIP:72fbe7348736042b44d46712991f1bd687bd31b29904884441a5d855e3fed294	SURF-R09-001	ROUND9	docs/research/trace-v49-design-history-relation-vocabulary-round1/03_SCHOLARLY_SOURCE_REGISTRY.tsv	SRC-0007	R16B-SOURCE:d9080c02432742d71452b3c9d0627fa7f6ab5272928223f8e64d5031bc199773	STABLE_URL	journals.uc.edu/index.php/vl/article/view/5932	CANONICAL_REPRESENTATIVE	SRC-0007	Dori Griffin	2016	The Role of Visible Language in Building and Critiquing a Canon of Graphic Design History	Visible Language	NO_DOI	https://journals.uc.edu/index.php/vl/article/view/5932	PENDING_RIGHTS_AND_ACCESS_REVIEW	BIBLIOGRAPHIC_IDENTITY_ONLY_NOT_ASSOCIATION_EVIDENCE	2e6cbe7e620032dd3b5bfb97c6f676dc08f74d39ff891449c41a6ff19035b728	410e786d04b4c2818e7fdfcb0a680d16359e9625381f0ebecba85d30abcd1741
R16B-SOURCE-MEMBERSHIP:83c15a9a202c9241773a1faf0cc2c264542bcda7493beff4fe196b83d052bbea	SURF-R09-001	ROUND9	docs/research/trace-v49-design-history-relation-vocabulary-round1/03_SCHOLARLY_SOURCE_REGISTRY.tsv	SRC-0038	R16B-SOURCE:d9b85961469282c1d648d61ed267ca2bc0d1b39d96cc7a812ffb9f9d303436e5	DOI	10.11606/issn.2317-2762.psrevprogramapsgradarquiturbanfauusp.2021.176954	CANONICAL_REPRESENTATIVE	SRC-0038	Bruna Ferreira Montuori; Viviane Mattos Nicoletti	2021	Perspectivas decoloniais para um design pluriversal / Decolonial Perspectives for a Pluriversal Design	PosFAUUSP	10.11606/issn.2317-2762.psrevprogramapsgradarquiturbanfauusp.2021.176954	https://revistas.usp.br/posfau/article/view/176954	PENDING_RIGHTS_AND_ACCESS_REVIEW	BIBLIOGRAPHIC_IDENTITY_ONLY_NOT_ASSOCIATION_EVIDENCE	c2b133ab9d9a1b5571da53f0de9142c1d19997ae924328a5a0e3afc80552f073	b27b1c13f9086e8008e24f3c3a92b68ebe7e776ece25eac7da18535c75dd04f0
R16B-SOURCE-MEMBERSHIP:e91cd5c162ba2012041898f8e3c2538ae7e56314573cdff8c159923d333b525a	SURF-R09-001	ROUND9	docs/research/trace-v49-design-history-relation-vocabulary-round1/03_SCHOLARLY_SOURCE_REGISTRY.tsv	SRC-0019	R16B-SOURCE:db9f01e41845640146df158bc56758db27772d1717bfa0f496f8df4b84384998	DOI	10.1093/jdh/16.2.167	CANONICAL_REPRESENTATIVE	SRC-0019	Yasuko Suga	2003	'Purgatory of taste' or Projector of Industrial Britain? The British Institute of Industrial Art	Journal of Design History	10.1093/jdh/16.2.167	https://academic.oup.com/jdh/article-abstract/16/2/167/459315	PENDING_RIGHTS_AND_ACCESS_REVIEW	BIBLIOGRAPHIC_IDENTITY_ONLY_NOT_ASSOCIATION_EVIDENCE	429243350a7aa07b82720bafd02995f83059be51dfb9c33fae1e3e3dc30ae046	8b586ff43a5abd3d35c20788e1847a38597b34821387fbf8f6b3667d264efa54
R16B-SOURCE-MEMBERSHIP:3e48409c63429de5caba359bf488b0127a6fb9c0c74db8d191b54c3d9e753d9b	SURF-R09-001	ROUND9	docs/research/trace-v49-design-history-relation-vocabulary-round1/03_SCHOLARLY_SOURCE_REGISTRY.tsv	SRC-0022	R16B-SOURCE:dd566d198eba4f57120e153b7ad646391e60c782be73b48285500c473fdd866a	DOI	10.2307/1511480	CANONICAL_REPRESENTATIVE	SRC-0022	Cheryl Buckley	1986	Made in Patriarchy: Toward a Feminist Analysis of Women and Design	Design Issues	10.2307/1511480	https://doi.org/10.2307/1511480	PENDING_RIGHTS_AND_ACCESS_REVIEW	BIBLIOGRAPHIC_IDENTITY_ONLY_NOT_ASSOCIATION_EVIDENCE	443e7e2a8f890aa27d396188ebb51d927572a360146b9d55f25f810ae5949912	ee2336e36386ea189501ce10516ac63a1d48ff509b3adc45c141562f9e8df9af
R16B-SOURCE-MEMBERSHIP:64f4a389c41a17a341fc99be9e3a6c58370ead733bb637699c1a5769d09ea62e	SURF-R13-001	ROUND13	docs/research/trace-v49-exploration-composition-review-round1/03_COMPOSITION_SCHOLARLY_SOURCE_REGISTRY.tsv	COMP-SRC-022	R16B-SOURCE:e127327cdfaa1b6da7496ba67ee4dd54c6824d01dbe3166a2fdccd0da307384b	DOI	10.1017/s0165115326100552	CANONICAL_REPRESENTATIVE	COMP-SRC-022	Rebecca Earle;Susan Deans-Smith	2026	Mobility, Violence, and the Afterlives of a Peruvian Painting at Sea	Itinerario 50.1	10.1017/S0165115326100552	https://www.cambridge.org/core/journals/itinerario/article/mobility-violence-and-the-afterlives-of-a-peruvian-painting-at-sea/0CCD9C903B8DDA855989858E63EEC238	PENDING_RIGHTS_AND_ACCESS_REVIEW	BIBLIOGRAPHIC_IDENTITY_ONLY_NOT_ASSOCIATION_EVIDENCE	2f82d00da18c9b310b9f1629981ee5029a16896ea7a9380c2fd780595aa3cffa	3fdd24e697eac33884629aa8758845b2cd54a6b58c5c3a45dd6d7ea33517cda1
R16B-SOURCE-MEMBERSHIP:3dabeba35a156eef649781935478e9681f43acd4e4d6cb8b36854e183a16bb7f	SURF-R10-001	ROUND10	docs/research/trace-v49-design-history-relation-grammar-round1/03_GRAMMAR_SCHOLARLY_SOURCE_REGISTRY.tsv	GRAM-SRC-023	R16B-SOURCE:e15ffb35e88ac734fdf734e5d302ac90be519f14d42162949fbc363d4375c639	DOI	10.1093/jiplp/jpae107	CANONICAL_REPRESENTATIVE	GRAM-SRC-023	Alice Wickens	2025	From calico to catwalk: Addressing the UK's enduring issue of fashion piracy	Journal of Intellectual Property Law & Practice	10.1093/jiplp/jpae107	https://academic.oup.com/jiplp/article/20/2/71/7916754	PENDING_RIGHTS_AND_ACCESS_REVIEW	BIBLIOGRAPHIC_IDENTITY_ONLY_NOT_ASSOCIATION_EVIDENCE	37ec6d9f7495e4db8c4a39d8e92affd6d5e493f3dd9948ec79440e567b144023	07e2348693a100b26c36b602884d5c0351177ef886936033f819cd92b888aaf5
R16B-SOURCE-MEMBERSHIP:af22d19ba16d54eb8a888d24d8a177ba3c14159e769a999bd8ef33053b762eaf	SURF-R13-001	ROUND13	docs/research/trace-v49-exploration-composition-review-round1/03_COMPOSITION_SCHOLARLY_SOURCE_REGISTRY.tsv	COMP-SRC-007	R16B-SOURCE:e15ffb35e88ac734fdf734e5d302ac90be519f14d42162949fbc363d4375c639	DOI	10.1093/jiplp/jpae107	CROSS_ROUND_ALIAS	GRAM-SRC-023	Alice Wickens	2025	From Calico to Catwalk: Addressing the UK's Enduring Issue of Fashion Piracy	Journal of Intellectual Property Law & Practice 20.2	10.1093/jiplp/jpae107	https://academic.oup.com/jiplp/article/20/2/71/7916754	PENDING_RIGHTS_AND_ACCESS_REVIEW	BIBLIOGRAPHIC_IDENTITY_ONLY_NOT_ASSOCIATION_EVIDENCE	c1de12f4de50990832ebf2eb1920147ef44177a3d8e485df12667c15e0297a5a	cc9fe41365e84de7dccd2ba5dd9f8f4e65914c905d16f4431b27c2b80f6bfed2
R16B-SOURCE-MEMBERSHIP:e0281123dddf2949d4c1e72ca60419ea2de185da3c413208c1755dc7d14330f7	SURF-R09-001	ROUND9	docs/research/trace-v49-design-history-relation-vocabulary-round1/03_SCHOLARLY_SOURCE_REGISTRY.tsv	SRC-0030	R16B-SOURCE:e3504136d2c0720f2f2a0e9e3b7df2ffe78df617612206c33ff7d254c9c53cc9	STABLE_URL	mrezadizajna.com/katalog/teorija-dizajna-i-problemi-okoline	CANONICAL_REPRESENTATIVE	SRC-0030	Matko Meštrović	1980	Dizajn i okolina	Teorija dizajna i problemi okoline	NO_ISBN_RECORDED	https://mrezadizajna.com/katalog/teorija-dizajna-i-problemi-okoline	PENDING_RIGHTS_AND_ACCESS_REVIEW	BIBLIOGRAPHIC_IDENTITY_ONLY_NOT_ASSOCIATION_EVIDENCE	1907b2903ae759ef4410fb86e6e6873232950f52b5fe0801aa304c0ead20e08b	44f36818bdbab4210d28865ad3b9422d47a8664787882fdedfae7956d6d39c53
R16B-SOURCE-MEMBERSHIP:1e9f18e28b91d4239f87ce749d9f87a4e52acb85775d71ccb82c6a2a15764c47	SURF-R09-001	ROUND9	docs/research/trace-v49-design-history-relation-vocabulary-round1/03_SCHOLARLY_SOURCE_REGISTRY.tsv	SRC-0042	R16B-SOURCE:e39cea37c57a0334ae204a24b55f53dadfa1105336abf27f4b3b80c60cdbe134	DOI	10.1093/jdh/epw011	CANONICAL_REPRESENTATIVE	SRC-0042	M. Amah Edoh	2016	Redrawing Power? Dutch Wax Cloth and the Politics of 'Good Design'	Journal of Design History	10.1093/jdh/epw011	https://doi.org/10.1093/jdh/epw011	PENDING_RIGHTS_AND_ACCESS_REVIEW	BIBLIOGRAPHIC_IDENTITY_ONLY_NOT_ASSOCIATION_EVIDENCE	7e9efc94e33507448467b3fc9159e35cd8cf085ef9e029db3256243ae2777c76	472ce639936e768311e93dd73b19febd5fadb0345af5346300c6ab8e926807c8
R16B-SOURCE-MEMBERSHIP:6617cafdd101512dc7d42179ae660575c2b060d80e9102142289abe65656c9ee	SURF-R13-001	ROUND13	docs/research/trace-v49-exploration-composition-review-round1/03_COMPOSITION_SCHOLARLY_SOURCE_REGISTRY.tsv	COMP-SRC-009	R16B-SOURCE:e3f9d0aa12158af5fbc452430a99579e00c29d1d0dc88bcf0d9d84950b7c3c87	DOI	10.1093/jdh/epp031	CANONICAL_REPRESENTATIVE	COMP-SRC-009	Grace Lees-Maffei	2009	The Production–Consumption–Mediation Paradigm	Journal of Design History 22.4	10.1093/jdh/epp031	https://doi.org/10.1093/jdh/epp031	PENDING_RIGHTS_AND_ACCESS_REVIEW	BIBLIOGRAPHIC_IDENTITY_ONLY_NOT_ASSOCIATION_EVIDENCE	841fce70b531c942ea7e1bfe556d597855589862384aeb1791723b9dfc6e0f74	83e698c849b5a79cd5b01291e15ec4a837a2bbf5dad53651e13d492b4e72ff6e
R16B-SOURCE-MEMBERSHIP:7c964f0a7661b7e013bab80156a31c329d49fc2b2654936b27c6682492dfeece	SURF-R09-001	ROUND9	docs/research/trace-v49-design-history-relation-vocabulary-round1/03_SCHOLARLY_SOURCE_REGISTRY.tsv	SRC-0001	R16B-SOURCE:e3f9d0aa12158af5fbc452430a99579e00c29d1d0dc88bcf0d9d84950b7c3c87	DOI	10.1093/jdh/epp031	CROSS_ROUND_ALIAS	COMP-SRC-009	Grace Lees-Maffei	2009	The Production-Consumption-Mediation Paradigm	Journal of Design History	10.1093/jdh/epp031	https://academic.oup.com/jdh/article-abstract/22/4/351/412530	PENDING_RIGHTS_AND_ACCESS_REVIEW	BIBLIOGRAPHIC_IDENTITY_ONLY_NOT_ASSOCIATION_EVIDENCE	2be11176a6dfa72cc5c6b43ad8ca41964c454032d7f74399beb121e2a7f34b3d	caa297ac21a53baa59c5f99c3e781e5097839ec789e17c521b8607f8dc589b70
R16B-SOURCE-MEMBERSHIP:0a8f1896ff4ae75b91b7b0d79d63385315f3c77abd6196589afb53c6cc043a49	SURF-R09-001	ROUND9	docs/research/trace-v49-design-history-relation-vocabulary-round1/03_SCHOLARLY_SOURCE_REGISTRY.tsv	SRC-0032	R16B-SOURCE:e61a90598c533c793a7d897a2b0f9f2438e14d010eda3f12bb0e84b770103f78	DOI	10.1515/9781785334467-014	CANONICAL_REPRESENTATIVE	SRC-0032	Nicolas P. Maffei	2016	Surveying the Borders: 'Authenticity' in Mexican-American Food Packaging, Imagery and Architecture	Designing Worlds	10.1515/9781785334467-014	https://doi.org/10.1515/9781785334467-014	PENDING_RIGHTS_AND_ACCESS_REVIEW	BIBLIOGRAPHIC_IDENTITY_ONLY_NOT_ASSOCIATION_EVIDENCE	6273e4f857e3cecb74b295eb2d1e616897de1bbcd0aa313ef598555d21643a8e	e54bfd90a5651d393a0b8dd742ca2d67ec95eecfec623203c8e612e1812ce52f
R16B-SOURCE-MEMBERSHIP:8bfa3f0512c4a81d5a1614b9b32ab084bd45ca39b1c248fa771b574fa4625ebb	SURF-R10-001	ROUND10	docs/research/trace-v49-design-history-relation-grammar-round1/03_GRAMMAR_SCHOLARLY_SOURCE_REGISTRY.tsv	GRAM-SRC-024	R16B-SOURCE:e73bbc7109f50f783bd1acb1ba37d8a235100f7fab2118f7488484e8a42d5176	DOI	10.1177/0887302x06293071	CANONICAL_REPRESENTATIVE	GRAM-SRC-024	Sara B. Marcketti; Jean L. Parsons	2006	Design Piracy and Self-Regulation: The Fashion Originators' Guild of America, 1932-1941	Clothing and Textiles Research Journal	10.1177/0887302X06293071	https://journals.sagepub.com/doi/10.1177/0887302X06293071	PENDING_RIGHTS_AND_ACCESS_REVIEW	BIBLIOGRAPHIC_IDENTITY_ONLY_NOT_ASSOCIATION_EVIDENCE	e72cda7f5171526e0b2199c65076a71092bd5191a39f6ac4484dc54f62dbd072	d407150b02b1aef0c4b37cadf6fa96175bcfb2dae91e1501c53fdfa7c2ed7da5
R16B-SOURCE-MEMBERSHIP:99020950c8d036ab4dd244fdb724e0d1a9f6e657cafa08382fc740da7717e709	SURF-R10-001	ROUND10	docs/research/trace-v49-design-history-relation-grammar-round1/03_GRAMMAR_SCHOLARLY_SOURCE_REGISTRY.tsv	GRAM-SRC-003	R16B-SOURCE:e841d51f238d31416d96aa601da8d26ad8f7647c18149157d695abcbf0178e57	ISBN	9783038630098	CANONICAL_REPRESENTATIVE	GRAM-SRC-003	Robert Lzicar; Amanda Unger	2016	Designed Histories: Visual Historiography and Canonization in Swiss Graphic Design History	Mapping Graphic Design History in Switzerland	978-3-03863-009-8	https://arbor.bfh.ch/handle/arbor/37952	PENDING_RIGHTS_AND_ACCESS_REVIEW	BIBLIOGRAPHIC_IDENTITY_ONLY_NOT_ASSOCIATION_EVIDENCE	0b0aca8bd00993429eecfde2d141fd4bdbd07f151484b6ad390cabf518d05928	c716ee6e5cdaaab3829265d8099b3f93ab79fbd24960d5a00eff675f52bfa5f6
R16B-SOURCE-MEMBERSHIP:475e30b4214f899b693cd4e9010cd1f0342500a83da8faaa98ebcded544e300b	SURF-R09-001	ROUND9	docs/research/trace-v49-design-history-relation-vocabulary-round1/03_SCHOLARLY_SOURCE_REGISTRY.tsv	SRC-0046	R16B-SOURCE:ef7f9e0cfef55da9a290e8bc6ec078d9d9771f932971f29f548972983d49553b	DOI	10.1002/9781119112297.ch4	CANONICAL_REPRESENTATIVE	SRC-0046	Yuko Kikuchi	2019	Transnationalism for Design History	A Companion to Contemporary Design since 1945	10.1002/9781119112297.ch4	https://doi.org/10.1002/9781119112297.ch4	PENDING_RIGHTS_AND_ACCESS_REVIEW	BIBLIOGRAPHIC_IDENTITY_ONLY_NOT_ASSOCIATION_EVIDENCE	adb60ae60fde0affc62f0bb74d1982f4e1564c58a4bf0d454ee1dcbf48104ec1	b815e3a2f927039d5611a1884173d942913326ed16ac7abfa56c61262f05c8e4
R16B-SOURCE-MEMBERSHIP:c5505447bcd2625eb661bd0b230bfb26b44b19f4ddaf99e53e399ab6c94ba7c4	SURF-R13-001	ROUND13	docs/research/trace-v49-exploration-composition-review-round1/03_COMPOSITION_SCHOLARLY_SOURCE_REGISTRY.tsv	COMP-SRC-014	R16B-SOURCE:f359bd53540ddd10ae6b604f1ec95c1be239a7b151d9d2513b40be591c3ff00e	DOI	10.1080/23311983.2025.2482456	CANONICAL_REPRESENTATIVE	COMP-SRC-014	Imam Santosa;I. Kadek Dwi Noorwatha	2025	Symbolic and Aesthetic Fusion in Keraton Surakarta: Colonial Influence and Javanese Cultural Resistance through Architectural Design Adaptation	Cogent Arts & Humanities 12.1	10.1080/23311983.2025.2482456	https://doi.org/10.1080/23311983.2025.2482456	PENDING_RIGHTS_AND_ACCESS_REVIEW	BIBLIOGRAPHIC_IDENTITY_ONLY_NOT_ASSOCIATION_EVIDENCE	d343ca2ebe36f92cd966af5414cc85baf02959a2c84cccc3d80c342872790e27	4509317c11a1a6ce080974a61f3f680691c34829b5ab6f6dad96e9e43dff02d3
R16B-SOURCE-MEMBERSHIP:559a7b5839d20c985b18720fd49e30dd7aa9c87a70ff97096c6d186073a216e9	SURF-R10-001	ROUND10	docs/research/trace-v49-design-history-relation-grammar-round1/03_GRAMMAR_SCHOLARLY_SOURCE_REGISTRY.tsv	GRAM-SRC-016	R16B-SOURCE:f4011046231472919bb509e9d9f327d8efa40f11c29fbcbb6e325000ece423d8	DOI	10.4324/9781003194293	CANONICAL_REPRESENTATIVE	GRAM-SRC-016	Sarah A. Lichtman; Jilly Traganou	2024	Design, Displacement, Migration: Spatial and Material Histories	Routledge Research in Design History	10.4324/9781003194293	https://www.routledge.com/Design-Displacement-Migration-Spatial-and-Material-Histories/Lichtman-Traganou/p/book/9781003194293	PENDING_RIGHTS_AND_ACCESS_REVIEW	BIBLIOGRAPHIC_IDENTITY_ONLY_NOT_ASSOCIATION_EVIDENCE	1266e02a153b224d6c7716ee3dcc13e3c1e3a7b5bad9443b060dbb27a5dc4d89	0b2ec5c35c62dc386b667d1abf33fc93e23c7e74b90f806a12c7ac05a86f078b
R16B-SOURCE-MEMBERSHIP:5863e91e204021fe75d749ff89092cb05f6dbb4d359c8dacd81434cc0412d6f5	SURF-R10-001	ROUND10	docs/research/trace-v49-design-history-relation-grammar-round1/03_GRAMMAR_SCHOLARLY_SOURCE_REGISTRY.tsv	GRAM-SRC-020	R16B-SOURCE:f54adc258c636b68d9260a4dbaa752a4e03ddc8e5bcb51731b344b49d83f9da2	DOI	10.1080/17547075.2018.1434367	CANONICAL_REPRESENTATIVE	GRAM-SRC-020	Tristan Schultz; Danah Abdulla; Ahmed Ansari; Ece Canlı; Mahmoud Keshavarz; Matthew Kiem; Luiza Prado de O. Martins; Pedro J.S. Vieira de Oliveira	2018	Editors' Introduction	Design and Culture	10.1080/17547075.2018.1434367	https://www.tandfonline.com/doi/full/10.1080/17547075.2018.1434367	PENDING_RIGHTS_AND_ACCESS_REVIEW	BIBLIOGRAPHIC_IDENTITY_ONLY_NOT_ASSOCIATION_EVIDENCE	08803a3a42c66fc939f43206d5249d749cb5f5565980cd32d93c67188384e594	b5751d14f4f12baea8369c8b5c36b788095a766bf4133433d505bc1f717be67e
R16B-SOURCE-MEMBERSHIP:d56599584d1b595bea66d4be3f688bfffb7857a174e4894a84022868b6c2aba3	SURF-R09-001	ROUND9	docs/research/trace-v49-design-history-relation-vocabulary-round1/03_SCHOLARLY_SOURCE_REGISTRY.tsv	SRC-0027	R16B-SOURCE:f57bc5bc529231f8129da728fef3477233387b27b676deee6af42b49a56c5fde	DOI	10.1093/jdh/epw005	CANONICAL_REPRESENTATIVE	SRC-0027	Tom Cubbin	2016	Introduction to 'Problems of Soviet Design' and 'The Production (Industrial) Art of the Future' by Karl Kantor	Journal of Design History	10.1093/jdh/epw005	https://doi.org/10.1093/jdh/epw005	PENDING_RIGHTS_AND_ACCESS_REVIEW	BIBLIOGRAPHIC_IDENTITY_ONLY_NOT_ASSOCIATION_EVIDENCE	ab15e2c2a463ead547e649b1d3fc08cd3b145cbc4e2062e65e4e90949cee3165	ecf5a219a8f8cd88caaa4a456dbb3d13093cbd92e3184bf1b12cd31aa8e77d94
R16B-SOURCE-MEMBERSHIP:75377772973f7d8de376ca22d75060cf8fe584356709e9ca1617a5a0396ecc82	SURF-R13-001	ROUND13	docs/research/trace-v49-exploration-composition-review-round1/03_COMPOSITION_SCHOLARLY_SOURCE_REGISTRY.tsv	COMP-SRC-030	R16B-SOURCE:f6a1196474daa078d41ca0109bc39231329d51a688101cc7232a90de3df35033	DOI	10.1093/jdh/epy048	CANONICAL_REPRESENTATIVE	COMP-SRC-030	Patricia Lara-Betancourt;Livia Rezende	2019	Locating Design Exchanges in Latin America and the Caribbean	Journal of Design History 32.1	10.1093/jdh/epy048	https://doi.org/10.1093/jdh/epy048	PENDING_RIGHTS_AND_ACCESS_REVIEW	BIBLIOGRAPHIC_IDENTITY_ONLY_NOT_ASSOCIATION_EVIDENCE	e85cb63400518939ffb31f76064d3cacdda5591ea3c3c94c48a812a6bfab8826	bdc6b3556400842a2124ebe4fbf072fb23e753eedf09ea9518cf5f5cf368cf36
R16B-SOURCE-MEMBERSHIP:d8a8532523fd0250c72e8261f76ea4226b450baa5266c21be245ff58e799f069	SURF-R09-001	ROUND9	docs/research/trace-v49-design-history-relation-vocabulary-round1/03_SCHOLARLY_SOURCE_REGISTRY.tsv	SRC-0016	R16B-SOURCE:f6a1196474daa078d41ca0109bc39231329d51a688101cc7232a90de3df35033	DOI	10.1093/jdh/epy048	CROSS_ROUND_ALIAS	COMP-SRC-030	Patricia Lara-Betancourt; Livia Rezende	2019	Locating Design Exchanges in Latin America and the Caribbean	Journal of Design History	10.1093/jdh/epy048	https://academic.oup.com/jdh/article-abstract/32/1/1/5298279	PENDING_RIGHTS_AND_ACCESS_REVIEW	BIBLIOGRAPHIC_IDENTITY_ONLY_NOT_ASSOCIATION_EVIDENCE	8095ec2f8ec82f7bb873a30715a18dfca559fdc4b5efa6a55362deb9b80c2e4c	f06cb32680216ceb26a3fa93c1f8d4b529ee5897fbf16d541eb390b79acca825
R16B-SOURCE-MEMBERSHIP:7ba9f96e0896c080200de96bedaf42b7b6dd0d195f162ab01bef9866e4ee1519	SURF-R13-001	ROUND13	docs/research/trace-v49-exploration-composition-review-round1/03_COMPOSITION_SCHOLARLY_SOURCE_REGISTRY.tsv	COMP-SRC-005	R16B-SOURCE:f9e47962608acfb3177c9ab05da468307f76b74ba87af9e8cd6ed16ee7ba29e0	DOI	10.1177/1469540519872069	CROSS_ROUND_ALIAS	GRAM-SRC-026	Emma Waight	2019	Mother, Consumer, Trader: Gendering the Commodification of Second-Hand Economies	Journal of Consumer Culture 19.4	10.1177/1469540519872069	https://journals.sagepub.com/doi/abs/10.1177/1469540519872069	PENDING_RIGHTS_AND_ACCESS_REVIEW	BIBLIOGRAPHIC_IDENTITY_ONLY_NOT_ASSOCIATION_EVIDENCE	cfe060b84364b6c9e42d71f184dfebec5ef7fd1e9b1bbdd5c6525c9fbaef3be9	214ea1d5b8d1024930feb186a1a717db0a28f2e078e83637fcfde90257ba90a1
R16B-SOURCE-MEMBERSHIP:a4bd6f4295180776d617bd3acdc7d076709bade2cb88f42c2fc88e6b042858ce	SURF-R10-001	ROUND10	docs/research/trace-v49-design-history-relation-grammar-round1/03_GRAMMAR_SCHOLARLY_SOURCE_REGISTRY.tsv	GRAM-SRC-026	R16B-SOURCE:f9e47962608acfb3177c9ab05da468307f76b74ba87af9e8cd6ed16ee7ba29e0	DOI	10.1177/1469540519872069	CANONICAL_REPRESENTATIVE	GRAM-SRC-026	Emma Waight	2019	Mother, consumer, trader: gendering the commodification of second-hand economies since the recession	Journal of Consumer Culture	10.1177/1469540519872069	https://journals.sagepub.com/doi/10.1177/1469540519872069	PENDING_RIGHTS_AND_ACCESS_REVIEW	BIBLIOGRAPHIC_IDENTITY_ONLY_NOT_ASSOCIATION_EVIDENCE	2962ddc56f75134bccbc7fd59628fa141145cd6e704465d263f938a103970469	1df136317b089956574c06b1569990fb73ec991c744691684594c37e66ce4705
R16B-SOURCE-MEMBERSHIP:aaf124fa0f8b02111e909141f662c5dbd6b2525e677d4c58422b540ffa99cd74	SURF-R09-001	ROUND9	docs/research/trace-v49-design-history-relation-vocabulary-round1/03_SCHOLARLY_SOURCE_REGISTRY.tsv	SRC-0018	R16B-SOURCE:fa2212fa202c6cdea4442062a03aef7fa580c939f75184aa39e953a2597167f1	DOI	10.1093/jdh/epl002	CANONICAL_REPRESENTATIVE	SRC-0018	Marjan Groot	2006	Crossing the Borderlines and Moving the Boundaries: 'High' Arts and Crafts, Cross-culturalism, Folk Art and Gender	Journal of Design History	10.1093/jdh/epl002	https://academic.oup.com/jdh/article-abstract/19/2/121/515948	PENDING_RIGHTS_AND_ACCESS_REVIEW	BIBLIOGRAPHIC_IDENTITY_ONLY_NOT_ASSOCIATION_EVIDENCE	a568daf9f7dca14dc88303db052857067cf73d768266a35bbb37d8fa4c34d961	cd619b373bd04aec3b7386ad4c03b923f2a4244116236c4e267bec97648a2bef
R16B-SOURCE-MEMBERSHIP:82b5720cfccb627420b80b521fdafc105d9b748f7f478f944def3e3151e7418f	SURF-R09-001	ROUND9	docs/research/trace-v49-design-history-relation-vocabulary-round1/03_SCHOLARLY_SOURCE_REGISTRY.tsv	SRC-0040	R16B-SOURCE:fed134de9b688d78da043af7571fd5e324d3bd0736efb12f5ffd9315fd54e3d6	DOI	10.1093/jdh/epab049	CANONICAL_REPRESENTATIVE	SRC-0040	Meghan Kelly	2022	Prioritizing Design Process over Design Outcomes to Address Non-Indigenous Engagement with Indigenous Knowledge Systems in Design Practice	Journal of Design History	10.1093/jdh/epab049	https://doi.org/10.1093/jdh/epab049	PENDING_RIGHTS_AND_ACCESS_REVIEW	BIBLIOGRAPHIC_IDENTITY_ONLY_NOT_ASSOCIATION_EVIDENCE	f96eecd0e33d71c29a2e939b991128911a7089297f9a6138fc150287af5c199e	20bf5604b95261f4239b5ea2b7d3b01172d45ea242c3c9cec4e5a9303083233d
