canonical_source_id	canonical_identity_kind	canonical_identity_value	representative_surface_id	representative_source_path	representative_source_record_id	member_count	member_ids_json	authors	year	title	venue	doi_isbn_or_identifier	stable_url	rights_review_status	text_access_status	locator_review_status	association_evidence_status	required_next_action	record_sha256
R16B-SOURCE:02210c41d8e5caf902fe3fe7f7b49e8321f029f1d7d65354562caa95b4218407	DOI	10.1080/17547075.2015.1051786	SURF-R09-001	docs/research/trace-v49-design-history-relation-vocabulary-round1/03_SCHOLARLY_SOURCE_REGISTRY.tsv	SRC-0003	1	"[""SURF-R09-001:SRC-0003""]"	Basile Zimmermann; Nicolas Nova	2015	Circulation: A Theoretical Toolkit	Design and Culture	10.1080/17547075.2015.1051786	https://doi.org/10.1080/17547075.2015.1051786	PENDING	NOT_REVIEWED	NOT_REVIEWED	NOT_EVIDENCE_METADATA_IDENTITY_ONLY	Resolve lawful text access and reuse rights, inspect source text at a stable locator, and perform bounded-sense group review before any evidence use.	d1124a542dbf4317edf9e82fce59f2c782b18f3c9a9d5774a59a7dc3d50ec772
R16B-SOURCE:025d8e088073ab13069b5936bbb5b32f507578e3119955d2180e547233d03953	DOI	10.1093/jdh/epv047	SURF-R13-001	docs/research/trace-v49-exploration-composition-review-round1/03_COMPOSITION_SCHOLARLY_SOURCE_REGISTRY.tsv	COMP-SRC-021	2	"[""SURF-R13-001:COMP-SRC-021"",""SURF-R09-001:SRC-0035""]"	Damon Taylor	2016	Laying Down Memories: the Cultural Mobility of Tejo Remy's Chest of Drawers	Journal of Design History 29.3	10.1093/jdh/epv047	https://academic.oup.com/jdh/article/29/3/245/1745258	PENDING	NOT_REVIEWED	NOT_REVIEWED	NOT_EVIDENCE_METADATA_IDENTITY_ONLY	Resolve lawful text access and reuse rights, inspect source text at a stable locator, and perform bounded-sense group review before any evidence use.	a874469201caae0691447ecc297c9d9c4d4dbf7e348047d1fe0cffd4d16c2246
R16B-SOURCE:030d41bc7e3b350d278c8cb8a7f716224873f628b3e19c64489a183c2065eadb	DOI	10.1093/jdh/epac038	SURF-R09-001	docs/research/trace-v49-design-history-relation-vocabulary-round1/03_SCHOLARLY_SOURCE_REGISTRY.tsv	SRC-0039	1	"[""SURF-R09-001:SRC-0039""]"	Sarah Cheang; Katie Irani; Livia Rezende; Shehnaz Suterwalla	2023	In Between Breaths	Journal of Design History	10.1093/jdh/epac038	https://doi.org/10.1093/jdh/epac038	PENDING	NOT_REVIEWED	NOT_REVIEWED	NOT_EVIDENCE_METADATA_IDENTITY_ONLY	Resolve lawful text access and reuse rights, inspect source text at a stable locator, and perform bounded-sense group review before any evidence use.	53f3609d755d0e33d1f6bec92f08dd13cdcde27705af4a7cf776e42517ac88c0
R16B-SOURCE:0b3a316a31cb9775bc3e43b849d639f4f5f2f23f8b828aa3b04523b45aa3b565	DOI	10.1093/jdh/epag001	SURF-R10-001	docs/research/trace-v49-design-history-relation-grammar-round1/03_GRAMMAR_SCHOLARLY_SOURCE_REGISTRY.tsv	GRAM-SRC-001	2	"[""SURF-R10-001:GRAM-SRC-001"",""SURF-R13-001:COMP-SRC-010""]"	Anna Kallen Talley	2026	Digital Design History: State of the Field, Definitions and Possibilities	Journal of Design History	10.1093/jdh/epag001	https://academic.oup.com/jdh/article/39/2/113/8537083	PENDING	NOT_REVIEWED	NOT_REVIEWED	NOT_EVIDENCE_METADATA_IDENTITY_ONLY	Resolve lawful text access and reuse rights, inspect source text at a stable locator, and perform bounded-sense group review before any evidence use.	fcedd5a7bead2242800fd4d76985cf487a86cb0eff9b39bdab63252f3fd93890
R16B-SOURCE:0cc8437a2c1cfd309efe788c2bf0dbc4a2774137011dc0fbc2a769869443c91d	DOI	10.1017/eso.2021.58	SURF-R10-001	docs/research/trace-v49-design-history-relation-grammar-round1/03_GRAMMAR_SCHOLARLY_SOURCE_REGISTRY.tsv	GRAM-SRC-028	2	"[""SURF-R10-001:GRAM-SRC-028"",""SURF-R13-001:COMP-SRC-006""]"	Gino Cattani; Mariachiara Colucci; Simone Ferriani	2023	From the Margins to the Core of Haute Couture: The Entrepreneurial Journey of Coco Chanel	Enterprise & Society	10.1017/eso.2021.58	https://www.cambridge.org/core/journals/enterprise-and-society/article/from-the-margins-to-the-core-of-haute-couture-the-entrepreneurial-journey-of-coco-chanel/F9C3C4631A1971D2A18A6A468308F1AA	PENDING	NOT_REVIEWED	NOT_REVIEWED	NOT_EVIDENCE_METADATA_IDENTITY_ONLY	Resolve lawful text access and reuse rights, inspect source text at a stable locator, and perform bounded-sense group review before any evidence use.	f70ea9870bc4a8c99c4b74f934981bbdea9a43ce8906a330dd51de1c32587957
R16B-SOURCE:126e8a358227bd7817e76e84dc4232a4fc262806a5a68d2f48139fff893cb644	ISBN	9781800080836	SURF-R10-001	docs/research/trace-v49-design-history-relation-grammar-round1/03_GRAMMAR_SCHOLARLY_SOURCE_REGISTRY.tsv	GRAM-SRC-008	1	"[""SURF-R10-001:GRAM-SRC-008""]"	Paolo Scrivano	2021	The Complexity of Cultural Exchange: Anglo-Italian Relations in Architecture between Transnational Interactions and National Narratives	Postwar Architecture between Italy and the UK	9781800080836	https://re.public.polimi.it/handle/11311/1182602	PENDING	NOT_REVIEWED	NOT_REVIEWED	NOT_EVIDENCE_METADATA_IDENTITY_ONLY	Resolve lawful text access and reuse rights, inspect source text at a stable locator, and perform bounded-sense group review before any evidence use.	4139955b8b26f4d21355b6842e1b17c40d75b9f72e4659697a2646b3a354c4e2
R16B-SOURCE:15c92feb3085387dc21480db3e669ecb03f01414d6dd6bd59be51fd1fafef6e2	DOI	10.1177/1069397110393145	SURF-R13-001	docs/research/trace-v49-exploration-composition-review-round1/03_COMPOSITION_SCHOLARLY_SOURCE_REGISTRY.tsv	COMP-SRC-018	1	"[""SURF-R13-001:COMP-SRC-018""]"	Richard E. Blanton	2011	Cultural Transformation, Art, and Collective Action in Polity Building	Cross-Cultural Research 45.2	10.1177/1069397110393145	https://journals.sagepub.com/doi/10.1177/1069397110393145	PENDING	NOT_REVIEWED	NOT_REVIEWED	NOT_EVIDENCE_METADATA_IDENTITY_ONLY	Resolve lawful text access and reuse rights, inspect source text at a stable locator, and perform bounded-sense group review before any evidence use.	c76d4ade924a4c334476682236efbeeed843def74c1e1becf70ec002827c743a
R16B-SOURCE:1752fcde91a8d5c80af2c4971ac839f0f93a62ac08586547ccc7725abe4b7619	DOI	10.1080/18626033.2013.798922	SURF-R13-001	docs/research/trace-v49-exploration-composition-review-round1/03_COMPOSITION_SCHOLARLY_SOURCE_REGISTRY.tsv	COMP-SRC-020	1	"[""SURF-R13-001:COMP-SRC-020""]"	Jane Hutton	2013	Reciprocal Landscapes: Material Portraits in New York City and Elsewhere	Journal of Landscape Architecture 8.1	10.1080/18626033.2013.798922	https://www.tandfonline.com/doi/abs/10.1080/18626033.2013.798922	PENDING	NOT_REVIEWED	NOT_REVIEWED	NOT_EVIDENCE_METADATA_IDENTITY_ONLY	Resolve lawful text access and reuse rights, inspect source text at a stable locator, and perform bounded-sense group review before any evidence use.	5e351d852f25d72d9d33c8f594e46729c10f2fb54c3172972acb78d16292a2d1
R16B-SOURCE:21f5bf1145bcd7e6ea6300e64efb27b57fa805ef2595db4918593fd74cead7fa	DOI	10.1093/jdh/epw003	SURF-R09-001	docs/research/trace-v49-design-history-relation-vocabulary-round1/03_SCHOLARLY_SOURCE_REGISTRY.tsv	SRC-0029	1	"[""SURF-R09-001:SRC-0029""]"	Fedja Vukić	2017	Rethinking the Environment: An Introduction to Matko Meštrović's 'Dizajn i okolina' from 1980	Journal of Design History	10.1093/jdh/epw003	https://doi.org/10.1093/jdh/epw003	PENDING	NOT_REVIEWED	NOT_REVIEWED	NOT_EVIDENCE_METADATA_IDENTITY_ONLY	Resolve lawful text access and reuse rights, inspect source text at a stable locator, and perform bounded-sense group review before any evidence use.	2730b6d88c270a5ad29974d4a7899ac2c30c80a31a52380d097364c7f98b444e
R16B-SOURCE:243d4cc2d34ac8278bb1e05be705790bea876262385649195b9a49099af51b55	DOI	10.1179/174329511x13123634653820	SURF-R10-001	docs/research/trace-v49-design-history-relation-grammar-round1/03_GRAMMAR_SCHOLARLY_SOURCE_REGISTRY.tsv	GRAM-SRC-014	1	"[""SURF-R10-001:GRAM-SRC-014""]"	Annebella Pollen	2011	Performing Spectacular Girlhood: Mass-Produced Dressing-Up Costumes and the Commodification of Imagination	Textile History	10.1179/174329511X13123634653820	https://www.tandfonline.com/doi/full/10.1179/174329511X13123634653820	PENDING	NOT_REVIEWED	NOT_REVIEWED	NOT_EVIDENCE_METADATA_IDENTITY_ONLY	Resolve lawful text access and reuse rights, inspect source text at a stable locator, and perform bounded-sense group review before any evidence use.	5339d997bed006ede8272d0e17e13a7856ab19db4e84e9213876e536cb8c5cbf
R16B-SOURCE:25fe7267411241128cec77566ce1eaeaff5f74eefaa0abb19c56bd5fc34f0036	DOI	10.1093/jdh/epac017	SURF-R09-001	docs/research/trace-v49-design-history-relation-vocabulary-round1/03_SCHOLARLY_SOURCE_REGISTRY.tsv	SRC-0048	1	"[""SURF-R09-001:SRC-0048""]"	Sheilagh Quaile	2023	Imitation and Piracy in Paisley Shawl Design, 1805-1870	Journal of Design History	10.1093/jdh/epac017	https://academic.oup.com/jdh/article-abstract/36/1/1/6583348	PENDING	NOT_REVIEWED	NOT_REVIEWED	NOT_EVIDENCE_METADATA_IDENTITY_ONLY	Resolve lawful text access and reuse rights, inspect source text at a stable locator, and perform bounded-sense group review before any evidence use.	283e9a6a2888b6977d98d4269ee056cd5619db2970a7e47cce0801ea7c2ae63b
R16B-SOURCE:286ff9bdec25b954ad305aa1feca804d2623bd9d50adaa7581c30023cec4d33c	DOI	10.1093/jdh/epr023	SURF-R09-001	docs/research/trace-v49-design-history-relation-vocabulary-round1/03_SCHOLARLY_SOURCE_REGISTRY.tsv	SRC-0023	1	"[""SURF-R09-001:SRC-0023""]"	Julia Moszkowicz	2011	Lost in Translation: The Emergence and Erasure of 'New Thinking' within Graphic Design Criticism in the 1990s	Journal of Design History	10.1093/jdh/epr023	https://academic.oup.com/jdh/article-abstract/24/3/241/405134	PENDING	NOT_REVIEWED	NOT_REVIEWED	NOT_EVIDENCE_METADATA_IDENTITY_ONLY	Resolve lawful text access and reuse rights, inspect source text at a stable locator, and perform bounded-sense group review before any evidence use.	56d412e7e677359fe22457572c694051a43a0d584dd8dfd70cf811f3dc2b96c2
R16B-SOURCE:2a0e8a5870d44c9986e4af9f6ffabf9b1691f7c2cb6a5b8dcbc5cedd284d873c	DOI	10.15187/adr.2021.02.34.1.201	SURF-R09-001	docs/research/trace-v49-design-history-relation-vocabulary-round1/03_SCHOLARLY_SOURCE_REGISTRY.tsv	SRC-0047	1	"[""SURF-R09-001:SRC-0047""]"	Jongkyun Kim	2021	Transnational Design History Based on Designer Han Do-ryong's Life and Works	Archives of Design Research	10.15187/adr.2021.02.34.1.201	https://doi.org/10.15187/adr.2021.02.34.1.201	PENDING	NOT_REVIEWED	NOT_REVIEWED	NOT_EVIDENCE_METADATA_IDENTITY_ONLY	Resolve lawful text access and reuse rights, inspect source text at a stable locator, and perform bounded-sense group review before any evidence use.	25ff209fb5116b7b7dc32f5755cec20040353e29cd01a753d3a460858a683697
R16B-SOURCE:2a36b972c2df052417ef3750f91556c2abb05dcab07df42239eef2e1b45eb6d8	DOI	10.4324/9781003376033-2	SURF-R10-001	docs/research/trace-v49-design-history-relation-grammar-round1/03_GRAMMAR_SCHOLARLY_SOURCE_REGISTRY.tsv	GRAM-SRC-021	1	"[""SURF-R10-001:GRAM-SRC-021""]"	Marlena Jankowska	2023	House of sartorial genius? History of imitation in the modern fashion industry	Intellectual Property Rights, Copynorm and the Fashion Industry	10.4324/9781003376033-2	https://www.taylorfrancis.com/chapters/oa-mono/10.4324/9781003376033-2/house-sartorial-genius-history-imitation-modern-fashion-industry-marlena-jankowska	PENDING	NOT_REVIEWED	NOT_REVIEWED	NOT_EVIDENCE_METADATA_IDENTITY_ONLY	Resolve lawful text access and reuse rights, inspect source text at a stable locator, and perform bounded-sense group review before any evidence use.	f7d0c94af5582e7edb71c0f9afcd681b9695711942f502bab24484371e9ab022
R16B-SOURCE:2d5d3290c5f700ab1d7dcdb7ea103dbd8726600a12d64b9c912d87cf3f93a39b	DOI	10.1080/17569370.2015.1045348	SURF-R10-001	docs/research/trace-v49-design-history-relation-grammar-round1/03_GRAMMAR_SCHOLARLY_SOURCE_REGISTRY.tsv	GRAM-SRC-019	1	"[""SURF-R10-001:GRAM-SRC-019""]"	Yoo Jin Kwon; Yhe-Young Lee	2015	Traditional Aesthetic Characteristics Traced in South Korean Contemporary Fashion Practice	Fashion Practice	10.1080/17569370.2015.1045348	https://www.tandfonline.com/doi/abs/10.1080/17569370.2015.1045348	PENDING	NOT_REVIEWED	NOT_REVIEWED	NOT_EVIDENCE_METADATA_IDENTITY_ONLY	Resolve lawful text access and reuse rights, inspect source text at a stable locator, and perform bounded-sense group review before any evidence use.	de0af8a74be615286cceb3fc6d687012100e5b6faa3f399772c491a1f0c426ca
R16B-SOURCE:2f69dcdb257a4afefd3a4b46bdc833fe34c637fe89bc76b38f5aa4ab5eaa8e04	DOI	10.1080/17547075.2017.1326231	SURF-R10-001	docs/research/trace-v49-design-history-relation-grammar-round1/03_GRAMMAR_SCHOLARLY_SOURCE_REGISTRY.tsv	GRAM-SRC-009	1	"[""SURF-R10-001:GRAM-SRC-009""]"	Katarina Serulus	2017	Well-Designed Relations: Cold War Design Exchanges between Brussels and Moscow in the Early 1970s	Design and Culture	10.1080/17547075.2017.1326231	https://www.tandfonline.com/doi/abs/10.1080/17547075.2017.1326231	PENDING	NOT_REVIEWED	NOT_REVIEWED	NOT_EVIDENCE_METADATA_IDENTITY_ONLY	Resolve lawful text access and reuse rights, inspect source text at a stable locator, and perform bounded-sense group review before any evidence use.	fce201f6fbfc30a5cf47bfe0d2deb45d2dce01535985a908df66203e18f575ea
R16B-SOURCE:31cc56a4398e3a7a2cdf6d0e390aa18b480d0cc36959fa3e8a70e43e80801855	DOI	10.1093/jdh/epag007	SURF-R09-001	docs/research/trace-v49-design-history-relation-vocabulary-round1/03_SCHOLARLY_SOURCE_REGISTRY.tsv	SRC-0024	1	"[""SURF-R09-001:SRC-0024""]"	Virginia Marano	2026	Decoding Desire: Access and Intimacy in Sexual Objects	Journal of Design History	10.1093/jdh/epag007	https://academic.oup.com/jdh/advance-article/doi/10.1093/jdh/epag007/8713764	PENDING	NOT_REVIEWED	NOT_REVIEWED	NOT_EVIDENCE_METADATA_IDENTITY_ONLY	Resolve lawful text access and reuse rights, inspect source text at a stable locator, and perform bounded-sense group review before any evidence use.	50a617906f73e82d895b693cf573b1a70079183a85aecd8b75e90b2dcf4a9a33
R16B-SOURCE:32fea0fc08f5e325cad64014d79fcfbff8ac1647dfbcf1867f21a71d6d7f67b3	DOI	10.1093/jdh/epn007	SURF-R13-001	docs/research/trace-v49-exploration-composition-review-round1/03_COMPOSITION_SCHOLARLY_SOURCE_REGISTRY.tsv	COMP-SRC-001	2	"[""SURF-R13-001:COMP-SRC-001"",""SURF-R09-001:SRC-0009""]"	Grace Lees-Maffei	2008	Introduction: Professionalization as a Focus in Interior Design History	Journal of Design History 21.1	10.1093/jdh/epn007	https://academic.oup.com/jdh/article/21/1/1/361205	PENDING	NOT_REVIEWED	NOT_REVIEWED	NOT_EVIDENCE_METADATA_IDENTITY_ONLY	Resolve lawful text access and reuse rights, inspect source text at a stable locator, and perform bounded-sense group review before any evidence use.	eb7eaa79e10c40ac58deb1b0b9b10968831100c17c682ce01a733c4cacd7afd7
R16B-SOURCE:344d06e3195edcc35feb0eb9943e907bca58dfbf41e76458c4a306126ecf39bc	DOI	10.1080/00233609.2013.809017	SURF-R10-001	docs/research/trace-v49-design-history-relation-grammar-round1/03_GRAMMAR_SCHOLARLY_SOURCE_REGISTRY.tsv	GRAM-SRC-022	1	"[""SURF-R10-001:GRAM-SRC-022""]"	Audrey Millet	2013	Dessiner La Mode En Régime De Fabrique: L'imitation Au Cœur Du Processus Créatif	Konsthistorisk tidskrift / Journal of Art History	10.1080/00233609.2013.809017	https://www.tandfonline.com/doi/full/10.1080/00233609.2013.809017	PENDING	NOT_REVIEWED	NOT_REVIEWED	NOT_EVIDENCE_METADATA_IDENTITY_ONLY	Resolve lawful text access and reuse rights, inspect source text at a stable locator, and perform bounded-sense group review before any evidence use.	ecd7ac7505172269a05ae5098b4a77fd433ff7fbec52f520b2cc56b202db7a1b
R16B-SOURCE:35910c1de3b938bb64faa7a79dd21ba54d5690820638bfe60ba024ad43742fd7	DOI	10.1016/j.jbusres.2023.113946	SURF-R10-001	docs/research/trace-v49-design-history-relation-grammar-round1/03_GRAMMAR_SCHOLARLY_SOURCE_REGISTRY.tsv	GRAM-SRC-027	2	"[""SURF-R10-001:GRAM-SRC-027"",""SURF-R13-001:COMP-SRC-008""]"	Areti T. Vogel; Jacob Vogel; Kittichai Watchravesringkan; Sasikarn Chatvijit Cook; James Beasley; Randall Croom; Dale Peterson; Joshua Finkelstein	2023	Design piracy: an interdisciplinary investigation into competitive industrial behavior	Journal of Business Research	10.1016/j.jbusres.2023.113946	https://www.sciencedirect.com/science/article/pii/S0148296323003041	PENDING	NOT_REVIEWED	NOT_REVIEWED	NOT_EVIDENCE_METADATA_IDENTITY_ONLY	Resolve lawful text access and reuse rights, inspect source text at a stable locator, and perform bounded-sense group review before any evidence use.	dd7ec22ee6e3b6cb7e8cf03deb2d561c4f5bf1105de29d7062c324f14c59bf06
R16B-SOURCE:36f8bdee1ef2eca5af6cb410d72c1ddb70b1764095869c82d0a05096e5955f62	DOI	10.1093/oxartj/kcad007	SURF-R13-001	docs/research/trace-v49-exploration-composition-review-round1/03_COMPOSITION_SCHOLARLY_SOURCE_REGISTRY.tsv	COMP-SRC-012	1	"[""SURF-R13-001:COMP-SRC-012""]"	Todd P. Olson	2023	Cultural Transfer and Its Discontents: Recent Scholarship on the Mobility of Early Modern Prints	Oxford Art Journal 46.1	10.1093/oxartj/kcad007	https://doi.org/10.1093/oxartj/kcad007	PENDING	NOT_REVIEWED	NOT_REVIEWED	NOT_EVIDENCE_METADATA_IDENTITY_ONLY	Resolve lawful text access and reuse rights, inspect source text at a stable locator, and perform bounded-sense group review before any evidence use.	f0478e4e62b7a2c1ab2918c7daf58f48bab34a0d90c5b695c582983d4291668f
R16B-SOURCE:3a59bbd7d928188410254f0adcdbb21326cdaa8e8d91bf5e0f89a422245760c2	DOI	10.1093/jdh/epz045	SURF-R09-001	docs/research/trace-v49-design-history-relation-vocabulary-round1/03_SCHOLARLY_SOURCE_REGISTRY.tsv	SRC-0002	1	"[""SURF-R09-001:SRC-0002""]"	Jessica Kelly; Claire Jamieson	2020	Practice, Discourse and Experience: The Relationship Between Design History and Architectural History	Journal of Design History	10.1093/jdh/epz045	https://academic.oup.com/jdh/article/33/1/1/5678647	PENDING	NOT_REVIEWED	NOT_REVIEWED	NOT_EVIDENCE_METADATA_IDENTITY_ONLY	Resolve lawful text access and reuse rights, inspect source text at a stable locator, and perform bounded-sense group review before any evidence use.	0ebf067ee19190f3a3d0b6825c8aa4e22ad7d5153b531e7b03a13131a98700cf
R16B-SOURCE:4600bf60cf9ef6cc2155bf938b57226df10b57c94a4409f21682f76cf70ecb3f	DOI	10.1093/jdh/ept046	SURF-R09-001	docs/research/trace-v49-design-history-relation-vocabulary-round1/03_SCHOLARLY_SOURCE_REGISTRY.tsv	SRC-0026	1	"[""SURF-R09-001:SRC-0026""]"	Siv Ringdal; translator Kjetil Fallan	2014	110 Volts at Home: the American Lista	Journal of Design History	10.1093/jdh/ept046	https://academic.oup.com/jdh/article/27/1/79/474250	PENDING	NOT_REVIEWED	NOT_REVIEWED	NOT_EVIDENCE_METADATA_IDENTITY_ONLY	Resolve lawful text access and reuse rights, inspect source text at a stable locator, and perform bounded-sense group review before any evidence use.	a6bff8ac07c197aa3ae9afa64e6e3b01b21c2bceb60802a61f936f7ce840ff61
R16B-SOURCE:48096af6b4c8298e0d0d1fc59e4a88db4513bb1d7467f511fefe737b05cfd717	DOI	10.1093/jpo/joab010	SURF-R10-001	docs/research/trace-v49-design-history-relation-grammar-round1/03_GRAMMAR_SCHOLARLY_SOURCE_REGISTRY.tsv	GRAM-SRC-005	2	"[""SURF-R10-001:GRAM-SRC-005"",""SURF-R13-001:COMP-SRC-002""]"	Turid Moldenæs; Hilde Marie Pettersen	2021	The professional project of graphic designers and universities' visual identities	Journal of Professions and Organization	10.1093/jpo/joab010	https://academic.oup.com/jpo/article/8/2/184/6324046	PENDING	NOT_REVIEWED	NOT_REVIEWED	NOT_EVIDENCE_METADATA_IDENTITY_ONLY	Resolve lawful text access and reuse rights, inspect source text at a stable locator, and perform bounded-sense group review before any evidence use.	6d2841dc43b8bf1deb008b68b430932a15b1015b02f8f939b4061ce599b0468b
R16B-SOURCE:4e0ae75c3628da42b43e1a46726c645afb41bf622108ce4510784739ab28c997	DOI	10.1093/jdh/epac035	SURF-R13-001	docs/research/trace-v49-exploration-composition-review-round1/03_COMPOSITION_SCHOLARLY_SOURCE_REGISTRY.tsv	COMP-SRC-026	2	"[""SURF-R13-001:COMP-SRC-026"",""SURF-R09-001:SRC-0006""]"	Daniele Burlando	2023	'Moroccan' Artek: Colonized Textiles within 1930s Modernist Interiors	Journal of Design History 36.1	10.1093/jdh/epac035	https://academic.oup.com/jdh/article/36/1/35/6691352	PENDING	NOT_REVIEWED	NOT_REVIEWED	NOT_EVIDENCE_METADATA_IDENTITY_ONLY	Resolve lawful text access and reuse rights, inspect source text at a stable locator, and perform bounded-sense group review before any evidence use.	0cdb3de592b0aca3a487cc606b626d9db990b4458cd70dbbcbe395991f04bc48
R16B-SOURCE:4f7e4a2df6dde72a8ac903bd0a15568b252ea157e3b1ab633091a9ab182e1488	DOI	10.1093/jdh/epaa058	SURF-R09-001	docs/research/trace-v49-design-history-relation-vocabulary-round1/03_SCHOLARLY_SOURCE_REGISTRY.tsv	SRC-0021	1	"[""SURF-R09-001:SRC-0021""]"	Paul Atkinson	2021	Born in the USA: The Cigar Box Guitar, Object Displacement and Performative DIY	Journal of Design History	10.1093/jdh/epaa058	https://academic.oup.com/jdh/article/34/3/260/6038974	PENDING	NOT_REVIEWED	NOT_REVIEWED	NOT_EVIDENCE_METADATA_IDENTITY_ONLY	Resolve lawful text access and reuse rights, inspect source text at a stable locator, and perform bounded-sense group review before any evidence use.	63002d337a578760946271413ef6cf5019ba52ed6dbd4132c2996552f6b44d30
R16B-SOURCE:505090d90266ff232b4fc63c36533b75cff8cc2625ca86898817629403440f82	DOI	10.1515/9781785334467-016	SURF-R09-001	docs/research/trace-v49-design-history-relation-vocabulary-round1/03_SCHOLARLY_SOURCE_REGISTRY.tsv	SRC-0036	1	"[""SURF-R09-001:SRC-0036""]"	Patricia Lara-Betancourt	2016	The Quest for Modernity: A Global/National Approach to a History of Design in Latin America	Designing Worlds	10.1515/9781785334467-016	https://doi.org/10.1515/9781785334467-016	PENDING	NOT_REVIEWED	NOT_REVIEWED	NOT_EVIDENCE_METADATA_IDENTITY_ONLY	Resolve lawful text access and reuse rights, inspect source text at a stable locator, and perform bounded-sense group review before any evidence use.	f3174b035f92c45efc38b004db45952bed9a9eab9c58f9ef9b97b8af8ae1c163
R16B-SOURCE:515fe8763710342f982724acbe94d7b48d2dcc6672f6ee111d2390b8bd6af1db	DOI	10.1017/s0007680511000407	SURF-R13-001	docs/research/trace-v49-exploration-composition-review-round1/03_COMPOSITION_SCHOLARLY_SOURCE_REGISTRY.tsv	COMP-SRC-029	1	"[""SURF-R13-001:COMP-SRC-029""]"	Véronique Pouillard	2011	Design Piracy in the Fashion Industries of Paris and New York	Business History Review 85.2	10.1017/S0007680511000407	https://www.cambridge.org/core/journals/business-history-review/article/abs/design-piracy-in-the-fashion-industries-of-paris-and-new-york-in-the-interwar-years/AB3FC3E1B56C0798123ABDF06BD62486	PENDING	NOT_REVIEWED	NOT_REVIEWED	NOT_EVIDENCE_METADATA_IDENTITY_ONLY	Resolve lawful text access and reuse rights, inspect source text at a stable locator, and perform bounded-sense group review before any evidence use.	f5d8599a29623a5cb5a3c2ccd928e1ad138bfde8549bfd32ed0a7253098680e8
R16B-SOURCE:524a429d0381d267c1dfa8f193ac2e198b4e5b446435d16c0951a4eeffb7483b	DOI	10.1080/20419112.2025.2551445	SURF-R10-001	docs/research/trace-v49-design-history-relation-grammar-round1/03_GRAMMAR_SCHOLARLY_SOURCE_REGISTRY.tsv	GRAM-SRC-007	1	"[""SURF-R10-001:GRAM-SRC-007""]"	Grace Lees-Maffei	2025	Recent histories of the professionalization of interior design: from gatekeeping to inclusion	Interiors	10.1080/20419112.2025.2551445	https://www.tandfonline.com/doi/full/10.1080/20419112.2025.2551445	PENDING	NOT_REVIEWED	NOT_REVIEWED	NOT_EVIDENCE_METADATA_IDENTITY_ONLY	Resolve lawful text access and reuse rights, inspect source text at a stable locator, and perform bounded-sense group review before any evidence use.	e49dafa50eeca4eb0ba0e74676d7571f8869743834272e0e70fb99f1797f4d44
R16B-SOURCE:534ddd1ab4c72183b6146a69dff317fe530b56788e1efc3a0c0daf6587eb0c45	DOI	10.1093/jdh/epu035	SURF-R09-001	docs/research/trace-v49-design-history-relation-vocabulary-round1/03_SCHOLARLY_SOURCE_REGISTRY.tsv	SRC-0013	1	"[""SURF-R09-001:SRC-0013""]"	Yuko Kikuchi; Yunah Lee	2014	Transnational Modern Design Histories in East Asia: An Introduction	Journal of Design History	10.1093/jdh/epu035	https://doi.org/10.1093/jdh/epu035	PENDING	NOT_REVIEWED	NOT_REVIEWED	NOT_EVIDENCE_METADATA_IDENTITY_ONLY	Resolve lawful text access and reuse rights, inspect source text at a stable locator, and perform bounded-sense group review before any evidence use.	9447848bcd510c616000c4b3be113f7c20eda4281261b7aae630d43c0a713355
R16B-SOURCE:564db5875c0a65ed3b45ac8629f4a895316e7ef4f60ac3cf10925b276d17c757	DOI	10.1093/jdh/epy038	SURF-R09-001	docs/research/trace-v49-design-history-relation-vocabulary-round1/03_SCHOLARLY_SOURCE_REGISTRY.tsv	SRC-0011	1	"[""SURF-R09-001:SRC-0011""]"	Dora Souza Dias	2019	International Design Organizations and the Study of Transnational Interactions: The Case of Icogradalatinoamérica80	Journal of Design History	10.1093/jdh/epy038	https://academic.oup.com/jdh/article-abstract/32/2/188/5115654	PENDING	NOT_REVIEWED	NOT_REVIEWED	NOT_EVIDENCE_METADATA_IDENTITY_ONLY	Resolve lawful text access and reuse rights, inspect source text at a stable locator, and perform bounded-sense group review before any evidence use.	61489468343dcead4ac80f5e1dd38f7103b42994df20c49ff7c8359de5bd0194
R16B-SOURCE:59ff541c0f8d45a00f7ca11ca246a54ac9771fdecb68ef88e152fe122cd7f794	DOI	10.1080/09613218.2013.843269	SURF-R10-001	docs/research/trace-v49-design-history-relation-grammar-round1/03_GRAMMAR_SCHOLARLY_SOURCE_REGISTRY.tsv	GRAM-SRC-025	2	"[""SURF-R10-001:GRAM-SRC-025"",""SURF-R13-001:COMP-SRC-003""]"	Mike Bresnen	2013	Advancing a new professionalism: professionalization, practice and institutionalization	Building Research & Information	10.1080/09613218.2013.843269	https://www.tandfonline.com/doi/full/10.1080/09613218.2013.843269	PENDING	NOT_REVIEWED	NOT_REVIEWED	NOT_EVIDENCE_METADATA_IDENTITY_ONLY	Resolve lawful text access and reuse rights, inspect source text at a stable locator, and perform bounded-sense group review before any evidence use.	610aeb3d5e3f558e32f23734f00d3b16f0fc71878253ed0bc3f1272b3e9de315
R16B-SOURCE:5a680dc00a51b3ae166566cf49291864e94b7e216aff5d25d35546ef6e2b774a	DOI	10.1093/ips/oly005	SURF-R13-001	docs/research/trace-v49-exploration-composition-review-round1/03_COMPOSITION_SCHOLARLY_SOURCE_REGISTRY.tsv	COMP-SRC-028	1	"[""SURF-R13-001:COMP-SRC-028""]"	Karen Tucker	2018	Unraveling Coloniality in International Relations: Knowledge, Relationality, and Strategies for Engagement	International Political Sociology 12.3	10.1093/ips/oly005	https://academic.oup.com/ips/article/12/3/215/5025555	PENDING	NOT_REVIEWED	NOT_REVIEWED	NOT_EVIDENCE_METADATA_IDENTITY_ONLY	Resolve lawful text access and reuse rights, inspect source text at a stable locator, and perform bounded-sense group review before any evidence use.	b0aa641ce58aa715688815a9db5044c06319e4a5744320a8e8f016dbbc2f08d2
R16B-SOURCE:5ac08a34ab733e7c78c904b217a1b2306b112b0d0feec342d5bd45886b15e2b4	DOI	10.3390/arts13020052	SURF-R09-001	docs/research/trace-v49-design-history-relation-vocabulary-round1/03_SCHOLARLY_SOURCE_REGISTRY.tsv	SRC-0043	1	"[""SURF-R09-001:SRC-0043""]"	Laura J. Allen	2024	Local Fabric: Mid-Century Modernisms, Textile and Fashion Design, and the Northwest Coast, 1940-1967	Arts	10.3390/arts13020052	https://doi.org/10.3390/arts13020052	PENDING	NOT_REVIEWED	NOT_REVIEWED	NOT_EVIDENCE_METADATA_IDENTITY_ONLY	Resolve lawful text access and reuse rights, inspect source text at a stable locator, and perform bounded-sense group review before any evidence use.	32d8d73523dd1f1555416f7fb649d2962c52d50a3d30bb638f45eff20e21a444
R16B-SOURCE:5be20c9eaf34054d52e8786893381c5e256f88580450a85a22abe0f1b3a816ad	DOI	10.14746/aq.2021.32.1	SURF-R10-001	docs/research/trace-v49-design-history-relation-grammar-round1/03_GRAMMAR_SCHOLARLY_SOURCE_REGISTRY.tsv	GRAM-SRC-002	1	"[""SURF-R10-001:GRAM-SRC-002""]"	Piotr Korduba	2021	Między monografią a koneserstwem. Badania nad polskim dizajnem XX i początków XXI wieku	Artium Quaestiones	10.14746/aq.2021.32.1	https://pressto.amu.edu.pl/index.php/aq/article/view/32548	PENDING	NOT_REVIEWED	NOT_REVIEWED	NOT_EVIDENCE_METADATA_IDENTITY_ONLY	Resolve lawful text access and reuse rights, inspect source text at a stable locator, and perform bounded-sense group review before any evidence use.	d40f01dd91b3ab8202fc1748e3a6a1f217ab909c6bc72922e81fe403564a7fa1
R16B-SOURCE:5d193c4d3a98f82da91159c05a3fefc51ea0a1d90ded438d86d4dfd59899336b	DOI	10.1017/cbo9780511497193.002	SURF-R10-001	docs/research/trace-v49-design-history-relation-grammar-round1/03_GRAMMAR_SCHOLARLY_SOURCE_REGISTRY.tsv	GRAM-SRC-011	1	"[""SURF-R10-001:GRAM-SRC-011""]"	Peter Burke	2007	Cultures of translation in early modern Europe	Cultural Translation in Early Modern Europe	10.1017/CBO9780511497193.002	https://www.cambridge.org/core/books/abs/cultural-translation-in-early-modern-europe/cultures-of-translation-in-early-modern-europe/B9342283A22BFD6B066CEAB695DB572A	PENDING	NOT_REVIEWED	NOT_REVIEWED	NOT_EVIDENCE_METADATA_IDENTITY_ONLY	Resolve lawful text access and reuse rights, inspect source text at a stable locator, and perform bounded-sense group review before any evidence use.	c40eb48032de02a19fb6ddaf0bbd328f3588ae9dbe52c4dfe6de4afefbaded05
R16B-SOURCE:605d28eeb3342629852452981730f1e808f68c4accb887475b5e824ede6ac9e0	ISBN	9780521682206	SURF-R10-001	docs/research/trace-v49-design-history-relation-grammar-round1/03_GRAMMAR_SCHOLARLY_SOURCE_REGISTRY.tsv	GRAM-SRC-018	1	"[""SURF-R10-001:GRAM-SRC-018""]"	Stephen Greenblatt; Ines G. Županov; Reinhard Meyer-Kalkus; Heike Paul; Pál Nyíri; Friederike Pannewick	2009	Cultural Mobility: A Manifesto	Cultural Mobility: A Manifesto	9780521682206	https://stephengreenblatt.scholars.harvard.edu/cultural-mobility-manifesto	PENDING	NOT_REVIEWED	NOT_REVIEWED	NOT_EVIDENCE_METADATA_IDENTITY_ONLY	Resolve lawful text access and reuse rights, inspect source text at a stable locator, and perform bounded-sense group review before any evidence use.	0f87604d35bc83aa6c146fecadf116e68ea4d37873348e580caea4c7951436f6
R16B-SOURCE:62514ad085065f6b5933004d7bc07276154dbd30b43b434f5393adcd6615f194	DOI	10.1017/s0960777322000029	SURF-R13-001	docs/research/trace-v49-exploration-composition-review-round1/03_COMPOSITION_SCHOLARLY_SOURCE_REGISTRY.tsv	COMP-SRC-024	1	"[""SURF-R13-001:COMP-SRC-024""]"	Katarzyna Jeżowska	2024	Socialist, Humanist and Well-Designed: The Polish Welfare State at the International Labour Exhibition in Turin, 1961	Contemporary European History 33.1	10.1017/S0960777322000029	https://www.cambridge.org/core/journals/contemporary-european-history/article/socialist-humanist-and-welldesigned-the-polish-welfare-state-at-the-international-labour-exhibition-in-turin-1961/94D125A40C5B3B013872B9A949430909	PENDING	NOT_REVIEWED	NOT_REVIEWED	NOT_EVIDENCE_METADATA_IDENTITY_ONLY	Resolve lawful text access and reuse rights, inspect source text at a stable locator, and perform bounded-sense group review before any evidence use.	6501ba89d766a91d2c45a7f79122f12052bc949caa775674cd19c20dde7b583d
R16B-SOURCE:6766f325425788f10d060fec02ef73240660d33afe467dc5be3d12ab3216c5ee	DOI	10.1093/jdh/epz056	SURF-R09-001	docs/research/trace-v49-design-history-relation-vocabulary-round1/03_SCHOLARLY_SOURCE_REGISTRY.tsv	SRC-0033	1	"[""SURF-R09-001:SRC-0033""]"	Malene Breunig; Shona Kallestrup	2020	Translating Hygge: a Danish Design Myth and its Anglophone Appropriation	Journal of Design History	10.1093/jdh/epz056	https://doi.org/10.1093/jdh/epz056	PENDING	NOT_REVIEWED	NOT_REVIEWED	NOT_EVIDENCE_METADATA_IDENTITY_ONLY	Resolve lawful text access and reuse rights, inspect source text at a stable locator, and perform bounded-sense group review before any evidence use.	7a3fbd0c5ae336dbf90c3a8c7359a74b7ab808835693354615dfec02eb54226f
R16B-SOURCE:6f88b0c2a4bda8ea096c4184bc82cb55f23dbe257dc8c164b47fbdebbe079f32	DOI	10.1080/13602365.2023.2238284	SURF-R13-001	docs/research/trace-v49-exploration-composition-review-round1/03_COMPOSITION_SCHOLARLY_SOURCE_REGISTRY.tsv	COMP-SRC-027	1	"[""SURF-R13-001:COMP-SRC-027""]"	Emilio Distretti	2023	The Coloniality of Italian Fascist Architecture	The Journal of Architecture 28.4	10.1080/13602365.2023.2238284	https://doi.org/10.1080/13602365.2023.2238284	PENDING	NOT_REVIEWED	NOT_REVIEWED	NOT_EVIDENCE_METADATA_IDENTITY_ONLY	Resolve lawful text access and reuse rights, inspect source text at a stable locator, and perform bounded-sense group review before any evidence use.	eda4b88b619dc8085d4713afb3bb0f0fcfad6a11b52e69227b863fe81b8d1f4f
R16B-SOURCE:76638f628458fbb80972fada891a2c2b05b3adb4c1bc85b78355e6c0c3a85b78	DOI	10.1093/jdh/ept047	SURF-R09-001	docs/research/trace-v49-design-history-relation-vocabulary-round1/03_SCHOLARLY_SOURCE_REGISTRY.tsv	SRC-0025	1	"[""SURF-R09-001:SRC-0025""]"	Kjetil Fallan	2014	Introduction to '110 Volts at Home: The American Lista' by Siv Ringdal	Journal of Design History	10.1093/jdh/ept047	https://doi.org/10.1093/jdh/ept047	PENDING	NOT_REVIEWED	NOT_REVIEWED	NOT_EVIDENCE_METADATA_IDENTITY_ONLY	Resolve lawful text access and reuse rights, inspect source text at a stable locator, and perform bounded-sense group review before any evidence use.	5a3fbe4a27cae4fa0b104ed4a772b1b8919711b23b2920d8f3fb69d89f085a86
R16B-SOURCE:793f97084bb65ecf84629574db1d229732605ce26c2f6ab9a8728bf6cd5e6d92	DOI	10.1080/17547075.2017.1331686	SURF-R09-001	docs/research/trace-v49-design-history-relation-vocabulary-round1/03_SCHOLARLY_SOURCE_REGISTRY.tsv	SRC-0044	1	"[""SURF-R09-001:SRC-0044""]"	Harriet Atkinson; Verity Clarkson	2017	Editors' Introduction	Design and Culture	10.1080/17547075.2017.1331686	https://doi.org/10.1080/17547075.2017.1331686	PENDING	NOT_REVIEWED	NOT_REVIEWED	NOT_EVIDENCE_METADATA_IDENTITY_ONLY	Resolve lawful text access and reuse rights, inspect source text at a stable locator, and perform bounded-sense group review before any evidence use.	4c3e4de9be347813cc6b8e56ad3b7d7d5a158bfc869857126a5bc56ef9b5fcaf
R16B-SOURCE:7fa7cd47f98c1230ea844b10bea38c2b8c230323adbcea7205dd913ab462eaac	DOI	10.1093/jdh/epx007	SURF-R13-001	docs/research/trace-v49-exploration-composition-review-round1/03_COMPOSITION_SCHOLARLY_SOURCE_REGISTRY.tsv	COMP-SRC-004	2	"[""SURF-R13-001:COMP-SRC-004"",""SURF-R09-001:SRC-0017""]"	Livia Rezende	2017	Manufacturing the Raw in Design Pageantries: the Commodification and Gendering of Brazilian Tropical Nature	Journal of Design History 30.2	10.1093/jdh/epx007	https://researchonline.rca.ac.uk/2773/	PENDING	NOT_REVIEWED	NOT_REVIEWED	NOT_EVIDENCE_METADATA_IDENTITY_ONLY	Resolve lawful text access and reuse rights, inspect source text at a stable locator, and perform bounded-sense group review before any evidence use.	ec9d140f7a1336e8a5f0eec117ede1987abd702ec9099972c63bfdc723c38e5c
R16B-SOURCE:81f58d97133c9c3e2c6ef5af577705c458ad33661296d2daaa37d47c2d4b72f3	DOI	10.1093/jdh/epq038	SURF-R13-001	docs/research/trace-v49-exploration-composition-review-round1/03_COMPOSITION_SCHOLARLY_SOURCE_REGISTRY.tsv	COMP-SRC-011	1	"[""SURF-R13-001:COMP-SRC-011""]"	Gay McDonald	2010	The Modern American Home as Soft Power: Finland, MoMA and the 'American Home 1953' Exhibition	Journal of Design History 23.4	10.1093/jdh/epq038	https://academic.oup.com/jdh/article/23/4/387/426251	PENDING	NOT_REVIEWED	NOT_REVIEWED	NOT_EVIDENCE_METADATA_IDENTITY_ONLY	Resolve lawful text access and reuse rights, inspect source text at a stable locator, and perform bounded-sense group review before any evidence use.	0cedc98ebb6accc345acb8fe0617858d26ccc2b60d572b227752aac0c7329f24
R16B-SOURCE:863ee3bb3bca5cd3103e6dbbbfc6d4ecd662b8820bdbfd54d5c364f192990dc5	STABLE_URL	rusneb.ru/catalog/002178_000020_BGUNB-BEL%7C%7C%7CBIBL%7C%7C%7C0000236489	SURF-R09-001	docs/research/trace-v49-design-history-relation-vocabulary-round1/03_SCHOLARLY_SOURCE_REGISTRY.tsv	SRC-0028	1	"[""SURF-R09-001:SRC-0028""]"	Karl M. Kantor	1967	Красота и польза: социологические вопросы материально-художественной культуры	Beauty and Utility: Sociological Questions of Material-Artistic Culture	NO_ISBN_RECORDED	https://rusneb.ru/catalog/002178_000020_BGUNB-BEL%7C%7C%7CBIBL%7C%7C%7C0000236489/	PENDING	NOT_REVIEWED	NOT_REVIEWED	NOT_EVIDENCE_METADATA_IDENTITY_ONLY	Resolve lawful text access and reuse rights, inspect source text at a stable locator, and perform bounded-sense group review before any evidence use.	7ed0126925d558c179536ad709b76529919af4aa915a907f49858ea9f8a039b8
R16B-SOURCE:86eeb10fbb1caddcf8fbd3595fd781148cdf15f0555941ba9a9a03b39c00218d	DOI	10.1093/jdh/epw049	SURF-R09-001	docs/research/trace-v49-design-history-relation-vocabulary-round1/03_SCHOLARLY_SOURCE_REGISTRY.tsv	SRC-0037	1	"[""SURF-R09-001:SRC-0037""]"	Anders V. Munch	2017	On the Outskirts: the Geography of Design and the Self-exoticization of Danish Design	Journal of Design History	10.1093/jdh/epw049	https://doi.org/10.1093/jdh/epw049	PENDING	NOT_REVIEWED	NOT_REVIEWED	NOT_EVIDENCE_METADATA_IDENTITY_ONLY	Resolve lawful text access and reuse rights, inspect source text at a stable locator, and perform bounded-sense group review before any evidence use.	500bc093df7a5930fb5c3da29a80819ba8d629da388fd4f074c5f820a7c23466
R16B-SOURCE:8a4473c57d1fb1e45ac775173de154521bbc0a058267792e2c4bf05b948016ec	DOI	10.1093/jdh/epy040	SURF-R09-001	docs/research/trace-v49-design-history-relation-vocabulary-round1/03_SCHOLARLY_SOURCE_REGISTRY.tsv	SRC-0012	1	"[""SURF-R09-001:SRC-0012""]"	Tania Messell	2019	Globalization and Design Institutionalization: ICSID's XIth Congress and the Formation of ALADI, 1979	Journal of Design History	10.1093/jdh/epy040	https://academic.oup.com/jdh/issue/32/1	PENDING	NOT_REVIEWED	NOT_REVIEWED	NOT_EVIDENCE_METADATA_IDENTITY_ONLY	Resolve lawful text access and reuse rights, inspect source text at a stable locator, and perform bounded-sense group review before any evidence use.	7d029398d7d0adebb04753ac4463c15400fffdb143cb8f82514e96bdeacbc486
R16B-SOURCE:8bdd1e4fb535f6642815a51e57658446af31b196c6a54ff81e394eec71db8e53	DOI	10.1093/jdh/ept029	SURF-R09-001	docs/research/trace-v49-design-history-relation-vocabulary-round1/03_SCHOLARLY_SOURCE_REGISTRY.tsv	SRC-0034	1	"[""SURF-R09-001:SRC-0034""]"	Chen-Yu Chiu; Peter Myers; Philip Goad	2014	Chinese Colours and the Sydney Opera House (1956-1966)	Journal of Design History	10.1093/jdh/ept029	https://doi.org/10.1093/jdh/ept029	PENDING	NOT_REVIEWED	NOT_REVIEWED	NOT_EVIDENCE_METADATA_IDENTITY_ONLY	Resolve lawful text access and reuse rights, inspect source text at a stable locator, and perform bounded-sense group review before any evidence use.	a3a06f84bea45074aa34da36c95e480322a799584f882d6d0b45bf56cc900b8c
R16B-SOURCE:8ee17e9189170cf579911843496ee00458ef6bed6eab2372d277746f34487961	DOI	10.5209/mira.63100	SURF-R13-001	docs/research/trace-v49-exploration-composition-review-round1/03_COMPOSITION_SCHOLARLY_SOURCE_REGISTRY.tsv	COMP-SRC-015	1	"[""SURF-R13-001:COMP-SRC-015""]"	Ana Trujillo Dennis	2019	Ehon Don Kihōte de Serizawa Keisuke: Don Quijote como puente entre culturas	Mirai. Estudios Japoneses 3	10.5209/mira.63100	https://doi.org/10.5209/mira.63100	PENDING	NOT_REVIEWED	NOT_REVIEWED	NOT_EVIDENCE_METADATA_IDENTITY_ONLY	Resolve lawful text access and reuse rights, inspect source text at a stable locator, and perform bounded-sense group review before any evidence use.	de0a253a7fdac317f4694e76749abdebfa5e5dc2931186b1748530c0bcb3cbd4
R16B-SOURCE:8f6aac6924c464305c937b9c21696ea514e0881b016a6e6f589ccda260faf093	DOI	10.1093/jdh/epab027	SURF-R13-001	docs/research/trace-v49-exploration-composition-review-round1/03_COMPOSITION_SCHOLARLY_SOURCE_REGISTRY.tsv	COMP-SRC-019	2	"[""SURF-R13-001:COMP-SRC-019"",""SURF-R09-001:SRC-0020""]"	Sarah A. Lichtman;Jilly Traganou	2021	Introduction to Material Displacements	Journal of Design History 34.3	10.1093/jdh/epab027	https://academic.oup.com/jdh/issue/34/3	PENDING	NOT_REVIEWED	NOT_REVIEWED	NOT_EVIDENCE_METADATA_IDENTITY_ONLY	Resolve lawful text access and reuse rights, inspect source text at a stable locator, and perform bounded-sense group review before any evidence use.	ebeb130cdcc703a65f2d72f731fb68062eff5abf7e79af03f860ef92a8d55311
R16B-SOURCE:90f4f59bbc7d8a6b72f76150e7fba4a6a5a7ad59237f41d77486af75c8a40d6f	DOI	10.1080/01973762.2014.936101	SURF-R10-001	docs/research/trace-v49-design-history-relation-grammar-round1/03_GRAMMAR_SCHOLARLY_SOURCE_REGISTRY.tsv	GRAM-SRC-013	1	"[""SURF-R10-001:GRAM-SRC-013""]"	Estelle Blaschke	2014	Making History a Slightly Profitable Thing: The Bettmann Archive and the Commodification of Images	Visual Resources	10.1080/01973762.2014.936101	https://www.tandfonline.com/doi/abs/10.1080/01973762.2014.936101	PENDING	NOT_REVIEWED	NOT_REVIEWED	NOT_EVIDENCE_METADATA_IDENTITY_ONLY	Resolve lawful text access and reuse rights, inspect source text at a stable locator, and perform bounded-sense group review before any evidence use.	7fb3ac98d1221cf36f628abd82bd082caec4bc33e3ba930bdf9d9ab6e4739663
R16B-SOURCE:953906e05b565185e5432dacb3a361e3203904c1cf9b0393715daa0d59eca6e4	DOI	10.1080/14781700902937730	SURF-R10-001	docs/research/trace-v49-design-history-relation-grammar-round1/03_GRAMMAR_SCHOLARLY_SOURCE_REGISTRY.tsv	GRAM-SRC-010	1	"[""SURF-R10-001:GRAM-SRC-010""]"	Boris Buden; Stefan Nowotny; Sherry Simon; Ashok Bery; Michael Cronin	2009	Cultural translation: An introduction to the problem, and Responses	Translation Studies	10.1080/14781700902937730	https://www.tandfonline.com/doi/full/10.1080/14781700902937730	PENDING	NOT_REVIEWED	NOT_REVIEWED	NOT_EVIDENCE_METADATA_IDENTITY_ONLY	Resolve lawful text access and reuse rights, inspect source text at a stable locator, and perform bounded-sense group review before any evidence use.	72d8544288b6dcc4baf99b5af9da8dd937d98803594cdd3a0146659f4a9cd035
R16B-SOURCE:95b17b085b52169a9d4ec05c928873ea68862bbbbdf03db4eaece174478f4808	DOI	10.1080/17547075.2017.1321370	SURF-R09-001	docs/research/trace-v49-design-history-relation-vocabulary-round1/03_SCHOLARLY_SOURCE_REGISTRY.tsv	SRC-0045	1	"[""SURF-R09-001:SRC-0045""]"	Jonathan M. Woodham; Michael Thomson	2017	Cultural Diplomacy and Design in the Late Twentieth and Twenty-First Centuries	Design and Culture	10.1080/17547075.2017.1321370	https://doi.org/10.1080/17547075.2017.1321370	PENDING	NOT_REVIEWED	NOT_REVIEWED	NOT_EVIDENCE_METADATA_IDENTITY_ONLY	Resolve lawful text access and reuse rights, inspect source text at a stable locator, and perform bounded-sense group review before any evidence use.	d33d8da52a93254a41c0adfd15a7bc7cee69ef3b21d9cea5d9670a612d1eceab
R16B-SOURCE:96142d00fe9edfb319c8c1d9f84814e7f202e808e806da46b05d27e9810a4783	DOI	10.1179/0305803413z.00000000033	SURF-R09-001	docs/research/trace-v49-design-history-relation-vocabulary-round1/03_SCHOLARLY_SOURCE_REGISTRY.tsv	SRC-0008	1	"[""SURF-R09-001:SRC-0008""]"	Samuel Merrill	2013	The London Underground Diagram: Between Palimpsest and Canon	The London Journal	10.1179/0305803413Z.00000000033	https://doi.org/10.1179/0305803413Z.00000000033	PENDING	NOT_REVIEWED	NOT_REVIEWED	NOT_EVIDENCE_METADATA_IDENTITY_ONLY	Resolve lawful text access and reuse rights, inspect source text at a stable locator, and perform bounded-sense group review before any evidence use.	fcfedea6784f0143e6d89f655ef6d2369840b1d208ed9589ca469503c98fb8e6
R16B-SOURCE:979d302c5e19d41640de80729f01a305910f63a90b63c30c2a013ad14779dc59	DOI	10.1002/9781119112297.ch19	SURF-R09-001	docs/research/trace-v49-design-history-relation-vocabulary-round1/03_SCHOLARLY_SOURCE_REGISTRY.tsv	SRC-0010	1	"[""SURF-R09-001:SRC-0010""]"	Mark Taylor; Natalie Haskell	2019	The Professionalization of Interior Design	A Companion to Contemporary Design since 1945	10.1002/9781119112297.ch19	https://doi.org/10.1002/9781119112297.ch19	PENDING	NOT_REVIEWED	NOT_REVIEWED	NOT_EVIDENCE_METADATA_IDENTITY_ONLY	Resolve lawful text access and reuse rights, inspect source text at a stable locator, and perform bounded-sense group review before any evidence use.	20daabe3d68b85c21f6f1ce8207067b46615fbfa1130c13fff42d85b0319e920
R16B-SOURCE:9aab755ae3440446d2c0407e39d2b2d78ff078e3b390e9ffe7a673bfd55e0f56	DOI	10.1016/j.destud.2011.03.001	SURF-R13-001	docs/research/trace-v49-exploration-composition-review-round1/03_COMPOSITION_SCHOLARLY_SOURCE_REGISTRY.tsv	COMP-SRC-016	1	"[""SURF-R13-001:COMP-SRC-016""]"	Dirk Snelders;Kaj P. N. Morel;Pieter Havermans	2011	The Cultural Adaptation of Web Design to Local Industry Styles: A Comparative Study	Design Studies 32.5	10.1016/j.destud.2011.03.001	https://www.sciencedirect.com/science/article/abs/pii/S0142694X11000251	PENDING	NOT_REVIEWED	NOT_REVIEWED	NOT_EVIDENCE_METADATA_IDENTITY_ONLY	Resolve lawful text access and reuse rights, inspect source text at a stable locator, and perform bounded-sense group review before any evidence use.	1d57cf5493a03b7a1d8a8ca4f5464df8332d312ed4685c0640e5db1b836145c0
R16B-SOURCE:9f1927990a30139c0eb3ccbc56f87e5c0bf143648cc00b7dab091dc8370c218c	DOI	10.1017/dsj.2025.10031	SURF-R10-001	docs/research/trace-v49-design-history-relation-grammar-round1/03_GRAMMAR_SCHOLARLY_SOURCE_REGISTRY.tsv	GRAM-SRC-012	1	"[""SURF-R10-001:GRAM-SRC-012""]"	Ze-Rui Xiang; Miao Li; Yong-Meng Wu; Xiao-Fei Xu; Fan Zhang; Xiao Zhao	2025	Cultural Product Design: An Approach for Identifying Cultural Carriers, Transforming Cultural Elements and Applying Cultural Features	Design Science	10.1017/dsj.2025.10031	https://www.cambridge.org/core/journals/design-science/article/cultural-product-design-an-approach-for-identifying-cultural-carriers-transforming-cultural-elements-and-applying-cultural-features/1F0FD01E3314DE8D3B173257AA422726	PENDING	NOT_REVIEWED	NOT_REVIEWED	NOT_EVIDENCE_METADATA_IDENTITY_ONLY	Resolve lawful text access and reuse rights, inspect source text at a stable locator, and perform bounded-sense group review before any evidence use.	f4fedc6ae42b79fab0cd34c49cf73673b0addc87842a9e727349f7cfe04a555d
R16B-SOURCE:a31de9425194c3e2e5988f3fc941042b4a975c027ee92a5617be8e2c38ea752e	DOI	10.1093/jdh/6.2.71	SURF-R09-001	docs/research/trace-v49-design-history-relation-vocabulary-round1/03_SCHOLARLY_SOURCE_REGISTRY.tsv	SRC-0049	1	"[""SURF-R09-001:SRC-0049""]"	Alastair Durie	1993	Imitation in Scottish Eighteenth-Century Textiles: The Drive to Establish the Manufacture of Osnaburg Linen	Journal of Design History	10.1093/jdh/6.2.71	https://academic.oup.com/jdh/article-pdf/6/2/71/7285877/6-2-71.pdf	PENDING	NOT_REVIEWED	NOT_REVIEWED	NOT_EVIDENCE_METADATA_IDENTITY_ONLY	Resolve lawful text access and reuse rights, inspect source text at a stable locator, and perform bounded-sense group review before any evidence use.	6a1616b1c9a5e2467700bcbd95bd742bf1ce0089d906641b88988436fc316c8d
R16B-SOURCE:a371352fbb9d995f0447a0db19d0ed7d9fab06b731f66a2967f7a15af9126793	DOI	10.1093/jdh/epr024	SURF-R09-001	docs/research/trace-v49-design-history-relation-vocabulary-round1/03_SCHOLARLY_SOURCE_REGISTRY.tsv	SRC-0014	1	"[""SURF-R09-001:SRC-0014""]"	Yuko Kikuchi	2011	Design Histories and Design Studies in East Asia: Part 1	Journal of Design History	10.1093/jdh/epr024	https://academic.oup.com/jdh/article-abstract/24/3/273/405148	PENDING	NOT_REVIEWED	NOT_REVIEWED	NOT_EVIDENCE_METADATA_IDENTITY_ONLY	Resolve lawful text access and reuse rights, inspect source text at a stable locator, and perform bounded-sense group review before any evidence use.	4e77535347f2601f9ffe4fede8eac28ee78ffdd0e69f8350587487ef357999d0
R16B-SOURCE:a3793eaef10631756cb09626d336f5a0452c5139fc5552b6d15d08da06a45504	DOI	10.1093/jdh/epag002	SURF-R09-001	docs/research/trace-v49-design-history-relation-vocabulary-round1/03_SCHOLARLY_SOURCE_REGISTRY.tsv	SRC-0041	1	"[""SURF-R09-001:SRC-0041""]"	Zeina Maasri	2026	Book Arts as Archives of Decolonization: The Design and Visuality of Arabic Books (1950s-1980s)	Journal of Design History	10.1093/jdh/epag002	https://academic.oup.com/jdh/article/39/1/70/8533985	PENDING	NOT_REVIEWED	NOT_REVIEWED	NOT_EVIDENCE_METADATA_IDENTITY_ONLY	Resolve lawful text access and reuse rights, inspect source text at a stable locator, and perform bounded-sense group review before any evidence use.	b5c143847973d68f4c01205eb5a2107f97653c24cc1dd60f3fba50c9debf7b5d
R16B-SOURCE:a5d0469ac9518a10276fd96b7a24082d12592458001519efecb4779e1216ad95	DOI	10.1080/13264826.2021.1939745	SURF-R13-001	docs/research/trace-v49-exploration-composition-review-round1/03_COMPOSITION_SCHOLARLY_SOURCE_REGISTRY.tsv	COMP-SRC-013	1	"[""SURF-R13-001:COMP-SRC-013""]"	Tom Avermaete;Cathelijne Nuijsink	2021	Architectural Contact Zones: Another Way to Write Global Histories of the Post-War Period?	Architectural Theory Review 25.3	10.1080/13264826.2021.1939745	https://www.tandfonline.com/doi/full/10.1080/13264826.2021.1939745	PENDING	NOT_REVIEWED	NOT_REVIEWED	NOT_EVIDENCE_METADATA_IDENTITY_ONLY	Resolve lawful text access and reuse rights, inspect source text at a stable locator, and perform bounded-sense group review before any evidence use.	4731214ac01de7d563e17506f3b8fecc64a4e76a2175db39681a6e079d8c6f7a
R16B-SOURCE:a61362442084e32693e94609080972c1be45d251fcf23e510d014a68aa43bd96	DOI	10.1093/jdh/epx036	SURF-R09-001	docs/research/trace-v49-design-history-relation-vocabulary-round1/03_SCHOLARLY_SOURCE_REGISTRY.tsv	SRC-0005	1	"[""SURF-R09-001:SRC-0005""]"	Adriana Laura Massidda	2019	Design Exchanges in Mid-Twentieth Century Buenos Aires: The Programme Parque Almirante Brown and its Process of Creative Appropriation	Journal of Design History	10.1093/jdh/epx036	https://doi.org/10.1093/jdh/epx036	PENDING	NOT_REVIEWED	NOT_REVIEWED	NOT_EVIDENCE_METADATA_IDENTITY_ONLY	Resolve lawful text access and reuse rights, inspect source text at a stable locator, and perform bounded-sense group review before any evidence use.	9aaa1a9ad8bf0e47e83a547199194b057844a788b411c7485cc959497d7631bd
R16B-SOURCE:a68fddc64401935b97e71d8b8cd396e4a5cd4196f843dc4c1c1dfc9b5725031b	DOI	10.13109/gege.2017.43.3.413	SURF-R09-001	docs/research/trace-v49-design-history-relation-vocabulary-round1/03_SCHOLARLY_SOURCE_REGISTRY.tsv	SRC-0015	1	"[""SURF-R09-001:SRC-0015""]"	Jan Logemann	2017	Consumer Modernity as Cultural Translation: European Émigrés and Knowledge Transfers in Mid-Century Design and Marketing	Geschichte und Gesellschaft	10.13109/gege.2017.43.3.413	https://doi.org/10.13109/gege.2017.43.3.413	PENDING	NOT_REVIEWED	NOT_REVIEWED	NOT_EVIDENCE_METADATA_IDENTITY_ONLY	Resolve lawful text access and reuse rights, inspect source text at a stable locator, and perform bounded-sense group review before any evidence use.	cdb2b899cbb96ac659b28a2dad773fe3010b9c76a0527aa046cfa69c7842ff61
R16B-SOURCE:aa14c44d31c2460df382a17aa8a659bf1c4f3298c02ee446eb8a665183f356fa	DOI	10.1080/17547075.2017.1333388	SURF-R13-001	docs/research/trace-v49-exploration-composition-review-round1/03_COMPOSITION_SCHOLARLY_SOURCE_REGISTRY.tsv	COMP-SRC-023	1	"[""SURF-R13-001:COMP-SRC-023""]"	Susan E. Reid	2017	Cold War Cultural Transactions: Designing the USSR for the West at Brussels Expo '58	Design and Culture 9.2	10.1080/17547075.2017.1333388	https://www.tandfonline.com/doi/abs/10.1080/17547075.2017.1333388	PENDING	NOT_REVIEWED	NOT_REVIEWED	NOT_EVIDENCE_METADATA_IDENTITY_ONLY	Resolve lawful text access and reuse rights, inspect source text at a stable locator, and perform bounded-sense group review before any evidence use.	df6c4ba88305af9c7476326f99e32b99da19d768690187be0ab4674b0a7f7ab7
R16B-SOURCE:aeb8ba5ca902ff32a3ffb8badf9a22efa52ecf73f19fd18a8ffe5d812845a5af	DOI	10.1080/17547075.2018.1516437	SURF-R10-001	docs/research/trace-v49-design-history-relation-grammar-round1/03_GRAMMAR_SCHOLARLY_SOURCE_REGISTRY.tsv	GRAM-SRC-015	1	"[""SURF-R10-001:GRAM-SRC-015""]"	Magdalena Petersson McIntyre	2018	Gender by Design: Performativity and Consumer Packaging	Design and Culture	10.1080/17547075.2018.1516437	https://www.tandfonline.com/doi/pdf/10.1080/17547075.2018.1516437	PENDING	NOT_REVIEWED	NOT_REVIEWED	NOT_EVIDENCE_METADATA_IDENTITY_ONLY	Resolve lawful text access and reuse rights, inspect source text at a stable locator, and perform bounded-sense group review before any evidence use.	10c5cd6309b9aba17c817f1aa1343792714df404d064a7c374e1a8f1ffa0453a
R16B-SOURCE:af274ce968440ea8e36528018346f0131ca50a49ee2df93f5c75060a2425233b	DOI	10.1080/13602365.2020.1734048	SURF-R10-001	docs/research/trace-v49-design-history-relation-grammar-round1/03_GRAMMAR_SCHOLARLY_SOURCE_REGISTRY.tsv	GRAM-SRC-017	1	"[""SURF-R10-001:GRAM-SRC-017""]"	Wenwen Sun	2020	Public space in Chinese urban design theory after 1978: a compressed transculturation	The Journal of Architecture	10.1080/13602365.2020.1734048	https://repository.tudelft.nl/record/uuid:9f03fa61-1501-4d81-9c11-a1a191797752	PENDING	NOT_REVIEWED	NOT_REVIEWED	NOT_EVIDENCE_METADATA_IDENTITY_ONLY	Resolve lawful text access and reuse rights, inspect source text at a stable locator, and perform bounded-sense group review before any evidence use.	e19a2fc91f4d65d71d07a4f99dd79a25b42b3310a987e28cc57aa27a136af8ad
R16B-SOURCE:b6623d505da775b7b65dc666857a55a3ecfcb1b901d595b8085f9db77e4c4bf4	DOI	10.1080/00076791.2011.617211	SURF-R09-001	docs/research/trace-v49-design-history-relation-vocabulary-round1/03_SCHOLARLY_SOURCE_REGISTRY.tsv	SRC-0050	1	"[""SURF-R09-001:SRC-0050""]"	Marianne Dahlén	2012	Copy or Copyright Fashion? Swedish Design Protection Law in Historical and Comparative Perspective	Business History	10.1080/00076791.2011.617211	https://doi.org/10.1080/00076791.2011.617211	PENDING	NOT_REVIEWED	NOT_REVIEWED	NOT_EVIDENCE_METADATA_IDENTITY_ONLY	Resolve lawful text access and reuse rights, inspect source text at a stable locator, and perform bounded-sense group review before any evidence use.	115204b7245a89d615fa64780f6ba568a75c01cc66440473ba14402b28ba8103
R16B-SOURCE:b9b7d57fab9202f94a9ed32019ac66e5b88b86d796f6b1a44683a9fd8bfc2931	DOI	10.1093/jdh/epi048	SURF-R09-001	docs/research/trace-v49-design-history-relation-vocabulary-round1/03_SCHOLARLY_SOURCE_REGISTRY.tsv	SRC-0031	1	"[""SURF-R09-001:SRC-0031""]"	Rose Cooper; Darcy White	2005	Teaching Transculturation: Pedagogical Processes	Journal of Design History	10.1093/jdh/epi048	https://academic.oup.com/jdh/article/18/3/285/442590	PENDING	NOT_REVIEWED	NOT_REVIEWED	NOT_EVIDENCE_METADATA_IDENTITY_ONLY	Resolve lawful text access and reuse rights, inspect source text at a stable locator, and perform bounded-sense group review before any evidence use.	8815ca24d705bbded6c14d2a9c9ec90f7f6c5b34bd06e77888933b193ad29ad4
R16B-SOURCE:bf741d10261f2aee05c166e0eaeccc5d372212b205f6b0930f34cc02c3ff9085	DOI	10.1093/jdh/eps023	SURF-R09-001	docs/research/trace-v49-design-history-relation-vocabulary-round1/03_SCHOLARLY_SOURCE_REGISTRY.tsv	SRC-0004	1	"[""SURF-R09-001:SRC-0004""]"	Luis M. Castañeda	2012	Choreographing the Metropolis: Networks of Circulation and Power in Olympic Mexico	Journal of Design History	10.1093/jdh/eps023	https://academic.oup.com/jdh/article/25/3/285/498761	PENDING	NOT_REVIEWED	NOT_REVIEWED	NOT_EVIDENCE_METADATA_IDENTITY_ONLY	Resolve lawful text access and reuse rights, inspect source text at a stable locator, and perform bounded-sense group review before any evidence use.	4b1f0cc57335d16faaa310b4157fec1ff92ab807a239fb8826f3d9a168f18d20
R16B-SOURCE:c14a6e0d7158075b0f720379f0d5985f6d1123d3e34dc84eea482b5cbea24817	DOI	10.1016/j.sheji.2017.04.001	SURF-R10-001	docs/research/trace-v49-design-history-relation-grammar-round1/03_GRAMMAR_SCHOLARLY_SOURCE_REGISTRY.tsv	GRAM-SRC-006	1	"[""SURF-R10-001:GRAM-SRC-006""]"	Ali O. Ilhan	2017	Growth or Decline? A Longitudinal Analysis of Factors Affecting the Institutional Trajectories of Five Design Disciplines in the United States	She Ji: The Journal of Design, Economics, and Innovation	10.1016/j.sheji.2017.04.001	https://www.sciencedirect.com/science/article/pii/S2405872616300983	PENDING	NOT_REVIEWED	NOT_REVIEWED	NOT_EVIDENCE_METADATA_IDENTITY_ONLY	Resolve lawful text access and reuse rights, inspect source text at a stable locator, and perform bounded-sense group review before any evidence use.	7e2c3cc54515e53a3b207bf3a406ab5d2f5eb734ae5627ccc53d315a360e9b5b
R16B-SOURCE:c46fe11e7c23e60c40420545c1b08b7c77c1c330e838ab13bc6b75b05c20d30f	DOI	10.1093/jdh/epi050	SURF-R13-001	docs/research/trace-v49-exploration-composition-review-round1/03_COMPOSITION_SCHOLARLY_SOURCE_REGISTRY.tsv	COMP-SRC-017	1	"[""SURF-R13-001:COMP-SRC-017""]"	Hifsiye Pulhan;İbrahim Numan	2006	The Traditional Urban House in Cyprus as Material Expression of Cultural Transformation	Journal of Design History 19.2	10.1093/jdh/epi050	https://doi.org/10.1093/jdh/epi050	PENDING	NOT_REVIEWED	NOT_REVIEWED	NOT_EVIDENCE_METADATA_IDENTITY_ONLY	Resolve lawful text access and reuse rights, inspect source text at a stable locator, and perform bounded-sense group review before any evidence use.	3f9e57765d9475de8416534a9c9283276db692eee8beb9fdd8632fdfdb20c91a
R16B-SOURCE:cd02a0c74bdd37683377c5e4ffde291a8c914b12bcdcbb92bc3ba5a9161d82e4	DOI	10.1177/1469540517708830	SURF-R10-001	docs/research/trace-v49-design-history-relation-grammar-round1/03_GRAMMAR_SCHOLARLY_SOURCE_REGISTRY.tsv	GRAM-SRC-004	1	"[""SURF-R10-001:GRAM-SRC-004""]"	Leah Armstrong	2019	A New Image for a New Profession: Self-Image and Representation in the Professionalization of Design in Britain, 1945-1960	Journal of Consumer Culture	10.1177/1469540517708830	https://journals.sagepub.com/doi/10.1177/1469540517708830	PENDING	NOT_REVIEWED	NOT_REVIEWED	NOT_EVIDENCE_METADATA_IDENTITY_ONLY	Resolve lawful text access and reuse rights, inspect source text at a stable locator, and perform bounded-sense group review before any evidence use.	227dc041acacf8c4856c8e3722609b8527e290e6e90567e5f0d258f7232ed3dd
R16B-SOURCE:d7a8d0048c8cdda2922adfc89d2e34500053e62a32c6a83d40905b6f39698940	DOI	10.1080/10331867.2023.2282294	SURF-R13-001	docs/research/trace-v49-exploration-composition-review-round1/03_COMPOSITION_SCHOLARLY_SOURCE_REGISTRY.tsv	COMP-SRC-025	1	"[""SURF-R13-001:COMP-SRC-025""]"	Mark Ian Jones	2023	A Fleeting Glimpse? 'Sweden's Shop Window in Sydney' – the Sweden at David Jones' Exposition of 1954	Fabrications 33.2	10.1080/10331867.2023.2282294	https://doi.org/10.1080/10331867.2023.2282294	PENDING	NOT_REVIEWED	NOT_REVIEWED	NOT_EVIDENCE_METADATA_IDENTITY_ONLY	Resolve lawful text access and reuse rights, inspect source text at a stable locator, and perform bounded-sense group review before any evidence use.	cea1ad226ead617d352020ac7a6b4577fde4448d1892d515c3832baafd2396b9
R16B-SOURCE:d9080c02432742d71452b3c9d0627fa7f6ab5272928223f8e64d5031bc199773	STABLE_URL	journals.uc.edu/index.php/vl/article/view/5932	SURF-R09-001	docs/research/trace-v49-design-history-relation-vocabulary-round1/03_SCHOLARLY_SOURCE_REGISTRY.tsv	SRC-0007	1	"[""SURF-R09-001:SRC-0007""]"	Dori Griffin	2016	The Role of Visible Language in Building and Critiquing a Canon of Graphic Design History	Visible Language	NO_DOI	https://journals.uc.edu/index.php/vl/article/view/5932	PENDING	NOT_REVIEWED	NOT_REVIEWED	NOT_EVIDENCE_METADATA_IDENTITY_ONLY	Resolve lawful text access and reuse rights, inspect source text at a stable locator, and perform bounded-sense group review before any evidence use.	33bd2a57d91ebb626acd343436c0ed9d0dcc39f75ea9cdb1076348739a59c625
R16B-SOURCE:d9b85961469282c1d648d61ed267ca2bc0d1b39d96cc7a812ffb9f9d303436e5	DOI	10.11606/issn.2317-2762.psrevprogramapsgradarquiturbanfauusp.2021.176954	SURF-R09-001	docs/research/trace-v49-design-history-relation-vocabulary-round1/03_SCHOLARLY_SOURCE_REGISTRY.tsv	SRC-0038	1	"[""SURF-R09-001:SRC-0038""]"	Bruna Ferreira Montuori; Viviane Mattos Nicoletti	2021	Perspectivas decoloniais para um design pluriversal / Decolonial Perspectives for a Pluriversal Design	PosFAUUSP	10.11606/issn.2317-2762.psrevprogramapsgradarquiturbanfauusp.2021.176954	https://revistas.usp.br/posfau/article/view/176954	PENDING	NOT_REVIEWED	NOT_REVIEWED	NOT_EVIDENCE_METADATA_IDENTITY_ONLY	Resolve lawful text access and reuse rights, inspect source text at a stable locator, and perform bounded-sense group review before any evidence use.	2c89acc110387f8db2da21c34193f51300723eeb02b55c62fc492e89ac790fe3
R16B-SOURCE:db9f01e41845640146df158bc56758db27772d1717bfa0f496f8df4b84384998	DOI	10.1093/jdh/16.2.167	SURF-R09-001	docs/research/trace-v49-design-history-relation-vocabulary-round1/03_SCHOLARLY_SOURCE_REGISTRY.tsv	SRC-0019	1	"[""SURF-R09-001:SRC-0019""]"	Yasuko Suga	2003	'Purgatory of taste' or Projector of Industrial Britain? The British Institute of Industrial Art	Journal of Design History	10.1093/jdh/16.2.167	https://academic.oup.com/jdh/article-abstract/16/2/167/459315	PENDING	NOT_REVIEWED	NOT_REVIEWED	NOT_EVIDENCE_METADATA_IDENTITY_ONLY	Resolve lawful text access and reuse rights, inspect source text at a stable locator, and perform bounded-sense group review before any evidence use.	1d30ad72e183d5e44422f6105506acb6a031e4ac3015948686f39be4e4c6d1f5
R16B-SOURCE:dd566d198eba4f57120e153b7ad646391e60c782be73b48285500c473fdd866a	DOI	10.2307/1511480	SURF-R09-001	docs/research/trace-v49-design-history-relation-vocabulary-round1/03_SCHOLARLY_SOURCE_REGISTRY.tsv	SRC-0022	1	"[""SURF-R09-001:SRC-0022""]"	Cheryl Buckley	1986	Made in Patriarchy: Toward a Feminist Analysis of Women and Design	Design Issues	10.2307/1511480	https://doi.org/10.2307/1511480	PENDING	NOT_REVIEWED	NOT_REVIEWED	NOT_EVIDENCE_METADATA_IDENTITY_ONLY	Resolve lawful text access and reuse rights, inspect source text at a stable locator, and perform bounded-sense group review before any evidence use.	24741fb8229c5d7a662f9862a6e7059492f40b6e9d02cf755e8c8f33270a6d3a
R16B-SOURCE:e127327cdfaa1b6da7496ba67ee4dd54c6824d01dbe3166a2fdccd0da307384b	DOI	10.1017/s0165115326100552	SURF-R13-001	docs/research/trace-v49-exploration-composition-review-round1/03_COMPOSITION_SCHOLARLY_SOURCE_REGISTRY.tsv	COMP-SRC-022	1	"[""SURF-R13-001:COMP-SRC-022""]"	Rebecca Earle;Susan Deans-Smith	2026	Mobility, Violence, and the Afterlives of a Peruvian Painting at Sea	Itinerario 50.1	10.1017/S0165115326100552	https://www.cambridge.org/core/journals/itinerario/article/mobility-violence-and-the-afterlives-of-a-peruvian-painting-at-sea/0CCD9C903B8DDA855989858E63EEC238	PENDING	NOT_REVIEWED	NOT_REVIEWED	NOT_EVIDENCE_METADATA_IDENTITY_ONLY	Resolve lawful text access and reuse rights, inspect source text at a stable locator, and perform bounded-sense group review before any evidence use.	6fb47192695a1341b70158b99c8056f2acfe76c10c43c53b48ed0f63b99e6418
R16B-SOURCE:e15ffb35e88ac734fdf734e5d302ac90be519f14d42162949fbc363d4375c639	DOI	10.1093/jiplp/jpae107	SURF-R10-001	docs/research/trace-v49-design-history-relation-grammar-round1/03_GRAMMAR_SCHOLARLY_SOURCE_REGISTRY.tsv	GRAM-SRC-023	2	"[""SURF-R10-001:GRAM-SRC-023"",""SURF-R13-001:COMP-SRC-007""]"	Alice Wickens	2025	From calico to catwalk: Addressing the UK's enduring issue of fashion piracy	Journal of Intellectual Property Law & Practice	10.1093/jiplp/jpae107	https://academic.oup.com/jiplp/article/20/2/71/7916754	PENDING	NOT_REVIEWED	NOT_REVIEWED	NOT_EVIDENCE_METADATA_IDENTITY_ONLY	Resolve lawful text access and reuse rights, inspect source text at a stable locator, and perform bounded-sense group review before any evidence use.	223297a84a5a884beda87aafee8c8a3a34554631d253db271e4f96b8e6b33985
R16B-SOURCE:e3504136d2c0720f2f2a0e9e3b7df2ffe78df617612206c33ff7d254c9c53cc9	STABLE_URL	mrezadizajna.com/katalog/teorija-dizajna-i-problemi-okoline	SURF-R09-001	docs/research/trace-v49-design-history-relation-vocabulary-round1/03_SCHOLARLY_SOURCE_REGISTRY.tsv	SRC-0030	1	"[""SURF-R09-001:SRC-0030""]"	Matko Meštrović	1980	Dizajn i okolina	Teorija dizajna i problemi okoline	NO_ISBN_RECORDED	https://mrezadizajna.com/katalog/teorija-dizajna-i-problemi-okoline	PENDING	NOT_REVIEWED	NOT_REVIEWED	NOT_EVIDENCE_METADATA_IDENTITY_ONLY	Resolve lawful text access and reuse rights, inspect source text at a stable locator, and perform bounded-sense group review before any evidence use.	2a6d4eb4da2cb0b8858d3ad2957e4a504402e12caf23d4c6903675bfd2857d35
R16B-SOURCE:e39cea37c57a0334ae204a24b55f53dadfa1105336abf27f4b3b80c60cdbe134	DOI	10.1093/jdh/epw011	SURF-R09-001	docs/research/trace-v49-design-history-relation-vocabulary-round1/03_SCHOLARLY_SOURCE_REGISTRY.tsv	SRC-0042	1	"[""SURF-R09-001:SRC-0042""]"	M. Amah Edoh	2016	Redrawing Power? Dutch Wax Cloth and the Politics of 'Good Design'	Journal of Design History	10.1093/jdh/epw011	https://doi.org/10.1093/jdh/epw011	PENDING	NOT_REVIEWED	NOT_REVIEWED	NOT_EVIDENCE_METADATA_IDENTITY_ONLY	Resolve lawful text access and reuse rights, inspect source text at a stable locator, and perform bounded-sense group review before any evidence use.	18c36fab8f47b822982ae523eaa9cc45c47d887fa4f9f2291e1d99d564837faf
R16B-SOURCE:e3f9d0aa12158af5fbc452430a99579e00c29d1d0dc88bcf0d9d84950b7c3c87	DOI	10.1093/jdh/epp031	SURF-R13-001	docs/research/trace-v49-exploration-composition-review-round1/03_COMPOSITION_SCHOLARLY_SOURCE_REGISTRY.tsv	COMP-SRC-009	2	"[""SURF-R13-001:COMP-SRC-009"",""SURF-R09-001:SRC-0001""]"	Grace Lees-Maffei	2009	The Production–Consumption–Mediation Paradigm	Journal of Design History 22.4	10.1093/jdh/epp031	https://doi.org/10.1093/jdh/epp031	PENDING	NOT_REVIEWED	NOT_REVIEWED	NOT_EVIDENCE_METADATA_IDENTITY_ONLY	Resolve lawful text access and reuse rights, inspect source text at a stable locator, and perform bounded-sense group review before any evidence use.	b320ef7688aba7e64ae057068a0fa729d05d399821f9d750ae7593d776dfef43
R16B-SOURCE:e61a90598c533c793a7d897a2b0f9f2438e14d010eda3f12bb0e84b770103f78	DOI	10.1515/9781785334467-014	SURF-R09-001	docs/research/trace-v49-design-history-relation-vocabulary-round1/03_SCHOLARLY_SOURCE_REGISTRY.tsv	SRC-0032	1	"[""SURF-R09-001:SRC-0032""]"	Nicolas P. Maffei	2016	Surveying the Borders: 'Authenticity' in Mexican-American Food Packaging, Imagery and Architecture	Designing Worlds	10.1515/9781785334467-014	https://doi.org/10.1515/9781785334467-014	PENDING	NOT_REVIEWED	NOT_REVIEWED	NOT_EVIDENCE_METADATA_IDENTITY_ONLY	Resolve lawful text access and reuse rights, inspect source text at a stable locator, and perform bounded-sense group review before any evidence use.	6c5d377940d2f9f6c994e65cd7892bd2e54df2af8d2bdbf63f14662073628a56
R16B-SOURCE:e73bbc7109f50f783bd1acb1ba37d8a235100f7fab2118f7488484e8a42d5176	DOI	10.1177/0887302x06293071	SURF-R10-001	docs/research/trace-v49-design-history-relation-grammar-round1/03_GRAMMAR_SCHOLARLY_SOURCE_REGISTRY.tsv	GRAM-SRC-024	1	"[""SURF-R10-001:GRAM-SRC-024""]"	Sara B. Marcketti; Jean L. Parsons	2006	Design Piracy and Self-Regulation: The Fashion Originators' Guild of America, 1932-1941	Clothing and Textiles Research Journal	10.1177/0887302X06293071	https://journals.sagepub.com/doi/10.1177/0887302X06293071	PENDING	NOT_REVIEWED	NOT_REVIEWED	NOT_EVIDENCE_METADATA_IDENTITY_ONLY	Resolve lawful text access and reuse rights, inspect source text at a stable locator, and perform bounded-sense group review before any evidence use.	9177288bbf741494fe0beb60d92b3cace3377a6888081f966cf497da8d988004
R16B-SOURCE:e841d51f238d31416d96aa601da8d26ad8f7647c18149157d695abcbf0178e57	ISBN	9783038630098	SURF-R10-001	docs/research/trace-v49-design-history-relation-grammar-round1/03_GRAMMAR_SCHOLARLY_SOURCE_REGISTRY.tsv	GRAM-SRC-003	1	"[""SURF-R10-001:GRAM-SRC-003""]"	Robert Lzicar; Amanda Unger	2016	Designed Histories: Visual Historiography and Canonization in Swiss Graphic Design History	Mapping Graphic Design History in Switzerland	978-3-03863-009-8	https://arbor.bfh.ch/handle/arbor/37952	PENDING	NOT_REVIEWED	NOT_REVIEWED	NOT_EVIDENCE_METADATA_IDENTITY_ONLY	Resolve lawful text access and reuse rights, inspect source text at a stable locator, and perform bounded-sense group review before any evidence use.	e18f9a456ad667f5bd89efaa1c6269677d99e692381be9de528f2653af569eda
R16B-SOURCE:ef7f9e0cfef55da9a290e8bc6ec078d9d9771f932971f29f548972983d49553b	DOI	10.1002/9781119112297.ch4	SURF-R09-001	docs/research/trace-v49-design-history-relation-vocabulary-round1/03_SCHOLARLY_SOURCE_REGISTRY.tsv	SRC-0046	1	"[""SURF-R09-001:SRC-0046""]"	Yuko Kikuchi	2019	Transnationalism for Design History	A Companion to Contemporary Design since 1945	10.1002/9781119112297.ch4	https://doi.org/10.1002/9781119112297.ch4	PENDING	NOT_REVIEWED	NOT_REVIEWED	NOT_EVIDENCE_METADATA_IDENTITY_ONLY	Resolve lawful text access and reuse rights, inspect source text at a stable locator, and perform bounded-sense group review before any evidence use.	6623089dae0b7b2412cb096bfdf0696b1387e43e97ccf5f71e6539d4887f32b4
R16B-SOURCE:f359bd53540ddd10ae6b604f1ec95c1be239a7b151d9d2513b40be591c3ff00e	DOI	10.1080/23311983.2025.2482456	SURF-R13-001	docs/research/trace-v49-exploration-composition-review-round1/03_COMPOSITION_SCHOLARLY_SOURCE_REGISTRY.tsv	COMP-SRC-014	1	"[""SURF-R13-001:COMP-SRC-014""]"	Imam Santosa;I. Kadek Dwi Noorwatha	2025	Symbolic and Aesthetic Fusion in Keraton Surakarta: Colonial Influence and Javanese Cultural Resistance through Architectural Design Adaptation	Cogent Arts & Humanities 12.1	10.1080/23311983.2025.2482456	https://doi.org/10.1080/23311983.2025.2482456	PENDING	NOT_REVIEWED	NOT_REVIEWED	NOT_EVIDENCE_METADATA_IDENTITY_ONLY	Resolve lawful text access and reuse rights, inspect source text at a stable locator, and perform bounded-sense group review before any evidence use.	0373f273ec645d241633e0a9a2e15c4d58aab330a9a916fc8bde98d7b356c7dc
R16B-SOURCE:f4011046231472919bb509e9d9f327d8efa40f11c29fbcbb6e325000ece423d8	DOI	10.4324/9781003194293	SURF-R10-001	docs/research/trace-v49-design-history-relation-grammar-round1/03_GRAMMAR_SCHOLARLY_SOURCE_REGISTRY.tsv	GRAM-SRC-016	1	"[""SURF-R10-001:GRAM-SRC-016""]"	Sarah A. Lichtman; Jilly Traganou	2024	Design, Displacement, Migration: Spatial and Material Histories	Routledge Research in Design History	10.4324/9781003194293	https://www.routledge.com/Design-Displacement-Migration-Spatial-and-Material-Histories/Lichtman-Traganou/p/book/9781003194293	PENDING	NOT_REVIEWED	NOT_REVIEWED	NOT_EVIDENCE_METADATA_IDENTITY_ONLY	Resolve lawful text access and reuse rights, inspect source text at a stable locator, and perform bounded-sense group review before any evidence use.	bc32e6aa13a9128a29c6cb6c94588c0466f28d427ef1d3aaa23bbab5d25c9822
R16B-SOURCE:f54adc258c636b68d9260a4dbaa752a4e03ddc8e5bcb51731b344b49d83f9da2	DOI	10.1080/17547075.2018.1434367	SURF-R10-001	docs/research/trace-v49-design-history-relation-grammar-round1/03_GRAMMAR_SCHOLARLY_SOURCE_REGISTRY.tsv	GRAM-SRC-020	1	"[""SURF-R10-001:GRAM-SRC-020""]"	Tristan Schultz; Danah Abdulla; Ahmed Ansari; Ece Canlı; Mahmoud Keshavarz; Matthew Kiem; Luiza Prado de O. Martins; Pedro J.S. Vieira de Oliveira	2018	Editors' Introduction	Design and Culture	10.1080/17547075.2018.1434367	https://www.tandfonline.com/doi/full/10.1080/17547075.2018.1434367	PENDING	NOT_REVIEWED	NOT_REVIEWED	NOT_EVIDENCE_METADATA_IDENTITY_ONLY	Resolve lawful text access and reuse rights, inspect source text at a stable locator, and perform bounded-sense group review before any evidence use.	9b32d69b9298273c38accaab0b66a4102d988825cb98506c9966639f49b486c2
R16B-SOURCE:f57bc5bc529231f8129da728fef3477233387b27b676deee6af42b49a56c5fde	DOI	10.1093/jdh/epw005	SURF-R09-001	docs/research/trace-v49-design-history-relation-vocabulary-round1/03_SCHOLARLY_SOURCE_REGISTRY.tsv	SRC-0027	1	"[""SURF-R09-001:SRC-0027""]"	Tom Cubbin	2016	Introduction to 'Problems of Soviet Design' and 'The Production (Industrial) Art of the Future' by Karl Kantor	Journal of Design History	10.1093/jdh/epw005	https://doi.org/10.1093/jdh/epw005	PENDING	NOT_REVIEWED	NOT_REVIEWED	NOT_EVIDENCE_METADATA_IDENTITY_ONLY	Resolve lawful text access and reuse rights, inspect source text at a stable locator, and perform bounded-sense group review before any evidence use.	c37a5a588b39b11805e6644094fce979fe633f61e246493eff2b05e4284d143a
R16B-SOURCE:f6a1196474daa078d41ca0109bc39231329d51a688101cc7232a90de3df35033	DOI	10.1093/jdh/epy048	SURF-R13-001	docs/research/trace-v49-exploration-composition-review-round1/03_COMPOSITION_SCHOLARLY_SOURCE_REGISTRY.tsv	COMP-SRC-030	2	"[""SURF-R13-001:COMP-SRC-030"",""SURF-R09-001:SRC-0016""]"	Patricia Lara-Betancourt;Livia Rezende	2019	Locating Design Exchanges in Latin America and the Caribbean	Journal of Design History 32.1	10.1093/jdh/epy048	https://doi.org/10.1093/jdh/epy048	PENDING	NOT_REVIEWED	NOT_REVIEWED	NOT_EVIDENCE_METADATA_IDENTITY_ONLY	Resolve lawful text access and reuse rights, inspect source text at a stable locator, and perform bounded-sense group review before any evidence use.	d4ef7b2c52808ce6493401935ab75b3b98d11a6381b590a61ce509fa2b97c94e
R16B-SOURCE:f9e47962608acfb3177c9ab05da468307f76b74ba87af9e8cd6ed16ee7ba29e0	DOI	10.1177/1469540519872069	SURF-R10-001	docs/research/trace-v49-design-history-relation-grammar-round1/03_GRAMMAR_SCHOLARLY_SOURCE_REGISTRY.tsv	GRAM-SRC-026	2	"[""SURF-R10-001:GRAM-SRC-026"",""SURF-R13-001:COMP-SRC-005""]"	Emma Waight	2019	Mother, consumer, trader: gendering the commodification of second-hand economies since the recession	Journal of Consumer Culture	10.1177/1469540519872069	https://journals.sagepub.com/doi/10.1177/1469540519872069	PENDING	NOT_REVIEWED	NOT_REVIEWED	NOT_EVIDENCE_METADATA_IDENTITY_ONLY	Resolve lawful text access and reuse rights, inspect source text at a stable locator, and perform bounded-sense group review before any evidence use.	61b32ba10b0e63ede6b0f8cd0b9c7366d718c509c2589b70023b68c14c667937
R16B-SOURCE:fa2212fa202c6cdea4442062a03aef7fa580c939f75184aa39e953a2597167f1	DOI	10.1093/jdh/epl002	SURF-R09-001	docs/research/trace-v49-design-history-relation-vocabulary-round1/03_SCHOLARLY_SOURCE_REGISTRY.tsv	SRC-0018	1	"[""SURF-R09-001:SRC-0018""]"	Marjan Groot	2006	Crossing the Borderlines and Moving the Boundaries: 'High' Arts and Crafts, Cross-culturalism, Folk Art and Gender	Journal of Design History	10.1093/jdh/epl002	https://academic.oup.com/jdh/article-abstract/19/2/121/515948	PENDING	NOT_REVIEWED	NOT_REVIEWED	NOT_EVIDENCE_METADATA_IDENTITY_ONLY	Resolve lawful text access and reuse rights, inspect source text at a stable locator, and perform bounded-sense group review before any evidence use.	0ce95e4bb26dcfdeaed167ea071fe181a0c463c6dde414fcce44dbf2159c37db
R16B-SOURCE:fed134de9b688d78da043af7571fd5e324d3bd0736efb12f5ffd9315fd54e3d6	DOI	10.1093/jdh/epab049	SURF-R09-001	docs/research/trace-v49-design-history-relation-vocabulary-round1/03_SCHOLARLY_SOURCE_REGISTRY.tsv	SRC-0040	1	"[""SURF-R09-001:SRC-0040""]"	Meghan Kelly	2022	Prioritizing Design Process over Design Outcomes to Address Non-Indigenous Engagement with Indigenous Knowledge Systems in Design Practice	Journal of Design History	10.1093/jdh/epab049	https://doi.org/10.1093/jdh/epab049	PENDING	NOT_REVIEWED	NOT_REVIEWED	NOT_EVIDENCE_METADATA_IDENTITY_ONLY	Resolve lawful text access and reuse rights, inspect source text at a stable locator, and perform bounded-sense group review before any evidence use.	63a05af97dfd080f9ea0a21b3f8e0e42008f87a1c2333df7bc08f9f2cb4b15e2
