evidence_id	pair_or_gap_id	candidate_sense_ids	source_id	source_type	peer_reviewed	design_history_usage	exact_attested_terms	bounded_context	locator	composition_kind	subject_role	target_role	additional_roles	directionality	qualification	negation	contestation	same_source_cluster	source_metadata_verified	evidence_verified	semantic_review	adversarial_review
COMP-EVID-008	GAP-001	R13-MEDIATION-CHANNELS	COMP-SRC-009	ARTICLE	true	true	mediating channels	The PCM model distinguishes designed channels that connect production and consumption and participate in meaning inscription.	abstract and PCM currents	ROLE_DISTINCTION	producer or institution	consumer or audience	designed channel;object;meaning	SOURCE_CHANNEL_TARGET	channel and mediated variable must be named	none	High universal-connector risk if treated as any conduit.	false	true	true	PASS_BOUNDED	PASS_WITH_RECORDED_LIMITS
COMP-EVID-009	GAP-001	R13-MEDIATION-CHANNELS	COMP-SRC-010	ARTICLE	true	true	mediating channels	Digital design-history analysis applies the phrase to interfaces and platforms that shape cultural meanings.	Design history and digital material culture section	ROLE_DISTINCTION	platform operator or producer	users and traded cultural objects	mediating channel: interface or platform;algorithms;regulation;third parties	SOURCE_CHANNEL_TARGET	named operator, channel, affected actor/object, and concrete platform effect	none	This application derives from PCM and is not an independent conceptual genealogy.	true	true	true	PASS_BOUNDED	PASS_WITH_RECORDED_LIMITS
COMP-EVID-010	GAP-001	R13-MEDIATION-DEVICES	COMP-SRC-009	ARTICLE	true	true	mediating devices	Designed goods are identified as devices participating between production and consumption.	abstract and PCM currents	ROLE_DISTINCTION	producer or institution	user or consumer	mediating device: specific designed good;practice;meaning;use	SOURCE_DEVICE_TARGET	specific designed thing and mediated effect required	none	Every designed object cannot default to a mediation Node.	false	true	true	PASS_BOUNDED	PASS_WITH_RECORDED_LIMITS
COMP-EVID-011	GAP-001	R13-MEDIATION-DEVICES	COMP-SRC-010	ARTICLE	true	true	mediating device	A digital object participates in ongoing production-consumption and third-party data relations.	Digital objects in the PCM paradigm section	ROLE_DISTINCTION	producer or platform operator	user and third-party stakeholders	mediating device: digital artifact;data flows;platform rules;algorithms	MULTIPARTY_DEVICE_MEDIATION	named digital artifact, parties, data relation, and platform rule	none	The second use is explicitly PCM-dependent and does not satisfy independent-source breadth.	true	true	true	PASS_BOUNDED	PASS_WITH_RECORDED_LIMITS
COMP-EVID-012	GAP-002	R13-SPLIT-001	COMP-SRC-011	ARTICLE	true	true	cultural transfer	A Cold War exhibition tests and criticizes an orthodox donor-to-host transfer model while retaining receiving agency.	abstract; pp.387–408	CONTESTED_TRANSFER	donor institution and selected content	receiving institution, host actors, and audience	exhibition;agenda;route;reception	CONTESTED_ASYMMETRIC_WITH_RECEIVING_AGENCY	named content, route, receiving context, reception, and receiving agency	none	The criticized donor model is not the case finding and cannot erase receiving agency.	false	true	true	PASS_BOUNDED	PASS_WITH_RECORDED_LIMITS
COMP-EVID-013	GAP-002	R13-SPLIT-001	COMP-SRC-012	BOOK_REVIEW	unknown	false	cultural transfer	Print mobility scholarship uses cultural transfer for movement and circulation across colonial and receiving settings.	title; pp.153–160	TRANSFER	print producers and circulating images	receiving publics and settings	seriality;colonial project;circulation	SOURCE_TO_RECEIVER	early-modern print mobility	none	Transfer does not guarantee unchanged reception.	false	true	true	PASS_BOUNDED	PASS_WITH_RECORDED_LIMITS
COMP-EVID-014	GAP-002	R13-SPLIT-002	COMP-SRC-013	ARTICLE	true	true	cultural negotiation	Architectural contact zones support reciprocal negotiation, selective borrowing, adaptation, and rejection.	p.354; Contact Zone section	NEGOTIATION	participants in contact	shared architectural problem or form	contact zone;power;borrowing;rejection	MULTIDIRECTIONAL	specific encounter, actors, and power relation	none	Negotiation must not imply voluntary or equal participation.	false	true	true	PASS_BOUNDED	PASS_WITH_RECORDED_LIMITS
COMP-EVID-015	GAP-002	R13-SPLIT-002	COMP-SRC-014	ARTICLE	true	true	cultural negotiation	A Javanese architectural-design case treats selective adaptation as negotiation and symbolic resistance.	abstract and results	NEGOTIATION	Keraton patrons and Javanese design actors	imported colonial architectural forms and political meanings	colonial institutions;resistance;patronage;power asymmetry	ASYMMETRIC_SELECTIVE_ADAPTATION	Keraton Surakarta case; actual actors and unequal power required	none	Negotiation does not imply voluntary, equal, or fully reciprocal participation.	false	true	true	PASS_BOUNDED	PASS_WITH_RECORDED_LIMITS
COMP-EVID-016	GAP-002	R13-SPLIT-003	COMP-SRC-015	ARTICLE	true	true	adaptación cultural;cultural adaptation	An illustrated Don Quixote book is analyzed as an adaptation into a named Japanese cultural and graphic context.	author English abstract p.179; Spanish text pp.179–190; version-of-record pagination differs from embedded citation text	ADAPTATION	adapter/illustrator and source work	adapted illustrated book	target cultural context;audience;retained features;modified visual form;commission	SOURCE_TO_ADAPTED_VERSION	source, adapter, changed artifact, changes, and target context required	none	Target culture cannot be treated as essential or uniform.	false	true	true	PASS_BOUNDED	PASS_WITH_RECORDED_LIMITS
COMP-EVID-017	GAP-002	R13-SPLIT-003	COMP-SRC-016	ARTICLE	true	false	cultural adaptation	Web designs are deliberately modified to local industry styles and evaluated with local users.	title; abstract; pp.457–481	ADAPTATION	designers and source interface	adapted local-industry web interface	local audience;local style;trust;usability	SOURCE_TO_ADAPTED_VERSION	source, designer, changed interface, target industry, and local evaluation required	none	Contemporary design research is independent but not design history.	false	true	true	PASS_BOUNDED	PASS_WITH_RECORDED_LIMITS
COMP-EVID-018	GAP-002	R13-SPLIT-004	COMP-SRC-017	ARTICLE	true	true	cultural transformation	Cypriot urban houses are read as material evidence of change between named Ottoman-period and British-colonial cultural configurations.	title; abstract; pp.105–119	TRANSFORMATION	earlier Ottoman-period cultural configuration embodied in urban houses	later British-colonial cultural configuration embodied in altered houses	historical actors;period;material expression;social practice	STATE_T0_TO_STATE_T1	both historical states, period, forces, and material evidence required	none	Transformation is not linear progress or a single external influence.	false	true	true	PASS_BOUNDED	PASS_WITH_RECORDED_LIMITS
COMP-EVID-019	GAP-002	R13-SPLIT-004	COMP-SRC-018	ARTICLE	true	false	cultural transformation	Comparative research associates artistic phenomena and collective action with differences among polity cultures.	title; abstract; pp.106–127	COMPARATIVE_ASSOCIATION	collective actors and artistic phenomena	comparative polity-cultural configurations	governance;leadership;morality;sample of thirty premodern states	NON_DIRECTIONAL_COMPARATIVE_ASSOCIATION	comparative cross-sectional support only; no within-case T0-to-T1 claim	none	Broad theory cannot substitute for design-historical material evidence or a documented temporal transition.	false	true	true	PASS_BOUNDED	PASS_WITH_RECORDED_LIMITS
COMP-EVID-020	GAP-003	R13-SPLIT-005	COMP-SRC-019	ARTICLE	true	true	material displacements	A design-history issue distinguishes movement and transformation of materials, objects, meanings, and sites.	abstract; pp.195–211	MATERIAL_DISPLACEMENT	material or designed object	receiving place, form, or context	production;labor;ecology;boundary	ORIGIN_TO_RECEIVING_CONTEXT	material entity and historical movement required	none	Do not infer forced-human or semantic displacement from material movement.	false	true	true	PASS_BOUNDED	PASS_WITH_RECORDED_LIMITS
COMP-EVID-021	GAP-003	R13-SPLIT-005	COMP-SRC-020	ARTICLE	true	true	material displacement	Landscape-material chains connect production and consumption sites with ecological and labor changes.	abstract; p.40	MATERIAL_DISPLACEMENT	specified construction material	designed landscape	production site;supply chain;labor;ecology	PRODUCTION_SITE_TO_DESIGNED_SITE	named material chain and consequences	none	Commodity exchange can conceal production relations.	false	true	true	PASS_BOUNDED	PASS_WITH_RECORDED_LIMITS
COMP-EVID-022	GAP-004	R13-SPLIT-006	COMP-SRC-021	ARTICLE	true	true	mobile object	A chest of drawers is treated as a culturally mobile object constituted through mediation and changing settings.	abstract; p.245	MOVED_ENTITY_ROLE	design object	successive cultural settings	carrier;mediation;reception;iteration	ITINERARY_WITHOUT_TRANSITIVITY	object biography and reception changes required	none	The noun identifies a role, not a universal relation.	false	true	true	PASS_BOUNDED	PASS_WITH_RECORDED_LIMITS
COMP-EVID-023	GAP-004	R13-SPLIT-006	COMP-SRC-022	ARTICLE	true	false	mobile object	A Peruvian painting's movement, violence, reception, and material change are traced as an object life cycle.	abstract; p.191; conclusion	MOVED_ENTITY_ROLE	commissioned painting	unintended receiving settings	warfare;ships;owners;prints;audiences	ITINERARY_WITHOUT_TRANSITIVITY	specific causes, routes, carriers, and receptions	none	Mobility does not erase colonial violence or infer an abstract route.	false	true	true	PASS_BOUNDED	PASS_WITH_RECORDED_LIMITS
COMP-EVID-024	GAP-005	R13-SPLIT-007	COMP-SRC-023	ARTICLE	true	true	design diplomacy	A Soviet exposition case uses design diplomacy as a lens for international persuasion, negotiation, and compromise.	abstract; p.123	DIPLOMATIC_MECHANISM	state exhibition organizers and designers	foreign publics and diplomatic counterparts	pavilion;graphic media;tradecraft;audience reception	INTENTIONAL_OUTWARD_WITH_NEGOTIATION_AND_CONTEXTUAL_RECEPTION	documented diplomatic intent, negotiating counterparts, and contingent receiving context	none	The source calls it a metaphor; reciprocity belongs to negotiation, not assumed audience reception.	false	true	true	PASS_BOUNDED	PASS_WITH_RECORDED_LIMITS
COMP-EVID-025	GAP-005	R13-SPLIT-007	COMP-SRC-024	ARTICLE	true	true	design diplomacy	A Polish exhibition case distinguishes design culture as diplomatic subject from designers participating in state action.	Design Diplomacy section p.175	DIPLOMATIC_MECHANISM	state institutions and exhibition makers	international audience	graphic design;facilities;policy experts	INTENTIONAL_OUTWARD	Cold War international exhibition	none	Application cites the prior genealogy; intellectual dependence is recorded.	false	true	true	PASS_BOUNDED	PASS_WITH_RECORDED_LIMITS
COMP-EVID-026	GAP-005	R13-SPLIT-007	COMP-SRC-025	ARTICLE	true	true	design diplomacy	A Swedish exposition combines propaganda, goodwill, trade, and national representation through designed display.	p.282	DIPLOMATIC_MECHANISM	state and exhibition intermediaries	Australian public and commercial counterparts	exposition;goods;media;retail venue	INTENTIONAL_OUTWARD_WITH_RECEPTION	Sweden in Sydney, 1954; application shares the design-diplomacy genealogy	none	Diplomatic intent does not prove audience acceptance.	true	true	true	PASS_BOUNDED	PASS_WITH_RECORDED_LIMITS
COMP-EVID-027	GAP-006	R13-ANNOT-001	COMP-SRC-026	ARTICLE	true	true	coloniality;modernity/coloniality	Coloniality describes a continuing structure conditioning textile appropriation, classification, and modernist display.	Colonized textiles section, pp.41–42	STRUCTURAL_CONDITION	imperial socioeconomic structures	Amazigh rugs and modernist interiors	markets;exhibitions;consumers;knowledge categories	STRUCTURAL_NON_EDGE	Morocco–Finland interwar case and named mechanisms	none	A bounded structure is not an edge connecting arbitrary concepts.	false	true	true	PASS_BOUNDED	PASS_WITH_RECORDED_LIMITS
COMP-EVID-028	GAP-006	R13-ANNOT-001	COMP-SRC-027	ARTICLE	true	true	coloniality of architecture	An architectural history traces long-lived power arrangements after formal colonial rule across buildings and institutions.	abstract; conclusion p.593	STRUCTURAL_ANNOTATION	historically constituted institutions and regimes	named architecture and urban setting	government;memorialization;aesthetics;period	STRUCTURAL_NON_EDGE	Italian Fascist architecture and FAO/Piazza case	none	Case-specific nominal use cannot become universal normalization.	false	true	true	PASS_BOUNDED	PASS_WITH_RECORDED_LIMITS
COMP-EVID-029	GAP-006	R13-ANNOT-001	COMP-SRC-028	ARTICLE	true	false	coloniality	Adversarial scholarship requires slow, context-specific analysis rather than a uniform unitary system.	abstract; pp.216–217	ADVERSARIAL_QUALIFICATION	dispersed racialized practices	specific political, economic, and epistemic sites	methodology;knowledge;affected communities	STRUCTURAL_NON_EDGE	empirical site and practice required	none	Uniform coloniality risks homogenizing subalternized knowledge.	false	true	true	PASS_BOUNDED	PASS_WITH_RECORDED_LIMITS
