query_id	split	category	query	expected_record_ids	old_top10	new_top10	old_rank	new_rank	old_success	new_success	old_count	new_count	old_ms	new_ms	notes
Q001	held_out	exact_title	Nous faisons confiance au Parti Communiste Francais pour l'union populaire et la victoire du programme commun	SURF-LOCTRACE2026R01999	SURF-LOCTRACE2026R01999	SURF-LOCTRACE2026R01999	1	1	true	true	1	1	0.398	42.490	none
Q002	tuning	exact_title	[Remember June 25th, work hard to re-construct the country!]	SURF-LOCTRACE2026I6D03759D157739	SURF-LOCTRACE2026I6D03759D157739	SURF-LOCTRACE2026I6D03759D157739	1	1	true	true	1	1	0.368	45.194	none
Q003	tuning	exact_title	O1167650	SURF-VAM20K-01983	SURF-VAM20K-01983	SURF-VAM20K-01983	1	1	true	true	1	1	0.686	18.727	none
Q004	held_out	exact_title	The Brazilian in The Very merry mariner LCCN2014637100	SURF-CGS2026R0670	SURF-CGS2026R0670	SURF-CGS2026R0670	1	1	true	true	1	1	0.443	29.083	none
Q005	held_out	exact_title	Frohe Festtage und ein weiteres gutes Jahr! ... Der osterreichische Weg	SURF-LOCTRACE2026I79FFABC798DD25	SURF-LOCTRACE2026I79FFABC798DD25	SURF-LOCTRACE2026I79FFABC798DD25	1	1	true	true	1	1	0.469	41.741	none
Q006	tuning	exact_title	O1168631	SURF-VAM20K-00605	SURF-VAM20K-00605	SURF-VAM20K-00605	1	1	true	true	1	1	0.814	18.826	none
Q007	held_out	exact_title	Levi's, The Strongest Thread	SURF-CHWCONTEMP2026V1R0078	SURF-CHWCONTEMP2026V1R0078	SURF-CHWCONTEMP2026V1R0078	1	1	true	true	1	1	0.539	42.011	none
Q008	held_out	exact_title	O1162014	SURF-VAM20K-02878	SURF-VAM20K-02878	SURF-VAM20K-02878	1	1	true	true	1	1	0.683	18.719	none
Q009	tuning	exact_title	Technique of working on small forms	SURF-NMKTRACE2026R00308	SURF-NMKTRACE2026R00308	SURF-NMKTRACE2026R00308	1	1	true	true	1	1	0.534	57.463	none
Q010	held_out	exact_title	O1166981	SURF-VAM20K-01477	SURF-VAM20K-01477	SURF-VAM20K-01477	1	1	true	true	1	1	0.804	18.719	none
Q011	held_out	exact_title	Narod i armiia nepobedimy!	SURF-LOCTRACE2026R01574	SURF-LOCTRACE2026R01574	SURF-LOCTRACE2026R01574	1	1	true	true	1	1	0.566	43.025	none
Q012	held_out	exact_title	O1164376	SURF-VAM20K-02432	SURF-VAM20K-02432	SURF-VAM20K-02432	1	1	true	true	1	1	0.777	18.550	none
Q013	tuning	exact_title	The Owl and the Pussycat went to see...	SURF-VAM20K-01317	SURF-VAM20K-01317	SURF-VAM20K-01317	1	1	true	true	1	1	0.548	18.116	none
Q014	tuning	exact_title	Peace with honour? There can never be dishonour in peace! : Jim Larkin, 1876-1947	SURF-LOCTRACE2026R00949	SURF-LOCTRACE2026R00949	SURF-LOCTRACE2026R00949	1	1	true	true	1	1	0.462	43.604	none
Q015	held_out	exact_title	It's his oil : So why are 40,000 Scots kids on part-time education?...	SURF-LOCTRACE2026I9C6425222950E8	SURF-LOCTRACE2026I9C6425222950E8	SURF-LOCTRACE2026I9C6425222950E8	1	1	true	true	1	1	0.479	16.254	none
Q016	held_out	exact_title	Zeno at 4am (dancing woman) 2001, from suite of 9 etchings	SURF-YALEPRODUCTTRACE2026V3R0028	SURF-YALEPRODUCTTRACE2026V3R0028	SURF-YALEPRODUCTTRACE2026V3R0028	1	1	true	true	1	1	0.572	41.085	none
Q017	tuning	exact_title	Konsert til inntekt for Kirsten Flagstad fondet, Aulaen 23. august kl. 19.30	SURF-NBPOSTERTRACE2026V1R0071	SURF-NBPOSTERTRACE2026V1R0071	SURF-NBPOSTERTRACE2026V1R0071	1	1	true	true	1	1	0.375	48.281	none
Q018	held_out	exact_title	DON'T TALK TO THE MAN ON THE JOB	SURF-NMKTRACE2026R00488	SURF-NMKTRACE2026R00488	SURF-NMKTRACE2026R00488	1	1	true	true	1	1	0.504	14.460	none
Q019	tuning	exact_title	Mascoutah Kennel Club dog show. Dogs from both continents	SURF-LOCTRACE2026I05C08973C33EE1	SURF-LOCTRACE2026I05C08973C33EE1	SURF-LOCTRACE2026I05C08973C33EE1	1	1	true	true	1	1	0.452	56.727	none
Q020	tuning	exact_title	O1166915	SURF-VAM20K-01747	SURF-VAM20K-01747	SURF-VAM20K-01747	1	1	true	true	1	1	0.739	19.035	none
Q021	tuning	exact_title	O1167007	SURF-VAM20K-01481	SURF-VAM20K-01481	SURF-VAM20K-01481	1	1	true	true	1	1	0.798	18.861	none
Q022	held_out	exact_title	9,75% SMS. Har du personkonto, får du 9,75% rente på sparing med skattefradrag.	SURF-NBPOSTERTRACE2026V1R0050	SURF-NBPOSTERTRACE2026V1R0050	SURF-NBPOSTERTRACE2026V1R0050	1	1	true	true	1	1	0.454	10.859	none
Q023	held_out	exact_title	Pan American Exposition, Buffalo, May 1 - November 1, 1901. Niagara	SURF-LOCTRACE2026I2A777BF54A61AD	SURF-LOCTRACE2026I2A777BF54A61AD	SURF-LOCTRACE2026I2A777BF54A61AD	1	1	true	true	1	1	0.444	14.092	none
Q024	held_out	exact_title	Arundel Society chromolithograph copy series	SURF-COMPOUND-ARUNDEL-SOCIETY-CHROMOLITHOGRAPH-COPIES	SURF-COMPOUND-ARUNDEL-SOCIETY-CHROMOLITHOGRAPH-COPIES	SURF-COMPOUND-ARUNDEL-SOCIETY-CHROMOLITHOGRAPH-COPIES	1	1	true	true	1	1	0.492	48.120	none
Q025	tuning	exact_title	Fiatalok! Szavazzatok : jovonkre, a Nepfront programjara	SURF-LOCTRACE2026I31AD599BD311D2	SURF-LOCTRACE2026I31AD599BD311D2	SURF-LOCTRACE2026I31AD599BD311D2	1	1	true	true	1	1	0.398	44.405	none
Q026	held_out	exact_title	O1165164	SURF-VAM20K-02900	SURF-VAM20K-02900	SURF-VAM20K-02900	1	1	true	true	1	1	0.741	19.379	none
Q027	tuning	exact_title	[Bjørnstjerne Bjørnson]	SURF-NBPOSTERTRACE2026V2R0065	SURF-NBPOSTERTRACE2026V2R0065	SURF-NBPOSTERTRACE2026V2R0065;SURF-NBPOSTERTRACE2026V1R0007;SURF-NBPOSTERTRACE2026V1R0242;SURF-NBPOSTERTRACE2026V1R0275;SURF-NBPOSTERTRACE2026V1R0015	1	1	true	true	1	5	0.499	44.466	none
Q028	held_out	exact_title	O130589	SURF-VAMMODERNTRACE2026R0110	SURF-VAMMODERNTRACE2026R0110	SURF-VAMMODERNTRACE2026R0110	1	1	true	true	1	1	1.043	19.608	none
Q029	tuning	exact_title	O1166811	SURF-YRGAP-REGION-0064	SURF-YRGAP-REGION-0064	SURF-YRGAP-REGION-0064	1	1	true	true	1	1	0.693	20.256	none
Q030	tuning	exact_title	Keep Families Together, from the Voces de la Frontera box set	SURF-YALEPOSTERTRACE2026V1R0092	SURF-YALEPOSTERTRACE2026V1R0092	SURF-YALEPOSTERTRACE2026V1R0092;SURF-YALEPOSTERTRACE2026V1R0096	1	1	true	true	1	2	0.693	43.704	none
Q031	held_out	stable_id	SURF-LOCTRACE2026R02472	SURF-LOCTRACE2026R02472		SURF-LOCTRACE2026R02472	0	1	false	true	0	1	0.586	48.055	none
Q032	held_out	stable_id	SURF-LOCTRACE2026R01999	SURF-LOCTRACE2026R01999		SURF-LOCTRACE2026R01999	0	1	false	true	0	1	0.636	43.693	none
Q033	held_out	stable_id	SURF-BNDCLTRACE2026V1R0009	SURF-BNDCLTRACE2026V1R0009		SURF-BNDCLTRACE2026V1R0009	0	1	false	true	0	1	0.601	42.742	none
Q034	tuning	stable_id	SURF-LOCTRACE2026I6D03759D157739	SURF-LOCTRACE2026I6D03759D157739		SURF-LOCTRACE2026I6D03759D157739	0	1	false	true	0	1	0.564	42.176	none
Q035	held_out	stable_id	SURF-NBPOSTERTRACE2026V1R0044	SURF-NBPOSTERTRACE2026V1R0044		SURF-NBPOSTERTRACE2026V1R0044	0	1	false	true	0	1	0.571	42.775	none
Q036	held_out	stable_id	SURF-VAM20K-01983	SURF-VAM20K-01983		SURF-VAM20K-01983	0	1	false	true	0	1	0.605	42.511	none
Q037	held_out	stable_id	SURF-CGS2026R0670	SURF-CGS2026R0670		SURF-CGS2026R0670	0	1	false	true	0	1	0.633	41.995	none
Q038	tuning	stable_id	SURF-LOCTRACE2026I79FFABC798DD25	SURF-LOCTRACE2026I79FFABC798DD25		SURF-LOCTRACE2026I79FFABC798DD25	0	1	false	true	0	1	0.756	42.788	none
Q039	held_out	stable_id	SURF-VAM20K-00605	SURF-VAM20K-00605		SURF-VAM20K-00605	0	1	false	true	0	1	0.649	42.242	none
Q040	held_out	stable_id	SURF-CHWCONTEMP2026V1R0078	SURF-CHWCONTEMP2026V1R0078		SURF-CHWCONTEMP2026V1R0078	0	1	false	true	0	1	0.634	41.809	none
Q041	held_out	stable_id	SURF-VAM20K-02878	SURF-VAM20K-02878		SURF-VAM20K-02878	0	1	false	true	0	1	0.603	41.618	none
Q042	held_out	stable_id	SURF-NMKTRACE2026R00308	SURF-NMKTRACE2026R00308		SURF-NMKTRACE2026R00308	0	1	false	true	0	1	0.642	42.233	none
Q043	held_out	stable_id	SURF-VAM20K-01477	SURF-VAM20K-01477		SURF-VAM20K-01477	0	1	false	true	0	1	0.645	42.180	none
Q044	tuning	stable_id	SURF-LOCTRACE2026R01574	SURF-LOCTRACE2026R01574		SURF-LOCTRACE2026R01574	0	1	false	true	0	1	0.593	42.931	none
Q045	tuning	stable_id	SURF-VAM20K-02432	SURF-VAM20K-02432		SURF-VAM20K-02432	0	1	false	true	0	1	0.703	42.266	none
Q046	tuning	stable_id	SURF-VAM20K-01317	SURF-VAM20K-01317		SURF-VAM20K-01317	0	1	false	true	0	1	0.614	42.478	none
Q047	held_out	stable_id	SURF-LOCTRACE2026R00949	SURF-LOCTRACE2026R00949		SURF-LOCTRACE2026R00949	0	1	false	true	0	1	0.565	42.163	none
Q048	held_out	stable_id	SURF-LOCTRACE2026I9C6425222950E8	SURF-LOCTRACE2026I9C6425222950E8		SURF-LOCTRACE2026I9C6425222950E8	0	1	false	true	0	1	0.624	42.597	none
Q049	held_out	stable_id	SURF-YALEPRODUCTTRACE2026V3R0028	SURF-YALEPRODUCTTRACE2026V3R0028		SURF-YALEPRODUCTTRACE2026V3R0028	0	1	false	true	0	1	0.729	41.917	none
Q050	held_out	stable_id	SURF-NBPOSTERTRACE2026V1R0071	SURF-NBPOSTERTRACE2026V1R0071		SURF-NBPOSTERTRACE2026V1R0071	0	1	false	true	0	1	0.693	42.325	none
Q051	held_out	case	NOUS FAISONS CONFIANCE AU PARTI COMMUNISTE FRANCAIS POUR L'UNION POPULAIRE ET LA VICTOIRE DU PROGRAMME COMMUN	SURF-LOCTRACE2026R01999	SURF-LOCTRACE2026R01999	SURF-LOCTRACE2026R01999	1	1	true	true	1	1	0.423	44.256	none
Q052	tuning	case	[REMEMBER JUNE 25TH, WORK HARD TO RE-CONSTRUCT THE COUNTRY!]	SURF-LOCTRACE2026I6D03759D157739	SURF-LOCTRACE2026I6D03759D157739	SURF-LOCTRACE2026I6D03759D157739	1	1	true	true	1	1	0.399	46.977	none
Q053	held_out	case	THE BRAZILIAN IN THE VERY MERRY MARINER LCCN2014637100	SURF-CGS2026R0670	SURF-CGS2026R0670	SURF-CGS2026R0670	1	1	true	true	1	1	0.543	29.964	none
Q054	held_out	case	FROHE FESTTAGE UND EIN WEITERES GUTES JAHR! ... DER OSTERREICHISCHE WEG	SURF-LOCTRACE2026I79FFABC798DD25	SURF-LOCTRACE2026I79FFABC798DD25	SURF-LOCTRACE2026I79FFABC798DD25	1	1	true	true	1	1	0.456	43.893	none
Q055	held_out	case	LEVI'S, THE STRONGEST THREAD	SURF-CHWCONTEMP2026V1R0078	SURF-CHWCONTEMP2026V1R0078	SURF-CHWCONTEMP2026V1R0078	1	1	true	true	1	1	0.614	44.152	none
Q056	held_out	case	TECHNIQUE OF WORKING ON SMALL FORMS	SURF-NMKTRACE2026R00308	SURF-NMKTRACE2026R00308	SURF-NMKTRACE2026R00308	1	1	true	true	1	1	0.609	63.693	none
Q057	held_out	case	NAROD I ARMIIA NEPOBEDIMY!	SURF-LOCTRACE2026R01574	SURF-LOCTRACE2026R01574	SURF-LOCTRACE2026R01574	1	1	true	true	1	1	0.753	47.743	none
Q058	held_out	case	THE OWL AND THE PUSSYCAT WENT TO SEE...	SURF-VAM20K-01317	SURF-VAM20K-01317	SURF-VAM20K-01317	1	1	true	true	1	1	0.925	19.573	none
Q059	held_out	case	PEACE WITH HONOUR? THERE CAN NEVER BE DISHONOUR IN PEACE! : JIM LARKIN, 1876-1947	SURF-LOCTRACE2026R00949	SURF-LOCTRACE2026R00949	SURF-LOCTRACE2026R00949	1	1	true	true	1	1	0.504	45.394	none
Q060	held_out	case	IT'S HIS OIL : SO WHY ARE 40,000 SCOTS KIDS ON PART-TIME EDUCATION?...	SURF-LOCTRACE2026I9C6425222950E8	SURF-LOCTRACE2026I9C6425222950E8	SURF-LOCTRACE2026I9C6425222950E8	1	1	true	true	1	1	0.802	17.089	none
Q061	held_out	case	ZENO AT 4AM (DANCING WOMAN) 2001, FROM SUITE OF 9 ETCHINGS	SURF-YALEPRODUCTTRACE2026V3R0028	SURF-YALEPRODUCTTRACE2026V3R0028	SURF-YALEPRODUCTTRACE2026V3R0028	1	1	true	true	1	1	0.505	42.871	none
Q062	held_out	case	KONSERT TIL INNTEKT FOR KIRSTEN FLAGSTAD FONDET, AULAEN 23. AUGUST KL. 19.30	SURF-NBPOSTERTRACE2026V1R0071	SURF-NBPOSTERTRACE2026V1R0071	SURF-NBPOSTERTRACE2026V1R0071	1	1	true	true	1	1	0.502	50.664	none
Q063	held_out	case	MASCOUTAH KENNEL CLUB DOG SHOW. DOGS FROM BOTH CONTINENTS	SURF-LOCTRACE2026I05C08973C33EE1	SURF-LOCTRACE2026I05C08973C33EE1	SURF-LOCTRACE2026I05C08973C33EE1	1	1	true	true	1	1	0.445	60.926	none
Q064	held_out	case	9,75% SMS. HAR DU PERSONKONTO, FÅR DU 9,75% RENTE PÅ SPARING MED SKATTEFRADRAG.	SURF-NBPOSTERTRACE2026V1R0050	SURF-NBPOSTERTRACE2026V1R0050	SURF-NBPOSTERTRACE2026V1R0050	1	1	true	true	1	1	0.384	11.124	none
Q065	held_out	case	PAN AMERICAN EXPOSITION, BUFFALO, MAY 1 - NOVEMBER 1, 1901. NIAGARA	SURF-LOCTRACE2026I2A777BF54A61AD	SURF-LOCTRACE2026I2A777BF54A61AD	SURF-LOCTRACE2026I2A777BF54A61AD	1	1	true	true	1	1	0.532	14.946	none
Q066	held_out	punctuation	nous faisons confiance au parti communiste francais pour l union populaire et la victoire du programme commun	SURF-LOCTRACE2026R01999		SURF-LOCTRACE2026R01999	0	1	false	true	0	1	0.428	44.493	none
Q067	held_out	punctuation	remember june 25th work hard to re construct the country	SURF-LOCTRACE2026I6D03759D157739		SURF-LOCTRACE2026I6D03759D157739	0	1	false	true	0	1	0.553	47.511	none
Q068	tuning	punctuation	frohe festtage und ein weiteres gutes jahr der osterreichische weg	SURF-LOCTRACE2026I79FFABC798DD25		SURF-LOCTRACE2026I79FFABC798DD25	0	1	false	true	0	1	0.384	42.441	none
Q069	held_out	punctuation	levi s the strongest thread	SURF-CHWCONTEMP2026V1R0078		SURF-CHWCONTEMP2026V1R0078	0	1	false	true	0	1	0.773	189.305	none
Q070	held_out	punctuation	narod i armiia nepobedimy	SURF-LOCTRACE2026R01574	SURF-LOCTRACE2026R01574	SURF-LOCTRACE2026R01574	1	1	true	true	1	1	0.585	46.670	none
Q071	tuning	punctuation	the owl and the pussycat went to see	SURF-VAM20K-01317	SURF-VAM20K-01317	SURF-VAM20K-01317	1	1	true	true	1	1	0.516	18.065	none
Q072	held_out	punctuation	peace with honour there can never be dishonour in peace jim larkin 1876 1947	SURF-LOCTRACE2026R00949		SURF-LOCTRACE2026R00949	0	1	false	true	0	1	0.384	43.421	none
Q073	held_out	punctuation	it s his oil so why are 40 000 scots kids on part time education	SURF-LOCTRACE2026I9C6425222950E8		SURF-LOCTRACE2026I9C6425222950E8	0	1	false	true	0	1	0.441	16.353	none
Q074	tuning	punctuation	zeno at 4am dancing woman 2001 from suite of 9 etchings	SURF-YALEPRODUCTTRACE2026V3R0028		SURF-YALEPRODUCTTRACE2026V3R0028	0	1	false	true	0	1	0.479	41.033	none
Q075	tuning	punctuation	konsert til inntekt for kirsten flagstad fondet aulaen 23 august kl 19 30	SURF-NBPOSTERTRACE2026V1R0071		SURF-NBPOSTERTRACE2026V1R0071	0	1	false	true	0	1	0.422	57.005	none
Q076	tuning	punctuation	don t talk to the man on the job	SURF-NMKTRACE2026R00488		SURF-NMKTRACE2026R00488	0	1	false	true	0	1	4.166	18.988	none
Q077	held_out	punctuation	mascoutah kennel club dog show dogs from both continents	SURF-LOCTRACE2026I05C08973C33EE1		SURF-LOCTRACE2026I05C08973C33EE1	0	1	false	true	0	1	0.463	77.098	none
Q078	held_out	punctuation	9 75 sms har du personkonto får du 9 75 rente på sparing med skattefradrag	SURF-NBPOSTERTRACE2026V1R0050		SURF-NBPOSTERTRACE2026V1R0050	0	1	false	true	0	1	0.501	10.895	none
Q079	held_out	punctuation	pan american exposition buffalo may 1 november 1 1901 niagara	SURF-LOCTRACE2026I2A777BF54A61AD		SURF-LOCTRACE2026I2A777BF54A61AD	0	1	false	true	0	1	0.536	13.834	none
Q080	held_out	punctuation	fiatalok szavazzatok jovonkre a nepfront programjara	SURF-LOCTRACE2026I31AD599BD311D2		SURF-LOCTRACE2026I31AD599BD311D2	0	1	false	true	0	1	0.723	44.313	none
Q081	held_out	whitespace	nous   faisons   confiance   au   parti   communiste   francais   pour   l   union   populaire   et   la   victoire   du   programme   commun	SURF-LOCTRACE2026R01999		SURF-LOCTRACE2026R01999	0	1	false	true	0	1	0.375	43.052	none
Q082	held_out	whitespace	remember   june   25th   work   hard   to   re   construct   the   country	SURF-LOCTRACE2026I6D03759D157739		SURF-LOCTRACE2026I6D03759D157739	0	1	false	true	0	1	0.481	44.869	none
Q083	tuning	whitespace	the   brazilian   in   the   very   merry   mariner   lccn2014637100	SURF-CGS2026R0670		SURF-CGS2026R0670	0	1	false	true	0	1	0.483	29.105	none
Q084	held_out	whitespace	frohe   festtage   und   ein   weiteres   gutes   jahr   der   osterreichische   weg	SURF-LOCTRACE2026I79FFABC798DD25		SURF-LOCTRACE2026I79FFABC798DD25	0	1	false	true	0	1	0.402	44.924	none
Q085	held_out	whitespace	levi   s   the   strongest   thread	SURF-CHWCONTEMP2026V1R0078		SURF-CHWCONTEMP2026V1R0078	0	1	false	true	0	1	0.604	41.885	none
Q086	held_out	whitespace	technique   of   working   on   small   forms	SURF-NMKTRACE2026R00308		SURF-NMKTRACE2026R00308	0	1	false	true	0	1	0.517	57.622	none
Q087	held_out	whitespace	narod   i   armiia   nepobedimy	SURF-LOCTRACE2026R01574		SURF-LOCTRACE2026R01574	0	1	false	true	0	1	0.588	44.128	none
Q088	held_out	whitespace	the   owl   and   the   pussycat   went   to   see	SURF-VAM20K-01317		SURF-VAM20K-01317	0	1	false	true	0	1	0.515	17.957	none
Q089	held_out	whitespace	peace   with   honour   there   can   never   be   dishonour   in   peace   jim   larkin   1876   1947	SURF-LOCTRACE2026R00949		SURF-LOCTRACE2026R00949	0	1	false	true	0	1	0.428	45.706	none
Q090	tuning	whitespace	it   s   his   oil   so   why   are   40   000   scots   kids   on   part   time   education	SURF-LOCTRACE2026I9C6425222950E8		SURF-LOCTRACE2026I9C6425222950E8	0	1	false	true	0	1	0.438	17.496	none
Q091	tuning	whitespace	zeno   at   4am   dancing   woman   2001   from   suite   of   9   etchings	SURF-YALEPRODUCTTRACE2026V3R0028		SURF-YALEPRODUCTTRACE2026V3R0028	0	1	false	true	0	1	0.482	42.189	none
Q092	held_out	whitespace	konsert   til   inntekt   for   kirsten   flagstad   fondet   aulaen   23   august   kl   19   30	SURF-NBPOSTERTRACE2026V1R0071		SURF-NBPOSTERTRACE2026V1R0071	0	1	false	true	0	1	0.412	48.387	none
Q093	held_out	whitespace	don   t   talk   to   the   man   on   the   job	SURF-NMKTRACE2026R00488		SURF-NMKTRACE2026R00488	0	1	false	true	0	1	0.419	14.464	none
Q094	held_out	whitespace	mascoutah   kennel   club   dog   show   dogs   from   both   continents	SURF-LOCTRACE2026I05C08973C33EE1		SURF-LOCTRACE2026I05C08973C33EE1	0	1	false	true	0	1	0.415	57.331	none
Q095	held_out	whitespace	9   75   sms   har   du   personkonto   får   du   9   75   rente   på   sparing   med   skattefradrag	SURF-NBPOSTERTRACE2026V1R0050		SURF-NBPOSTERTRACE2026V1R0050	0	1	false	true	0	1	0.371	11.599	none
Q096	held_out	latin_diacritic	9 75 sms har du personkonto far du 9 75 rente pa sparing med skattefradrag	SURF-NBPOSTERTRACE2026V1R0050		SURF-NBPOSTERTRACE2026V1R0050	0	1	false	true	0	1	0.357	10.892	none
Q097	held_out	latin_diacritic	elna la machine a coudre de menage ideale	SURF-LOCTRACE2026I2F35744A3B29CD		SURF-LOCTRACE2026I2F35744A3B29CD	0	1	false	true	0	1	0.693	41.902	none
Q098	held_out	latin_diacritic	nuevo rumbo a chile socialismo y democracia xxiii convencion radical	SURF-BNDCLTRACE2026V1R0040		SURF-BNDCLTRACE2026V1R0040	0	1	false	true	0	1	0.443	43.727	none
Q099	held_out	latin_diacritic	la maree noire de giscard barre 1 300000 chomeurs luttons pour l emploi avec les socialistes	SURF-LOCTRACE2026R00390		SURF-LOCTRACE2026R00390	0	1	false	true	0	1	0.404	27.559	none
Q100	held_out	latin_diacritic	anatomie du poisson avec et sans legendes poster	SURF-SPCTRACE2026V2R0224		SURF-SPCTRACE2026V2R0224	0	1	false	true	0	1	0.586	48.970	none
Q101	held_out	latin_diacritic	usa baut kunstgewerbemuseum zurich 9 september 7 oktober 1945	SURF-LOCTRACE2026I1611B630332C10		SURF-LOCTRACE2026I1611B630332C10	0	1	false	true	0	1	0.437	14.453	none
Q102	held_out	latin_diacritic	donnees de suivi invertebres intertidaux poster fr	SURF-SPCTRACE2026V2R0238		SURF-SPCTRACE2026V2R0238	0	1	false	true	0	1	0.516	48.995	none
Q103	tuning	latin_diacritic	papier a cigarettes job	SURF-NMKTRACE2026R00442		SURF-NMKTRACE2026R00442	0	1	false	true	0	1	0.480	45.064	none
Q104	held_out	latin_diacritic	tout n est que vanite	SURF-LOCTRACE2026R02001		SURF-LOCTRACE2026R02001	0	1	false	true	0	1	0.615	44.901	none
Q105	tuning	latin_diacritic	veggavis nr 9 2nen arg sølv	SURF-NBPOSTERTRACE2026V2R0103		SURF-NBPOSTERTRACE2026V2R0103	0	1	false	true	0	1	0.479	46.050	none
Q106	held_out	latin_diacritic	hermann scherrer breechesmaker sporting tailor munchen neuhauserstr 32	SURF-LOCTRACE2026IEE0B69945BF948		SURF-LOCTRACE2026IEE0B69945BF948	0	1	false	true	0	1	0.613	48.183	none
Q107	held_out	latin_diacritic	folkepartiets mal trygging av heim og arbeid er du samd i det røyst med f det nye folkepartiet	SURF-LOCTRACE2026R00943		SURF-LOCTRACE2026R00943	0	1	false	true	0	1	0.370	60.339	none
Q108	held_out	latin_diacritic	what s on in munster	SURF-VAM20K-02123		SURF-VAM20K-02123	0	1	false	true	0	1	0.526	43.519	none
Q109	tuning	latin_diacritic	iv festival nacional de cine de vina del mar	SURF-BNDCLTRACE2026V1R0034		SURF-BNDCLTRACE2026V1R0034	0	1	false	true	0	1	0.498	19.588	none
Q110	held_out	latin_diacritic	valaffischer fran svunna tider moderaterna	SURF-LOCTRACE2026R01483		SURF-LOCTRACE2026R01483	0	1	false	true	0	1	0.419	45.091	none
Q111	held_out	unique_prefix	nous f	SURF-LOCTRACE2026R01999	SURF-LOCTRACE2026R01999	SURF-LOCTRACE2026R01999	1	1	true	true	1	1	0.723	47.513	none
Q112	held_out	unique_prefix	remember j	SURF-LOCTRACE2026I6D03759D157739	SURF-LOCTRACE2026I6D03759D157739	SURF-LOCTRACE2026I6D03759D157739	1	1	true	true	1	1	1.006	47.366	none
Q113	held_out	unique_prefix	alle 	SURF-NBPOSTERTRACE2026V1R0044	SURF-LOCYEAR2026V1R0001;SURF-LOCTRACE2026R00968;SURF-LOCTRACE2026I10ACF1FA3B46A3;SURF-LOCTRACE2026R00825;SURF-MDAFATRACE2026R0024;SURF-CHWCONTEMP2026V1R0061;SURF-LOCTRACE2026R00441;SURF-NBPOSTERTRACE2026V1R0064;SURF-NBPOSTERTRACE2026V2R0035;SURF-VAM20K-01155	SURF-NBPOSTERTRACE2026V1R0044;SURF-LOCTRACE2026I66A545258C1B33;SURF-LOCTRACE2026R02039;SURF-MDAFATRACE2026R0024;SURF-CHWCONTEMP2026V1R0061;SURF-LOCTRACE2026R00441;SURF-NBPOSTERTRACE2026V1R0064;SURF-NBPOSTERTRACE2026V2R0035;SURF-VAM20K-01155;SURF-CHWCONTEMP2026V1R0008	0	1	false	true	90	172	1.067	53.731	none
Q114	held_out	unique_prefix	the bra	SURF-CGS2026R0670	SURF-CGS2026R0670	SURF-CGS2026R0670;SURF-NBPOSTERTRACE2026V1R0129;SURF-NBPOSTERTRACE2026V1R0214;SURF-VAM20K-02814;SURF-YALEPRODUCTTRACE2026V3R0011;SURF-MODERNAPITRACE2026R0246;SURF-LOCTRACE2026IC58ECDA09D7116;SURF-LOCTRACE2026IF8FA6A77399E84;SURF-LOCTRACE2026I1B6AEE0D827EFC;SURF-LOCTRACE2026R02377	1	1	true	true	1	14	0.771	18.531	none
Q115	held_out	unique_prefix	froh	SURF-LOCTRACE2026I79FFABC798DD25	SURF-LOCTRACE2026I79FFABC798DD25	SURF-LOCTRACE2026I79FFABC798DD25;SURF-LOCTRACE2026I26EBBD7BA27C98;SURF-YALEPOSTERTRACE2026V1R0025;SURF-YALEPOSTERTRACE2026V1R0094;SURF-YALEPOSTERTRACE2026V1R0031;SURF-LOCTRACE2026I7FA226FAD19D62;SURF-VAM20K-00879;SURF-LOCTRACE2026R00112;SURF-YALEPOSTERTRACE2026V1R0112;SURF-HISTORICALAICTRACE2026V1R0254	1	1	true	true	1	204	0.536	43.756	none
Q116	held_out	unique_prefix	levi s t	SURF-CHWCONTEMP2026V1R0078		SURF-CHWCONTEMP2026V1R0078	0	1	false	true	0	1	0.619	52.568	none
Q117	held_out	unique_prefix	techni	SURF-NMKTRACE2026R00308	SURF-MODERNAPITRACE2026R0054;SURF-MODERNAPITRACE2026R0055;SURF-LOCTRACE2026IEFF730A981A168;SURF-SPCMTRACE2026V1R0159;SURF-NMKTRACE2026R00308;SURF-LOCTRACE2026IA8025AC376E5FA	SURF-NMKTRACE2026R00308;SURF-MODERNAPITRACE2026R0054;SURF-MODERNAPITRACE2026R0055;SURF-LOCTRACE2026IEFF730A981A168;SURF-SPCMTRACE2026V1R0159;SURF-LOCTRACE2026IA8025AC376E5FA	5	1	true	true	6	6	0.850	50.520	none
Q118	tuning	unique_prefix	narod i	SURF-LOCTRACE2026R01574	SURF-LOCTRACE2026R01574	SURF-LOCTRACE2026R01574;SURF-LOCTRACE2026R02390	1	1	true	true	1	2	0.694	45.616	none
Q119	held_out	unique_prefix	the ow	SURF-VAM20K-01317	SURF-VAM20K-01317	SURF-VAM20K-01317;SURF-ER1830R070;SURF-YALEPOSTERTRACE2026V1R0112;SURF-LOCTRACE2026R01468;SURF-MODERNAPITRACE2026R0168;SURF-LOCTRACE2026I6CA6F30FAA3A00;SURF-LOCTRACE2026R01721;SURF-LOCTRACE2026R02230;SURF-LOCTRACE2026I0B39D55ED21BD2;SURF-VAM20K-02079	1	1	true	true	1	108	0.730	20.002	none
Q120	tuning	unique_prefix	peace w	SURF-LOCTRACE2026R00949	SURF-LOCTRACE2026R00949	SURF-LOCTRACE2026R00949	1	1	true	true	1	1	0.997	46.410	none
Q121	held_out	unique_prefix	zeno at 4am d	SURF-YALEPRODUCTTRACE2026V3R0028		SURF-YALEPRODUCTTRACE2026V3R0028	0	1	false	true	0	1	0.464	41.304	none
Q122	held_out	unique_prefix	konsert t	SURF-NBPOSTERTRACE2026V1R0071	SURF-NBPOSTERTRACE2026V1R0071	SURF-NBPOSTERTRACE2026V1R0071	1	1	true	true	1	1	0.504	47.820	none
Q123	held_out	unique_prefix	don t t	SURF-NMKTRACE2026R00488		SURF-NMKTRACE2026R00488;SURF-HISTORICALAICTRACE2026V1R0123;SURF-LOCTRACE2026IBBEB8D3C40FFA0;SURF-VAM20K-01874;SURF-VAMYEARTRACEV2R0053;SURF-YALEDESIGNTRACE2026V2R0065;SURF-LOCTRACE2026R00299;SURF-LOCTRACE2026R00300;SURF-LOCTRACE2026R00293;SURF-LOCTRACE2026R01505	0	1	false	true	0	25	0.582	14.496	none
Q124	held_out	unique_prefix	masc	SURF-LOCTRACE2026I05C08973C33EE1	SURF-LOCTRACE2026I05C08973C33EE1	SURF-LOCTRACE2026I05C08973C33EE1;SURF-LOCTRACE2026IE3304CF3B51D72;SURF-LOCTRACE2026R01120;SURF-LOCTRACE2026R00347;SURF-LOCTRACE2026R00525;SURF-LOCTRACE2026I7AAD59406018FE;SURF-LOCTRACE2026R01464;SURF-LOCTRACE2026I3CDE6CA791358F;SURF-LOCTRACE2026I777BB133865E42;SURF-LOCTRACE2026I2602E6E3C0B6E2	1	1	true	true	1	13	0.588	42.939	none
Q125	held_out	unique_prefix	9 75	SURF-NBPOSTERTRACE2026V1R0050		SURF-NBPOSTERTRACE2026V1R0050;SURF-LOCTRACE2026R02160;SURF-LOCTRACE2026R02198;SURF-LOCTRACE2026R02207;SURF-LOCTRACE2026I1D452E0DFB74A7;SURF-LOCTRACE2026I00557A7DBA6DE7;SURF-LOCTRACE2026R02142;SURF-NBPOSTERTRACE2026V1R0094;SURF-LOCTRACE2026R02191;SURF-LOCTRACE2026R02165	0	1	false	true	0	19	0.469	10.786	none
Q126	held_out	unique_prefix	pan 	SURF-LOCTRACE2026I2A777BF54A61AD	SURF-LOCTRACE2026R00585;SURF-LOCTRACE2026R02358;SURF-LOCTRACE2026R02412;SURF-LOCTRACE2026R01961;SURF-LOCTRACE2026I5EC70447A4913A;SURF-LOCTRACE2026IFD8C0906EB6B4C;SURF-ER1830R063;SURF-LOCTRACE2026R01959;SURF-LOCTRACE2026I4711F655E0F1BD;SURF-LOCTRACE2026R00967	SURF-LOCTRACE2026I2A777BF54A61AD;SURF-LOCTRACE2026R02360;SURF-MDAFATRACE2026R0077;SURF-LOCTRACE2026R00585;SURF-LOCTRACE2026I011061BD52C7D3;SURF-HISTORICALAICTRACE2026V1R0281;SURF-GALYEAR2026V1R0001;SURF-LOCTRACE2026R02358;SURF-LOCTRACE2026R02412;SURF-LOCTRACE2026IDA5A932C141F8E	0	1	false	true	63	69	0.651	13.862	none
Q127	held_out	unique_prefix	arun	SURF-COMPOUND-ARUNDEL-SOCIETY-CHROMOLITHOGRAPH-COPIES	SURF-COMPOUND-ARUNDEL-SOCIETY-CHROMOLITHOGRAPH-COPIES;SURF-LOCTRACE2026R01078;SURF-LOCTRACE2026I97E92EDAA8A4B0	SURF-COMPOUND-ARUNDEL-SOCIETY-CHROMOLITHOGRAPH-COPIES;SURF-LOCTRACE2026R01078;SURF-LOCTRACE2026I97E92EDAA8A4B0;SURF-LOCTRACE2026R02436;SURF-NBPOSTERTRACE2026V1R0314;SURF-LOCTRACE2026I66C45008029025;SURF-NBPOSTERTRACE2026V1R0091;SURF-NBPOSTERTRACE2026V1R0017;SURF-VAM20K-00284;SURF-SPCTRACE2026V2R0135	1	1	true	true	3	14	0.852	43.271	none
Q128	tuning	unique_prefix	fiatalok s	SURF-LOCTRACE2026I31AD599BD311D2		SURF-LOCTRACE2026I31AD599BD311D2	0	1	false	true	0	1	0.506	43.431	none
Q129	held_out	unique_prefix	o116681	SURF-YRGAP-REGION-0064	SURF-YRGAP-REGION-0064	SURF-YRGAP-REGION-0064	1	1	true	true	1	1	0.782	17.511	none
Q130	held_out	unique_prefix	pend	SURF-YALEPRODUCTTRACE2026V3R0057	SURF-LOCTRACE2026R01321;SURF-LOCTRACE2026IF7D8F1D4068830;SURF-LOCTRACE2026R02250;SURF-LOCTRACE2026R00533;SURF-LOCTRACE2026I77A954853A79F3;SURF-LOCTRACE2026I1D452E0DFB74A7;SURF-LOCTRACE2026R00651;SURF-LOCTRACE2026ICE61D936952F0D;SURF-LOCTRACE2026R00341;SURF-LOCTRACE2026R00340	SURF-YALEPRODUCTTRACE2026V3R0057;SURF-LOCTRACE2026R01321;SURF-LOCTRACE2026IF7D8F1D4068830;SURF-LOCTRACE2026R02250;SURF-LOCTRACE2026R00533;SURF-LOCTRACE2026I77A954853A79F3;SURF-LOCTRACE2026I1D452E0DFB74A7;SURF-LOCTRACE2026R00651;SURF-LOCTRACE2026ICE61D936952F0D;SURF-LOCTRACE2026R00341	0	1	false	true	16	34	0.662	39.937	none
Q131	held_out	unique_prefix	elna	SURF-LOCTRACE2026I2F35744A3B29CD	SURF-LOCTRACE2026I2F35744A3B29CD;SURF-NMKTRACE2026R00458	SURF-LOCTRACE2026I2F35744A3B29CD;SURF-NMKTRACE2026R00458;SURF-LOCTRACE2026R00474;SURF-NBPOSTERTRACE2026V2R0096	1	1	true	true	2	4	0.809	43.218	none
Q132	tuning	unique_prefix	cirkus o	SURF-NBPOSTERTRACE2026V1R0011	SURF-NBPOSTERTRACE2026V1R0011	SURF-NBPOSTERTRACE2026V1R0011;SURF-NBPOSTERTRACE2026V2R0050	1	1	true	true	1	2	0.599	44.167	none
Q133	held_out	unique_prefix	stori	SURF-SPCBTRACE2026V1R0579	SURF-LOCTRACE2026IE0ECAEA13EDF22;SURF-NBPOSTERTRACE2026V1R0015;SURF-MODERNAPITRACE2026R0123;SURF-MODERNAPITRACE2026R0142;SURF-MODERNAPITRACE2026R0158;SURF-VAM20K-02949;SURF-NBPOSTERTRACE2026V1R0309;SURF-LOCTRACE2026R01310;SURF-MODERNAPITRACE2026R0184;SURF-LOCTRACE2026I45189F8231CC0F	SURF-SPCBTRACE2026V1R0579;SURF-LOCTRACE2026IE0ECAEA13EDF22;SURF-NBPOSTERTRACE2026V1R0015;SURF-MODERNAPITRACE2026R0123;SURF-MODERNAPITRACE2026R0142;SURF-MODERNAPITRACE2026R0158;SURF-VAM20K-02949;SURF-NBPOSTERTRACE2026V1R0309;SURF-LOCTRACE2026R01310;SURF-MODERNAPITRACE2026R0184	0	1	false	true	14	33	0.775	44.320	none
Q134	held_out	unique_prefix	initiative s	SURF-LOCTRACE2026R00358	SURF-LOCTRACE2026R00358	SURF-LOCTRACE2026R00358	1	1	true	true	1	1	0.659	50.629	none
Q135	tuning	unique_prefix	nuev	SURF-BNDCLTRACE2026V1R0040	SURF-BNDCLTRACE2026V1R0040;SURF-LOCTRACE2026R01817;SURF-BNDCLDANIELGLEISER2026V2R0035	SURF-BNDCLTRACE2026V1R0040;SURF-LOCTRACE2026R01817;SURF-BNDCLDANIELGLEISER2026V2R0035	1	1	true	true	3	3	0.663	41.548	none
Q136	tuning	unique_middle_substring	work har	SURF-LOCTRACE2026I6D03759D157739	SURF-LOCTRACE2026I6D03759D157739	SURF-LOCTRACE2026I6D03759D157739;SURF-NBPOSTERTRACE2026V1R0080;SURF-YALEPRODUCTTRACE2026V3R0068;SURF-LOCTRACE2026R00935	1	1	true	true	1	4	0.655	40.153	none
Q137	held_out	unique_middle_substring	he very m	SURF-CGS2026R0670	SURF-CGS2026R0670	SURF-CGS2026R0670	1	1	true	true	1	1	0.602	30.195	none
Q138	tuning	unique_middle_substring	weiteres	SURF-LOCTRACE2026I79FFABC798DD25	SURF-LOCTRACE2026I79FFABC798DD25	SURF-LOCTRACE2026I79FFABC798DD25	1	1	true	true	1	1	0.523	43.387	none
Q139	tuning	unique_middle_substring	f working	SURF-NMKTRACE2026R00308	SURF-NMKTRACE2026R00308	SURF-NMKTRACE2026R00308	1	1	true	true	1	1	0.588	10.401	none
Q140	held_out	unique_middle_substring	armiia ne	SURF-LOCTRACE2026R01574	SURF-LOCTRACE2026R01574	SURF-LOCTRACE2026R01574	1	1	true	true	1	1	0.729	43.826	none
Q141	held_out	unique_middle_substring	the pussy	SURF-VAM20K-01317	SURF-VAM20K-01317	SURF-VAM20K-01317	1	1	true	true	1	1	0.648	26.433	none
Q142	held_out	unique_middle_substring	an never	SURF-LOCTRACE2026R00949	SURF-LOCTRACE2026R00949	SURF-LOCTRACE2026R00949;SURF-LOCTRACE2026R01161;SURF-LOCTRACE2026R00884;SURF-MODERNAPITRACE2026R0079;SURF-MDA2026V2R0418;SURF-LOCYEAR2026V1R0001;SURF-NBPOSTERTRACE2026V1R0251;SURF-LOCTRACE2026IE57B6A29A11A56;SURF-LOCTRACE2026R00707	1	1	true	true	1	9	0.755	32.557	none
Q143	held_out	unique_middle_substring	re 40 000	SURF-LOCTRACE2026I9C6425222950E8		SURF-LOCTRACE2026I9C6425222950E8	0	1	false	true	0	1	0.661	18.972	none
Q144	held_out	unique_middle_substring	g woman 2	SURF-YALEPRODUCTTRACE2026V3R0028		SURF-YALEPRODUCTTRACE2026V3R0028	0	1	false	true	0	1	0.522	10.437	none
Q145	tuning	unique_middle_substring	lub dog s	SURF-LOCTRACE2026I05C08973C33EE1	SURF-LOCTRACE2026I05C08973C33EE1	SURF-LOCTRACE2026I05C08973C33EE1;SURF-LOCTRACE2026IF81FE0B7C894AF	1	1	true	true	1	2	0.643	14.018	none
Q146	tuning	unique_middle_substring	nto får d	SURF-NBPOSTERTRACE2026V1R0050		SURF-NBPOSTERTRACE2026V1R0050	0	1	false	true	0	1	0.661	14.816	none
Q147	held_out	unique_middle_substring	y chromol	SURF-COMPOUND-ARUNDEL-SOCIETY-CHROMOLITHOGRAPH-COPIES	SURF-COMPOUND-ARUNDEL-SOCIETY-CHROMOLITHOGRAPH-COPIES	SURF-COMPOUND-ARUNDEL-SOCIETY-CHROMOLITHOGRAPH-COPIES	1	1	true	true	1	1	0.578	10.698	none
Q148	held_out	unique_middle_substring	tok jovon	SURF-LOCTRACE2026I31AD599BD311D2		SURF-LOCTRACE2026I31AD599BD311D2	0	1	false	true	0	1	0.676	14.887	none
Q149	held_out	unique_middle_substring	ne à coud	SURF-LOCTRACE2026I2F35744A3B29CD	SURF-LOCTRACE2026I2F35744A3B29CD	SURF-LOCTRACE2026I2F35744A3B29CD	1	1	true	true	1	1	0.662	18.382	none
Q150	held_out	unique_middle_substring	s løkke m	SURF-NBPOSTERTRACE2026V1R0011	SURF-NBPOSTERTRACE2026V1R0011	SURF-NBPOSTERTRACE2026V1R0011	1	1	true	true	1	1	0.639	14.607	none
Q151	held_out	unique_middle_substring	blong yu	SURF-SPCBTRACE2026V1R0579	SURF-SPCBTRACE2026V1R0579	SURF-SPCBTRACE2026V1R0579	1	1	true	true	1	1	0.517	40.923	none
Q152	held_out	unique_middle_substring	banques l	SURF-LOCTRACE2026R00358		SURF-LOCTRACE2026R00358	0	1	false	true	0	1	0.495	46.024	none
Q153	held_out	unique_middle_substring	gen henri	SURF-NMKTRACE2026R00510	SURF-NMKTRACE2026R00510	SURF-NMKTRACE2026R00510	1	1	true	true	1	1	0.887	15.675	none
Q154	tuning	unique_middle_substring	esprach o	SURF-LOCTRACE2026I3AF724A2060B2B		SURF-LOCTRACE2026I3AF724A2060B2B	0	1	false	true	0	1	0.883	48.494	none
Q155	held_out	unique_middle_substring	on the h	SURF-LOCTRACE2026R01956	SURF-LOCTRACE2026R01956	SURF-LOCTRACE2026R01956	1	1	true	true	1	1	0.795	20.081	none
Q156	held_out	one_character_substitution	faixons	SURF-LOCTRACE2026R01999		SURF-LOCTRACE2026R01999	0	1	false	true	0	1	0.523	45.760	source token=faisons
Q157	tuning	one_character_substitution	consxruct	SURF-LOCTRACE2026I6D03759D157739		SURF-LOCTRACE2026I6D03759D157739	0	1	false	true	0	1	0.654	56.503	source token=construct
Q158	held_out	one_character_substitution	spixle	SURF-NBPOSTERTRACE2026V1R0044		SURF-NBPOSTERTRACE2026V1R0044;SURF-LOCTRACE2026R01932	0	1	false	true	0	2	0.671	43.740	source token=spille
Q159	held_out	one_character_substitution	premieobligaxjonslotteri	SURF-NBPOSTERTRACE2026V1R0044		SURF-NBPOSTERTRACE2026V1R0044	0	1	false	true	0	1	0.563	79.166	source token=premieobligasjonslotteri
Q160	held_out	one_character_substitution	premieobxigasjon	SURF-NBPOSTERTRACE2026V1R0044		SURF-NBPOSTERTRACE2026V1R0044	0	1	false	true	0	1	0.698	42.979	source token=premieobligasjon
Q161	tuning	one_character_substitution	treknxnger	SURF-NBPOSTERTRACE2026V1R0044		SURF-NBPOSTERTRACE2026V1R0044	0	1	false	true	0	1	0.632	50.727	source token=trekninger
Q162	held_out	one_character_substitution	komxet	SURF-NBPOSTERTRACE2026V1R0044		SURF-NBPOSTERTRACE2026V1R0044	0	1	false	true	0	1	0.497	42.019	source token=kommet
Q163	held_out	one_character_substitution	gevxst	SURF-NBPOSTERTRACE2026V1R0044		SURF-NBPOSTERTRACE2026V1R0044	0	1	false	true	0	1	0.536	41.447	source token=gevist
Q164	held_out	one_character_substitution	dessxten	SURF-NBPOSTERTRACE2026V1R0044		SURF-NBPOSTERTRACE2026V1R0044	0	1	false	true	0	1	0.554	43.823	source token=dessuten
Q165	tuning	one_character_substitution	pålyxende	SURF-NBPOSTERTRACE2026V1R0044		SURF-NBPOSTERTRACE2026V1R0044	0	1	false	true	0	1	0.666	54.326	source token=pålydende
Q166	held_out	one_character_substitution	bexøp	SURF-NBPOSTERTRACE2026V1R0044		SURF-NBPOSTERTRACE2026V1R0044	0	1	false	true	0	1	0.469	40.330	source token=beløp
Q167	held_out	one_character_substitution	tilbakxbetalt	SURF-NBPOSTERTRACE2026V1R0044		SURF-NBPOSTERTRACE2026V1R0044	0	1	false	true	0	1	0.901	40.587	source token=tilbakebetalt
Q168	held_out	one_character_substitution	innfrxelse	SURF-NBPOSTERTRACE2026V1R0044		SURF-NBPOSTERTRACE2026V1R0044	0	1	false	true	0	1	0.645	49.884	source token=innfrielse
Q169	held_out	one_character_substitution	nemxig	SURF-NBPOSTERTRACE2026V1R0044		SURF-NBPOSTERTRACE2026V1R0044	0	1	false	true	0	1	0.656	42.256	source token=nemlig
Q170	held_out	one_character_substitution	strexning	SURF-NBPOSTERTRACE2026V1R0044		SURF-NBPOSTERTRACE2026V1R0044;SURF-NBPOSTERTRACE2026V1R0019;SURF-NBPOSTERTRACE2026V1R0272;SURF-NBPOSTERTRACE2026V1R0014	0	1	false	true	0	4	0.684	55.711	source token=strekning
Q171	held_out	one_character_substitution	obligaxjonene	SURF-NBPOSTERTRACE2026V1R0044		SURF-NBPOSTERTRACE2026V1R0044;SURF-NBPOSTERTRACE2026V1R0019	0	1	false	true	0	2	0.654	40.150	source token=obligasjonene
Q172	held_out	one_character_substitution	selxes	SURF-NBPOSTERTRACE2026V1R0044		SURF-NBPOSTERTRACE2026V1R0044;SURF-YALEPOSTERTRACE2026V1R0030	0	1	false	true	0	2	0.639	42.785	source token=selges
Q173	held_out	one_character_substitution	flexte	SURF-NBPOSTERTRACE2026V1R0044		SURF-NBPOSTERTRACE2026V1R0044	0	1	false	true	0	1	0.563	41.351	source token=fleste
Q174	tuning	one_character_substitution	akxje	SURF-NBPOSTERTRACE2026V1R0044		SURF-NBPOSTERTRACE2026V1R0044	0	1	false	true	0	1	0.731	42.265	source token=aksje
Q175	held_out	one_character_substitution	sparexanker	SURF-NBPOSTERTRACE2026V1R0044		SURF-NBPOSTERTRACE2026V1R0044	0	1	false	true	0	1	0.597	43.971	source token=sparebanker
Q176	held_out	adjacent_transposition	fasions	SURF-LOCTRACE2026R01999		SURF-LOCTRACE2026R01999	0	1	false	true	0	1	0.537	45.438	source token=faisons
Q177	tuning	adjacent_transposition	contsruct	SURF-LOCTRACE2026I6D03759D157739		SURF-LOCTRACE2026I6D03759D157739	0	1	false	true	0	1	0.618	56.160	source token=construct
Q178	held_out	adjacent_transposition	splile	SURF-NBPOSTERTRACE2026V1R0044		SURF-NBPOSTERTRACE2026V1R0044	0	1	false	true	0	1	0.641	42.822	source token=spille
Q179	tuning	adjacent_transposition	premieobligsajonslotteri	SURF-NBPOSTERTRACE2026V1R0044		SURF-NBPOSTERTRACE2026V1R0044	0	1	false	true	0	1	0.501	73.562	source token=premieobligasjonslotteri
Q180	held_out	adjacent_transposition	premieolbigasjon	SURF-NBPOSTERTRACE2026V1R0044		SURF-NBPOSTERTRACE2026V1R0044	0	1	false	true	0	1	0.652	41.456	source token=premieobligasjon
Q181	held_out	adjacent_transposition	trekinnger	SURF-NBPOSTERTRACE2026V1R0044		SURF-NBPOSTERTRACE2026V1R0044	0	1	false	true	0	1	0.664	51.289	source token=trekninger
Q182	held_out	adjacent_transposition	komemt	SURF-NBPOSTERTRACE2026V1R0044		SURF-NBPOSTERTRACE2026V1R0044;SURF-LOCTRACE2026R01420;SURF-LOCTRACE2026R01421;SURF-LOCTRACE2026R01074;SURF-LOCTRACE2026I5F4455B8CA12CB	0	1	false	true	0	5	0.534	41.509	source token=kommet
Q183	held_out	adjacent_transposition	geivst	SURF-NBPOSTERTRACE2026V1R0044		SURF-NBPOSTERTRACE2026V1R0044	0	1	false	true	0	1	0.495	41.625	source token=gevist
Q184	held_out	adjacent_transposition	desusten	SURF-NBPOSTERTRACE2026V1R0044		SURF-NBPOSTERTRACE2026V1R0044	0	1	false	true	0	1	0.643	43.019	source token=dessuten
Q185	held_out	adjacent_transposition	påldyende	SURF-NBPOSTERTRACE2026V1R0044		SURF-NBPOSTERTRACE2026V1R0044	0	1	false	true	0	1	0.529	53.946	source token=pålydende
Q186	held_out	adjacent_transposition	bleøp	SURF-NBPOSTERTRACE2026V1R0044		SURF-NBPOSTERTRACE2026V1R0044	0	1	false	true	0	1	0.600	41.412	source token=beløp
Q187	held_out	adjacent_transposition	tilbaekbetalt	SURF-NBPOSTERTRACE2026V1R0044		SURF-NBPOSTERTRACE2026V1R0044	0	1	false	true	0	1	0.614	40.956	source token=tilbakebetalt
Q188	held_out	adjacent_transposition	innfirelse	SURF-NBPOSTERTRACE2026V1R0044		SURF-NBPOSTERTRACE2026V1R0044	0	1	false	true	0	1	0.740	50.299	source token=innfrielse
Q189	held_out	adjacent_transposition	nelmig	SURF-NBPOSTERTRACE2026V1R0044		SURF-NBPOSTERTRACE2026V1R0044	0	1	false	true	0	1	0.730	43.073	source token=nemlig
Q190	held_out	adjacent_transposition	strkening	SURF-NBPOSTERTRACE2026V1R0044		SURF-NBPOSTERTRACE2026V1R0044;SURF-NBPOSTERTRACE2026V1R0019;SURF-NBPOSTERTRACE2026V1R0272;SURF-NBPOSTERTRACE2026V1R0014	0	1	false	true	0	4	0.630	56.027	source token=strekning
Q191	tuning	adjacent_transposition	obligsajonene	SURF-NBPOSTERTRACE2026V1R0044		SURF-NBPOSTERTRACE2026V1R0044;SURF-NBPOSTERTRACE2026V1R0019	0	1	false	true	0	2	0.709	40.529	source token=obligasjonene
Q192	held_out	adjacent_transposition	segles	SURF-NBPOSTERTRACE2026V1R0044		SURF-NBPOSTERTRACE2026V1R0044	0	1	false	true	0	1	0.637	43.087	source token=selges
Q193	tuning	adjacent_transposition	flsete	SURF-NBPOSTERTRACE2026V1R0044		SURF-NBPOSTERTRACE2026V1R0044	0	1	false	true	0	1	0.524	40.836	source token=fleste
Q194	tuning	adjacent_transposition	askje	SURF-NBPOSTERTRACE2026V1R0044		SURF-NBPOSTERTRACE2026V1R0044	0	1	false	true	0	1	0.754	44.976	source token=aksje
Q195	tuning	adjacent_transposition	sparbeanker	SURF-NBPOSTERTRACE2026V1R0044		SURF-NBPOSTERTRACE2026V1R0044	0	1	false	true	0	1	0.630	51.570	source token=sparebanker
Q196	held_out	ordered_two_token	nous commun	SURF-LOCTRACE2026R01999		SURF-LOCTRACE2026R01999;SURF-LOCTRACE2026R00376	0	1	false	true	0	2	0.646	46.535	none
Q197	held_out	ordered_two_token	remember country	SURF-LOCTRACE2026I6D03759D157739		SURF-LOCTRACE2026I6D03759D157739	0	1	false	true	0	1	0.657	47.199	none
Q198	held_out	ordered_two_token	alle salgsstedene	SURF-NBPOSTERTRACE2026V1R0044		SURF-NBPOSTERTRACE2026V1R0044	0	1	false	true	0	1	0.879	63.823	none
Q199	tuning	ordered_two_token	the lccn2014637100	SURF-CGS2026R0670		SURF-CGS2026R0670	0	1	false	true	0	1	0.865	31.888	none
Q200	tuning	ordered_two_token	frohe weg	SURF-LOCTRACE2026I79FFABC798DD25		SURF-LOCTRACE2026I79FFABC798DD25	0	1	false	true	0	1	0.590	52.402	none
Q201	held_out	ordered_two_token	levi thread	SURF-CHWCONTEMP2026V1R0078		SURF-CHWCONTEMP2026V1R0078	0	1	false	true	0	1	0.731	43.084	none
Q202	tuning	ordered_two_token	technique forms	SURF-NMKTRACE2026R00308		SURF-NMKTRACE2026R00308	0	1	false	true	0	1	0.734	83.370	none
Q203	held_out	ordered_two_token	narod nepobedimy	SURF-LOCTRACE2026R01574		SURF-LOCTRACE2026R01574	0	1	false	true	0	1	0.652	42.116	none
Q204	held_out	ordered_two_token	peace 1947	SURF-LOCTRACE2026R00949		SURF-LOCTRACE2026R00949	0	1	false	true	0	1	0.486	41.145	none
Q205	tuning	ordered_two_token	his education	SURF-LOCTRACE2026I9C6425222950E8		SURF-LOCTRACE2026I9C6425222950E8	0	1	false	true	0	1	0.619	14.809	none
Q206	tuning	ordered_two_token	konsert august	SURF-NBPOSTERTRACE2026V1R0071		SURF-NBPOSTERTRACE2026V1R0071	0	1	false	true	0	1	0.541	45.576	none
Q207	held_out	ordered_two_token	don job	SURF-NMKTRACE2026R00488		SURF-NMKTRACE2026R00488	0	1	false	true	0	1	0.574	14.500	none
Q208	held_out	ordered_two_token	mascoutah continents	SURF-LOCTRACE2026I05C08973C33EE1		SURF-LOCTRACE2026I05C08973C33EE1	0	1	false	true	0	1	0.466	55.692	none
Q209	held_out	ordered_two_token	sms skattefradrag	SURF-NBPOSTERTRACE2026V1R0050		SURF-NBPOSTERTRACE2026V1R0050	0	1	false	true	0	1	0.696	14.018	none
Q210	held_out	ordered_two_token	pan niagara	SURF-LOCTRACE2026I2A777BF54A61AD		SURF-LOCTRACE2026I2A777BF54A61AD	0	1	false	true	0	1	0.610	13.530	none
Q211	held_out	out_of_order_tokens	radical nuevo	SURF-BNDCLTRACE2026V1R0040		SURF-BNDCLTRACE2026V1R0040	0	1	false	true	0	1	0.774	45.793	none
Q212	tuning	out_of_order_tokens	flyttet interiørforretningen	SURF-NMKTRACE2026R00510		SURF-NMKTRACE2026R00510	0	1	false	true	0	1	0.480	44.731	none
Q213	held_out	out_of_order_tokens	dienst einstellungsgesprach	SURF-LOCTRACE2026I3AF724A2060B2B		SURF-LOCTRACE2026I3AF724A2060B2B	0	1	false	true	0	1	0.674	41.445	none
Q214	held_out	out_of_order_tokens	with needed	SURF-LOCTRACE2026R01106		SURF-LOCTRACE2026R01106	0	1	false	true	0	1	0.739	40.191	none
Q215	held_out	out_of_order_tokens	1972 united	SURF-LOCTRACE2026R01956		SURF-LOCTRACE2026R01956	0	1	false	true	0	1	0.401	13.681	none
Q216	held_out	out_of_order_tokens	ovp einladung	SURF-LOCTRACE2026R01213		SURF-LOCTRACE2026R01213	0	1	false	true	0	1	0.628	14.095	none
Q217	held_out	out_of_order_tokens	1987 hulme	SURF-VAM20K-01124		SURF-VAM20K-01124	0	1	false	true	0	1	0.546	13.608	none
Q218	tuning	out_of_order_tokens	socialistes marée	SURF-LOCTRACE2026R00390		SURF-LOCTRACE2026R00390	0	1	false	true	0	1	0.645	43.710	none
Q219	tuning	out_of_order_tokens	arbeidersamfund stenkjær	SURF-NBPOSTERTRACE2026V2R0153		SURF-NBPOSTERTRACE2026V2R0153	0	1	false	true	0	1	0.606	56.481	none
Q220	held_out	out_of_order_tokens	line polo	SURF-LOCTRACE2026I93B1B5C37D1A19		SURF-LOCTRACE2026I93B1B5C37D1A19	0	1	false	true	0	1	0.636	41.236	none
Q221	held_out	out_of_order_tokens	market put	SURF-LOCTRACE2026R00863		SURF-LOCTRACE2026R00863	0	1	false	true	0	1	0.718	41.795	none
Q222	tuning	out_of_order_tokens	unifie psu	SURF-LOCTRACE2026R01394		SURF-LOCTRACE2026R01394	0	1	false	true	0	1	0.790	41.533	none
Q223	held_out	out_of_order_tokens	day fast	SURF-LOCTRACE2026R00224		SURF-LOCTRACE2026R00224	0	1	false	true	0	1	0.544	14.787	none
Q224	held_out	out_of_order_tokens	poster emerald	SURF-VAM20K-01612		SURF-VAM20K-01612	0	1	false	true	0	1	0.631	44.439	none
Q225	held_out	out_of_order_tokens	hyvinvointiin kehitysta	SURF-LOCTRACE2026I783A2862AAEECC		SURF-LOCTRACE2026I783A2862AAEECC	0	1	false	true	0	1	0.473	54.739	none
Q226	tuning	incomplete_multi_token	vlad trud	SURF-LOCTRACE2026R01349		SURF-LOCTRACE2026R01349	0	1	false	true	0	1	0.447	38.803	none
Q227	held_out	incomplete_multi_token	herr matt	SURF-VAM20K-03052		SURF-VAM20K-03052	0	1	false	true	0	1	0.613	40.500	none
Q228	tuning	incomplete_multi_token	scen flow	SURF-VAM20K-02201		SURF-VAM20K-02201	0	1	false	true	0	1	0.601	39.858	none
Q229	held_out	incomplete_multi_token	der sezu	SURF-VAM20K-01141		SURF-VAM20K-01141	0	1	false	true	0	1	0.582	16.896	none
Q230	tuning	incomplete_multi_token	cana bird	SURF-VAM20K-01120		SURF-VAM20K-01120	0	1	false	true	0	1	0.513	41.100	none
Q231	held_out	incomplete_multi_token	forf brei	SURF-NBPOSTERTRACE2026V1R0266		SURF-NBPOSTERTRACE2026V1R0266;SURF-NBPOSTERTRACE2026V2R0026;SURF-NBPOSTERTRACE2026V2R0156	0	1	false	true	0	3	0.464	45.154	none
Q232	held_out	incomplete_multi_token	papi job	SURF-NMKTRACE2026R00442		SURF-NMKTRACE2026R00442	0	1	false	true	0	1	0.627	41.311	none
Q233	held_out	incomplete_multi_token	cosi post	SURF-VAM20K-01688		SURF-VAM20K-01688;SURF-SPCTRACE2026V2R0105;SURF-LOCTRACE2026R00298	0	1	false	true	0	3	0.519	42.167	none
Q234	tuning	incomplete_multi_token	the murr	SURF-LOCTRACE2026R00947	SURF-LOCTRACE2026R00947	SURF-LOCTRACE2026R00947	1	1	true	true	1	1	0.756	27.506	none
Q235	tuning	incomplete_multi_token	ski fris	SURF-NBPOSTERTRACE2026V1R0101		SURF-NBPOSTERTRACE2026V1R0101	0	1	false	true	0	1	0.688	16.598	none
Q236	tuning	real_cjk_bilingual	没有	SURF-MDA2026V2R0448	SURF-MDA2026V2R0448	SURF-MDA2026V2R0448	1	1	true	true	1	1	0.424	18.131	none
Q237	tuning	real_cjk_bilingual	子宫	SURF-MDA2026V2R0448	SURF-MDA2026V2R0448	SURF-MDA2026V2R0448	1	1	true	true	1	1	0.500	18.497	none
Q238	held_out	real_cjk_bilingual	闭嘴	SURF-MDA2026V2R0448	SURF-MDA2026V2R0448	SURF-MDA2026V2R0448	1	1	true	true	1	1	0.564	17.638	none
Q239	held_out	real_cjk_bilingual	no uterus	SURF-MDA2026V2R0448	SURF-MDA2026V2R0448	SURF-MDA2026V2R0448	1	1	true	true	1	1	0.828	23.934	none
Q240	held_out	real_cjk_bilingual	no opinion	SURF-MDA2026V2R0448	SURF-MDA2026V2R0448	SURF-MDA2026V2R0448	1	1	true	true	1	1	0.753	27.341	none
Q241	held_out	real_cjk_bilingual	没有 子宫	SURF-MDA2026V2R0448		SURF-MDA2026V2R0448	0	1	false	true	0	1	0.585	22.700	none
Q242	held_out	verified_no_result	zzqxjv00 nonexistent				0	0	true	true	0	0	0.455	31.527	none
Q243	held_out	verified_no_result	zzqxjv01 nonexistent				0	0	true	true	0	0	0.618	18.141	none
Q244	held_out	verified_no_result	zzqxjv02 nonexistent				0	0	true	true	0	0	0.465	24.710	none
Q245	held_out	verified_no_result	zzqxjv03 nonexistent				0	0	true	true	0	0	1.088	30.980	none
Q246	held_out	verified_no_result	zzqxjv04 nonexistent				0	0	true	true	0	0	1.749	20.728	none
Q247	held_out	verified_no_result	zzqxjv05 nonexistent				0	0	true	true	0	0	0.470	21.029	none
Q248	held_out	verified_no_result	zzqxjv06 nonexistent				0	0	true	true	0	0	0.440	22.840	none
Q249	tuning	verified_no_result	zzqxjv07 nonexistent				0	0	true	true	0	0	0.376	16.822	none
Q250	tuning	verified_no_result	zzqxjv08 nonexistent				0	0	true	true	0	0	0.399	16.600	none
Q251	held_out	verified_no_result	zzqxjv09 nonexistent				0	0	true	true	0	0	0.385	16.482	none
Q252	held_out	verified_no_result	zzqxjv10 nonexistent				0	0	true	true	0	0	0.377	16.346	none
Q253	tuning	verified_no_result	zzqxjv11 nonexistent				0	0	true	true	0	0	0.470	16.472	none
Q254	held_out	verified_no_result	zzqxjv12 nonexistent				0	0	true	true	0	0	0.401	16.283	none
Q255	held_out	verified_no_result	zzqxjv13 nonexistent				0	0	true	true	0	0	0.408	16.460	none
Q256	held_out	verified_no_result	zzqxjv14 nonexistent				0	0	true	true	0	0	0.459	16.480	none
Q257	tuning	ambiguous_short_manual	a		SURF-LOCTRACE2026R01226;SURF-LOCTRACE2026IA6E3EEBF5888A5;SURF-NBPOSTERTRACE2026V2R0054;SURF-MODERNAPITRACE2026R0041;SURF-YALEPOSTERTRACE2026V1R0087;SURF-YALEPOSTERTRACE2026V1R0100;SURF-LOCTRACE2026I35C707D64758F9;SURF-LOCTRACE2026I08D2F737AC3168;SURF-NBPOSTERTRACE2026V1R0020;SURF-VAM20K-03013	SURF-LOCTRACE2026I392176816B2A14;SURF-LOCTRACE2026R00859;SURF-LOCTRACE2026R00822;SURF-MC1930R010;SURF-LOCTRACE2026R02222;SURF-VAM20K-02784;SURF-VAM20K-00642;SURF-VAM20K-01320;SURF-ER1830R070;SURF-NBPOSTERTRACE2026V1R0028	-1	-1	false	false	4761	4775	7.363	7.042	excluded from mechanical relevance metrics
Q258	held_out	ambiguous_short_manual	an		SURF-LOCTRACE2026R01226;SURF-LOCTRACE2026IA6E3EEBF5888A5;SURF-YALEPOSTERTRACE2026V1R0087;SURF-YALEPOSTERTRACE2026V1R0100;SURF-LOCTRACE2026I35C707D64758F9;SURF-LOCTRACE2026I08D2F737AC3168;SURF-LOCTRACE2026IFF95BC25A346C6;SURF-LOCTRACE2026I1E508F0FB86560;SURF-LOCTRACE2026R01073;SURF-LOCTRACE2026R02392	SURF-VAM20K-00547;SURF-LOCTRACE2026R00538;SURF-VAM20K-02790;SURF-VAM20K-02791;SURF-VAMMODERNTRACE2026R0086;SURF-YALEPOSTERTRACE2026V1R0039;SURF-YALEPOSTERTRACE2026V1R0109;SURF-SPCTRACE2026V2R0224;SURF-YALEDESIGNTRACE2026V2R0036;SURF-HISTORICALAICTRACE2026V1R0115	-1	-1	false	false	1883	1966	2.999	13.044	excluded from mechanical relevance metrics
Q259	held_out	ambiguous_short_manual	art		SURF-YALEPOSTERTRACE2026V1R0087;SURF-YALEPOSTERTRACE2026V1R0100;SURF-LOCTRACE2026ID28A44DDAE7E5B;SURF-LOCTRACE2026R00151;SURF-CHWCONTEMP2026V1R0001;SURF-YALEPRODUCTTRACE2026V3R0128;SURF-CHWCONTEMP2026V1R0003;SURF-LOCTRACE2026IDFA79728B248D8;SURF-LOCTRACE2026I3C0202202BCA1E;SURF-LOCTRACE2026R01026	SURF-HISTORICALAICTRACE2026V1R0256;SURF-LOCTRACE2026I09FC9C664D511B;SURF-HISTORICALAICTRACE2026V1R0155;SURF-DGITRACE2026R0050;SURF-MODERNAPITRACE2026R0072;SURF-LOCTRACE2026I48FCC4B5FD17FF;SURF-MODERNAPITRACE2026R0115;SURF-LOCTRACE2026I0769AF78728E02;SURF-LOCTRACE2026R02087;SURF-LOCTRACE2026R02036	-1	-1	false	false	421	433	1.094	14.432	excluded from mechanical relevance metrics
Q260	tuning	ambiguous_short_manual	design		SURF-NBPOSTERTRACE2026V1R0020;SURF-VAM20K-02958;SURF-MC1930R023;SURF-MC1930R024;SURF-MC1930R025;SURF-MODERNAPITRACE2026R0159;SURF-MODERNAPITRACE2026R0010;SURF-CHWCONTEMP2026V1R0004;SURF-HISTORICALAICTRACE2026V1R0175;SURF-HISTORICALAICTRACE2026V1R0192	SURF-NBPOSTERTRACE2026V1R0095;SURF-MODERNAPITRACE2026R0058;SURF-MODERNAPITRACE2026R0053;SURF-NBPOSTERTRACE2026V1R0118;SURF-MODERNAPITRACE2026R0159;SURF-MODERNAPITRACE2026R0010;SURF-CHWCONTEMP2026V1R0004;SURF-NBPOSTERTRACE2026V1R0020;SURF-HISTORICALAICTRACE2026V1R0175;SURF-HISTORICALAICTRACE2026V1R0192	-1	-1	false	false	44	44	0.826	42.260	excluded from mechanical relevance metrics
Q261	held_out	ambiguous_short_manual	poster		SURF-MODERNAPITRACE2026R0041;SURF-VAM20K-03013;SURF-MODERNAPITRACE2026R0064;SURF-LOCTRACE2026R02567;SURF-LOCTRACE2026R01090;SURF-LOCTRACE2026R00734;SURF-LOCTRACE2026R02357;SURF-LOCTRACE2026R01643;SURF-LOCTRACE2026R01708;SURF-LOCTRACE2026R02599	SURF-VAM20K-02597;SURF-MC1930R009;SURF-MC1930R088;SURF-VAM20K-00016;SURF-VAM20K-00076;SURF-VAM20K-00139;SURF-VAM20K-00180;SURF-VAM20K-00209;SURF-VAM20K-00215;SURF-VAM20K-00233	-1	-1	false	false	486	488	0.772	39.593	excluded from mechanical relevance metrics
Q262	held_out	ambiguous_short_manual	the		SURF-LOCTRACE2026IA6E3EEBF5888A5;SURF-YALEPOSTERTRACE2026V1R0087;SURF-YALEPOSTERTRACE2026V1R0100;SURF-LOCTRACE2026I35C707D64758F9;SURF-LOCTRACE2026I08D2F737AC3168;SURF-LOCTRACE2026R00151;SURF-MDA2026V2R0451;SURF-LOCTRACE2026R01740;SURF-YALEPRODUCTTRACE2026V3R0128;SURF-CHWCONTEMP2026V1R0003	SURF-LOCTRACE2026I462BBF342EBDF2;SURF-LOCTRACE2026I48C800AB78EC10;SURF-LOCTRACE2026IDC5907292B17BE;SURF-LOCTRACE2026I2FC14288D42641;SURF-NBPOSTERTRACE2026V1R0232;SURF-VAM20K-01560;SURF-LOCTRACE2026IED4398FA6AB261;SURF-VAM20K-02546;SURF-MODERNAPITRACE2026R0017;SURF-LOCTRACE2026IF08DE4D058CFA4	-1	-1	false	false	1302	1320	1.707	11.553	excluded from mechanical relevance metrics
Q263	held_out	ambiguous_short_manual	new		SURF-HISTORICALAICTRACE2026V1R0170;SURF-LOCTRACE2026R01949;SURF-LOCTRACE2026R01712;SURF-LOCTRACE2026R01724;SURF-LOCTRACE2026R02065;SURF-LOCYEAR2026V1R0003;SURF-LOCTRACE2026I6004A052DA53E9;SURF-LOCTRACE2026R01961;SURF-LOCTRACE2026IDDFA74950A21D2;SURF-LOCTRACE2026I6143DD49CD2931	SURF-LOCTRACE2026R00968;SURF-LOCTRACE2026R01660;SURF-HISTORICALAICTRACE2026V1R0170;SURF-HISTORICALAICTRACE2026V1R0229;SURF-HISTORICALAICTRACE2026V1R0151;SURF-LOCTRACE2026R00027;SURF-MODERNAPITRACE2026R0214;SURF-VAM20K-00579;SURF-VAM20K-02271;SURF-VAMMODERNTRACE2026R0127	-1	-1	false	false	137	146	0.995	13.977	excluded from mechanical relevance metrics
Q264	held_out	ambiguous_short_manual	1		SURF-NBPOSTERTRACE2026V2R0054;SURF-YALEPOSTERTRACE2026V1R0100;SURF-LOCTRACE2026IFF95BC25A346C6;SURF-LOCTRACE2026R01073;SURF-NBPOSTERTRACE2026V1R0314;SURF-MODERNAPITRACE2026R0064;SURF-LOCTRACE2026R01301;SURF-LOCTRACE2026I10FB11C5387618;SURF-LOCTRACE2026R01026;SURF-LOCYEAR2026V1R0001	SURF-LOCTRACE2026ID489D71D4FF22E;SURF-LOCTRACE2026I26EBBD7BA27C98;SURF-LOCTRACE2026I2F296324135CE6;SURF-LOCTRACE2026R01399;SURF-BNDCLTRACE2026V1R0068;SURF-YALEPOSTERTRACE2026V1R0025;SURF-LOCTRACE2026I9B0FFB768FCB96;SURF-LOCTRACE2026I15B5F2CE0267A3;SURF-YALEDESIGNTRACE2026V2R0117;SURF-LOCTRACE2026IF443B909080CBA	-1	-1	false	false	3392	3392	2.428	8.518	excluded from mechanical relevance metrics
Q265	tuning	ambiguous_short_manual	i		SURF-LOCTRACE2026R01226;SURF-LOCTRACE2026IA6E3EEBF5888A5;SURF-NBPOSTERTRACE2026V2R0054;SURF-YALEPOSTERTRACE2026V1R0087;SURF-YALEPOSTERTRACE2026V1R0100;SURF-LOCTRACE2026I35C707D64758F9;SURF-NBPOSTERTRACE2026V2R0119;SURF-LOCTRACE2026I08D2F737AC3168;SURF-NBPOSTERTRACE2026V1R0020;SURF-VAM20K-03013	SURF-NBPOSTERTRACE2026V1R0317;SURF-LOCTRACE2026R01975;SURF-MDA2026V2R0434;SURF-LOCTRACE2026I4EA86284D18D6D;SURF-NBPOSTERTRACE2026V1R0147;SURF-LOCTRACE2026IF47F4CE145A4A9;SURF-VAMMODERNTRACE2026R0140;SURF-LOCTRACE2026R00827;SURF-LOCTRACE2026R00484;SURF-LOCTRACE2026R02067	-1	-1	false	false	4464	4466	5.807	5.351	excluded from mechanical relevance metrics
Q266	held_out	ambiguous_short_manual	de		SURF-LOCTRACE2026R01226;SURF-YALEPOSTERTRACE2026V1R0100;SURF-LOCTRACE2026I08D2F737AC3168;SURF-NBPOSTERTRACE2026V1R0020;SURF-VAM20K-02958;SURF-LOCTRACE2026ID28A44DDAE7E5B;SURF-LOCTRACE2026I1E508F0FB86560;SURF-LOCTRACE2026R01073;SURF-LOCTRACE2026R00151;SURF-LOCTRACE2026IEF809E4957A870	SURF-NBPOSTERTRACE2026V2R0164;SURF-LOCTRACE2026R00518;SURF-NBPOSTERTRACE2026V1R0052;SURF-VAMMODERNTRACE2026R0180;SURF-YALEPOSTERTRACE2026V1R0104;SURF-YALEPOSTERTRACE2026V1R0051;SURF-YALEPOSTERTRACE2026V1R0049;SURF-YALEPOSTERTRACE2026V1R0050;SURF-YALEPOSTERTRACE2026V1R0105;SURF-YALEPOSTERTRACE2026V1R0106	-1	-1	false	false	1535	1565	1.943	9.655	excluded from mechanical relevance metrics
Q267	held_out	ambiguous_short_manual	la		SURF-LOCTRACE2026R01226;SURF-LOCTRACE2026IA6E3EEBF5888A5;SURF-NBPOSTERTRACE2026V2R0054;SURF-MODERNAPITRACE2026R0041;SURF-YALEPOSTERTRACE2026V1R0087;SURF-YALEPOSTERTRACE2026V1R0100;SURF-LOCTRACE2026IFF95BC25A346C6;SURF-LOCTRACE2026R00151;SURF-LOCTRACE2026IEF809E4957A870;SURF-LOCTRACE2026I7865D42E106895	SURF-LOCTRACE2026R00541;SURF-SPCTRACE2026V2R0199;SURF-LOCTRACE2026R01243;SURF-LOCTRACE2026R01244;SURF-SPCTRACE2026V2R0204;SURF-LOCTRACE2026R00355;SURF-LOCTRACE2026I61C61C5C906E4A;SURF-VAM20K-03254;SURF-LOCTRACE2026R00367;SURF-LOCTRACE2026R01557	-1	-1	false	false	1096	1205	1.894	10.547	excluded from mechanical relevance metrics
Q268	held_out	ambiguous_short_manual	modern		SURF-LOCTRACE2026I5F48D448A80252;SURF-HISTORICALAICTRACE2026V1R0052;SURF-LOCTRACE2026R00599;SURF-LOCTRACE2026R00604;SURF-MODERNAPITRACE2026R0206;SURF-NBPOSTERTRACE2026V2R0164;SURF-DGITRACE2026R0089;SURF-NMKTRACE2026R00514;SURF-YALEPRODUCTTRACE2026V3R0067;SURF-HISTORICALAICTRACE2026V1R0176	SURF-YALEPRODUCTTRACE2026V3R0067;SURF-HISTORICALAICTRACE2026V1R0176;SURF-MODERNAPITRACE2026R0188;SURF-LOCTRACE2026I5F48D448A80252;SURF-HISTORICALAICTRACE2026V1R0248;SURF-HISTORICALAICTRACE2026V1R0144;SURF-HISTORICALAICTRACE2026V1R0052;SURF-LOCTRACE2026R00599;SURF-LOCTRACE2026R00604;SURF-MODERNAPITRACE2026R0206	-1	-1	false	false	21	21	0.822	42.225	excluded from mechanical relevance metrics
Q269	held_out	ambiguous_short_manual	book		SURF-YALEDESIGNTRACE2026V2R0176;SURF-LOCTRACE2026IC65A55CC7C8217;SURF-SPCBTRACE2026V1R0450;SURF-MC1930R010;SURF-SPCBTRACE2026V1R0441;SURF-SPCBTRACE2026V1R0439;SURF-YALEPRODUCTTRACE2026V3R0003;SURF-YALEPRODUCTTRACE2026V3R0004;SURF-LOCTRACE2026R02542;SURF-YALEPRODUCTTRACE2026V3R0005	SURF-YALEDESIGNTRACE2026V2R0118;SURF-CHWCONTEMP2026V1R0070;SURF-LOCTRACE2026I7ED0CDFE3A485A;SURF-SPCBTRACE2026V1R0450;SURF-MC1930R010;SURF-SPCBTRACE2026V1R0441;SURF-SPCBTRACE2026V1R0439;SURF-YALEPRODUCTTRACE2026V3R0003;SURF-YALEPRODUCTTRACE2026V3R0004;SURF-LOCTRACE2026R02542	-1	-1	false	false	47	68	0.548	39.203	excluded from mechanical relevance metrics
Q270	held_out	ambiguous_short_manual	type		SURF-NBPOSTERTRACE2026V2R0002;SURF-NBPOSTERTRACE2026V2R0194;SURF-YALEDESIGNTRACE2026V2R0009;SURF-YALEDESIGNTRACE2026V2R0050;SURF-HISTORICALAICTRACE2026V1R0191;SURF-HISTORICALAICTRACE2026V1R0189;SURF-YRGAP-REGION-0033	SURF-HISTORICALAICTRACE2026V1R0191;SURF-HISTORICALAICTRACE2026V1R0189;SURF-YRGAP-REGION-0033;SURF-NBPOSTERTRACE2026V2R0002;SURF-NBPOSTERTRACE2026V2R0194;SURF-YALEDESIGNTRACE2026V2R0009;SURF-YALEDESIGNTRACE2026V2R0050;SURF-LOCTRACE2026I38D5CA7B499148;SURF-LOCTRACE2026I35A8BB0E313315;SURF-LOCTRACE2026I637BDCBBA79CBE	-1	-1	false	false	7	13	0.726	40.996	excluded from mechanical relevance metrics
Q271	held_out	ambiguous_short_manual	x		SURF-VAMMODERNTRACE2026R0058;SURF-LOCTRACE2026IFF95BC25A346C6;SURF-LOCTRACE2026I7865D42E106895;SURF-NBPOSTERTRACE2026V1R0174;SURF-CHWCONTEMP2026V1R0003;SURF-LOCTRACE2026R02074;SURF-LOCTRACE2026R00983;SURF-LOCTRACE2026R02530;SURF-LOCTRACE2026R00793;SURF-LOCTRACE2026R01924	SURF-LOCTRACE2026R00517;SURF-BNDCLTRACE2026V1R0097;SURF-YALEPOSTERTRACE2026V1R0090;SURF-LOCTRACE2026I46BA1A31CD9EFE;SURF-MODERNAPITRACE2026R0135;SURF-LOCTRACE2026R02374;SURF-LOCTRACE2026I336DD2617BBB1A;SURF-BNDCLTRACE2026V1R0096;SURF-LOCTRACE2026ICEF80AC93EE038;SURF-LOCTRACE2026I57858FA9BAF898	-1	-1	false	false	353	353	0.654	9.036	excluded from mechanical relevance metrics
