capture_id,direction_id,direction_name,source_id,source_name,source_api_url,capture_status,source_identifier,source_record_url,source_title,source_creator,source_date_text,date_start,date_end,source_place_text,source_object_type,source_medium,source_collection,source_description,source_notes,source_subjects,source_rights_text,rights_uri,rights_basis,image_presence_code,image_presence_basis,image_state_evaluation,image_state_confidence,rights_review_required,image_state_review_note,image_frame_behavior,image_url_detected,local_copy_permitted,iiif_or_viewer_available,fallback_required,fallback_reason,raw_json_path,access_date,image_expectation,parser_status,display_mode,ocr_or_excerpt,source_description_raw,editorial_summary,historical_context_note,classification_rationale,uncertainty_note,citation_basis
PWC2026R001,PWC05,commons_indonesian_poster_open_images,SRC012,Wikimedia Commons,https://commons.wikimedia.org/w/api.php?action=query&format=json&generator=search&gsrnamespace=6&gsrsearch=%22Indonesian+poster%22+poster&gsrlimit=50&gsroffset=0&prop=imageinfo&iiprop=url%7Cextmetadata%7Cmime&iiurlwidth=900,captured,156755135,https://commons.wikimedia.org/wiki/File:Poster_Pertempuran_Kuala_Tungkal.jpg,Poster Pertempuran Kuala Tungkal.jpg,Muhamad Izzul Fiqih,1949,1949,1949,,Open image record; postwar poster/pictogram candidate,poster / pictogram / graphic record,Own work,"PERTEMPURAN SELEMPANG MERAH DI KUALA TUNGKAL Siang hari pada 21 Januari 1949 tentara Belanda yang bersenjata kanon dan mortir menembaki dan membombardir Kota Kuala Tungkal. Salah satu sasaran tentara Belanda yang datang dari laut adalah Masjid Raya (Mesjid Jami'), yang saat itu sedang banyak jamaah karena shalat Jumat. Terpaksa pelaksanaan shalat Jumat dihentikan, dan para jamaah yang sudah berhimpun keluar untuk menyelamatkan diri. Keadaan panik melanda masyarakat sipil dan militer di Kota Kuala Tungkal sehingga menuju ke Desa Pembengis dan sekitarnya untuk menyelamatkan diri, termasuk para petugas pemerintah, Lurah dan Kepala Polisi, serta Petinggi Kecamatan. Sementara mereka yang tidak…",Poster Pertempuran Kuala Tungkal; Jambi|PD Indonesian Government|Files with coordinates missing SDC location of creation|Museums in Sumatra,Jambi|PD Indonesian Government|Files with coordinates missing SDC location of creation|Museums in Sumatra,Wikimedia Commons image with open license metadata: Public domain.,,Wikimedia Commons image with open license metadata: Public domain.,IMG03,Wikimedia Commons image with open license metadata: Public domain.,IMG03: Wikimedia Commons image with open license metadata: Public domain.,high,false,Use source-hosted Commons thumbnail with attribution and source link.,open_image_frame,https://upload.wikimedia.org/wikipedia/commons/thumb/7/71/Poster_Pertempuran_Kuala_Tungkal.jpg/960px-Poster_Pertempuran_Kuala_Tungkal.jpg,false,https://commons.wikimedia.org/wiki/File:Poster_Pertempuran_Kuala_Tungkal.jpg,false,,data/capture_batch_postwar_commons_open_image_1945_2026_raw/commons_indonesian_poster_open_images_0.json,2026-06-02,expected,ok,open_image_frame,"PERTEMPURAN SELEMPANG MERAH DI KUALA TUNGKAL Siang hari pada 21 Januari 1949 tentara Belanda yang bersenjata kanon dan mortir menembaki dan membombardir Kota Kuala Tungkal. Salah satu sasaran tentara Belanda yang datang dari laut adalah Masjid Raya (Mesjid Jami'), yang saat itu sedang banyak jamaah karena shalat Jumat. Terpaksa pelaksanaan shalat Jumat dihentikan, dan para jamaah yang sudah berhimpun keluar untuk menyelamatkan diri. Keadaan panik melanda masyarakat sipil dan militer di Kota Kuala Tungkal sehingga menuju ke Desa Pembengis dan sekitarnya untuk menyelamatkan diri, termasuk para petugas pemerintah, Lurah dan Kepala Polisi, serta Petinggi Kecamatan. Sementara mereka yang tidak…","PERTEMPURAN SELEMPANG MERAH DI KUALA TUNGKAL Siang hari pada 21 Januari 1949 tentara Belanda yang bersenjata kanon dan mortir menembaki dan membombardir Kota Kuala Tungkal. Salah satu sasaran tentara Belanda yang datang dari laut adalah Masjid Raya (Mesjid Jami'), yang saat itu sedang banyak jamaah karena shalat Jumat. Terpaksa pelaksanaan shalat Jumat dihentikan, dan para jamaah yang sudah berhimpun keluar untuk menyelamatkan diri. Keadaan panik melanda masyarakat sipil dan militer di Kota Kuala Tungkal sehingga menuju ke Desa Pembengis dan sekitarnya untuk menyelamatkan diri, termasuk para petugas pemerintah, Lurah dan Kepala Polisi, serta Petinggi Kecamatan. Sementara mereka yang tidak…","Poster Pertempuran Kuala Tungkal.jpg is an openly licensed postwar Commons image record. PERTEMPURAN SELEMPANG MERAH DI KUALA TUNGKAL Siang hari pada 21 Januari 1949 tentara Belanda yang bersenjata kanon dan mortir menembaki dan membombardir Kota Kuala Tungkal. Salah satu sasaran tentara Belanda yang datang dari laut adalah Masjid Raya (Mesjid Jami'), yang saat itu sedang banyak jamaah karena shalat Jumat. Terpaksa pelaksanaan shalat Jumat dihentikan, dan para jamaah yang sudah berhimpun keluar untuk menyelamatkan diri. Keadaan panik melanda masyarakat sipil dan militer di Kota Kuala Tungkal sehingga menuju ke Desa Pembengis dan sekitarnya untuk menyelamatkan diri, termasuk para petugas pemerintah, Lurah dan Kepala Polisi, serta Petinggi Kecamatan.…",Postwar Commons open-image supplement for visual anchors. Commons is used as a rights-visible display layer and must not replace the original holding or creator source.,"Selected by targeted postwar Commons query, open-license metadata, duplicate exclusion, and year evidence from title/description/category fields rather than scan/upload date.",Commons metadata is user-maintained; verify object date and original institutional source before treating this as authority evidence.,Wikimedia Commons. Poster Pertempuran Kuala Tungkal.jpg. https://commons.wikimedia.org/wiki/File:Poster_Pertempuran_Kuala_Tungkal.jpg. Accessed 2026-06-02.
PWC2026R002,PWC01,commons_cuban_poster_open_images,SRC012,Wikimedia Commons,https://commons.wikimedia.org/w/api.php?action=query&format=json&generator=search&gsrnamespace=6&gsrsearch=%22Cuban+poster%22+poster&gsrlimit=50&gsroffset=0&prop=imageinfo&iiprop=url%7Cextmetadata%7Cmime&iiurlwidth=900,captured,127615545,https://commons.wikimedia.org/wiki/File:Santos_Toledo_Argud%C3%ADn_2022.jpg,Santos Toledo Argudín 2022.jpg,Frivasoto,1950,1950,1950,,Open image record; postwar poster/pictogram candidate,poster / pictogram / graphic record,Own work,Cuban poster designer Santos Toledo (1950-),Santos Toledo Argudín 2022; Santos Toledo Argudín|Self-published work|2014 in Havana|Men wearing glasses in Cuba,Santos Toledo Argudín|Self-published work|2014 in Havana|Men wearing glasses in Cuba,Wikimedia Commons image with open license metadata: CC BY-SA 4.0.,,Wikimedia Commons image with open license metadata: CC BY-SA 4.0.,IMG03,Wikimedia Commons image with open license metadata: CC BY-SA 4.0.,IMG03: Wikimedia Commons image with open license metadata: CC BY-SA 4.0.,high,false,Use source-hosted Commons thumbnail with attribution and source link.,open_image_frame,https://upload.wikimedia.org/wikipedia/commons/thumb/f/f0/Santos_Toledo_Argud%C3%ADn_2022.jpg/960px-Santos_Toledo_Argud%C3%ADn_2022.jpg,false,https://commons.wikimedia.org/wiki/File:Santos_Toledo_Argud%C3%ADn_2022.jpg,false,,data/capture_batch_postwar_commons_open_image_1945_2026_raw/commons_cuban_poster_open_images_0.json,2026-06-02,expected,ok,open_image_frame,Cuban poster designer Santos Toledo (1950-),Cuban poster designer Santos Toledo (1950-),Santos Toledo Argudín 2022.jpg is an openly licensed postwar Commons image record. Cuban poster designer Santos Toledo (1950-),Postwar Commons open-image supplement for visual anchors. Commons is used as a rights-visible display layer and must not replace the original holding or creator source.,"Selected by targeted postwar Commons query, open-license metadata, duplicate exclusion, and year evidence from title/description/category fields rather than scan/upload date.",Commons metadata is user-maintained; verify object date and original institutional source before treating this as authority evidence.,Wikimedia Commons. Santos Toledo Argudín 2022.jpg. https://commons.wikimedia.org/wiki/File:Santos_Toledo_Argud%C3%ADn_2022.jpg. Accessed 2026-06-02.
PWC2026R003,PWC02,commons_chinese_propaganda_postwar_open_images,SRC012,Wikimedia Commons,https://commons.wikimedia.org/w/api.php?action=query&format=json&generator=search&gsrnamespace=6&gsrsearch=%22Chinese+propaganda+poster%22&gsrlimit=50&gsroffset=0&prop=imageinfo&iiprop=url%7Cextmetadata%7Cmime&iiurlwidth=900,captured,65485634,https://commons.wikimedia.org/wiki/File:1967-03_1967%E5%B9%B4%E6%B5%B7%E6%8A%A5%E7%A0%B8%E7%83%82%E7%BB%8F%E6%B5%8E%E4%B8%BB%E4%B9%89.jpg,1967-03 1967年海报砸烂经济主义.jpg,《人民画报》,1967,1967,1967,China / Hong Kong,Open image record; postwar poster/pictogram candidate,poster / pictogram / graphic record,《人民画报》1967年,"Smashing Economism, 1967 Chinese Propaganda Poster.",1967-03 1967年海报砸烂经济主义; Cultural Revolution|PD China|PD-old missing SDC copyright status|1967 People's Pictorial,Cultural Revolution|PD China|PD-old missing SDC copyright status|1967 People's Pictorial,Wikimedia Commons image with open license metadata: Public domain.,,Wikimedia Commons image with open license metadata: Public domain.,IMG03,Wikimedia Commons image with open license metadata: Public domain.,IMG03: Wikimedia Commons image with open license metadata: Public domain.,high,false,Use source-hosted Commons thumbnail with attribution and source link.,open_image_frame,https://upload.wikimedia.org/wikipedia/commons/thumb/5/53/1967-03_1967%E5%B9%B4%E6%B5%B7%E6%8A%A5%E7%A0%B8%E7%83%82%E7%BB%8F%E6%B5%8E%E4%B8%BB%E4%B9%89.jpg/960px-1967-03_1967%E5%B9%B4%E6%B5%B7%E6%8A%A5%E7%A0%B8%E7%83%82%E7%BB%8F%E6%B5%8E%E4%B8%BB%E4%B9%89.jpg,false,https://commons.wikimedia.org/wiki/File:1967-03_1967%E5%B9%B4%E6%B5%B7%E6%8A%A5%E7%A0%B8%E7%83%82%E7%BB%8F%E6%B5%8E%E4%B8%BB%E4%B9%89.jpg,false,,data/capture_batch_postwar_commons_open_image_1945_2026_raw/commons_chinese_propaganda_postwar_open_images_0.json,2026-06-02,expected,ok,open_image_frame,"Smashing Economism, 1967 Chinese Propaganda Poster.","Smashing Economism, 1967 Chinese Propaganda Poster.","1967-03 1967年海报砸烂经济主义.jpg is an openly licensed postwar Commons image record. Smashing Economism, 1967 Chinese Propaganda Poster.",Postwar Commons open-image supplement for visual anchors. Commons is used as a rights-visible display layer and must not replace the original holding or creator source.,"Selected by targeted postwar Commons query, open-license metadata, duplicate exclusion, and year evidence from title/description/category fields rather than scan/upload date.",Commons metadata is user-maintained; verify object date and original institutional source before treating this as authority evidence.,Wikimedia Commons. 1967-03 1967年海报砸烂经济主义.jpg. https://commons.wikimedia.org/wiki/File:1967-03_1967%E5%B9%B4%E6%B5%B7%E6%8A%A5%E7%A0%B8%E7%83%82%E7%BB%8F%E6%B5%8E%E4%B8%BB%E4%B9%89.jpg. Accessed 2026-06-02.
PWC2026R004,PWC02,commons_chinese_propaganda_postwar_open_images,SRC012,Wikimedia Commons,https://commons.wikimedia.org/w/api.php?action=query&format=json&generator=search&gsrnamespace=6&gsrsearch=%22Chinese+propaganda+poster%22&gsrlimit=50&gsroffset=0&prop=imageinfo&iiprop=url%7Cextmetadata%7Cmime&iiurlwidth=900,captured,90647458,https://commons.wikimedia.org/wiki/File:Comrade_Bethune%27s_Unselfish_Spirit_poster.png,Comrade Bethune's Unselfish Spirit poster.png,Anonymous (Life time: Unknown),1968,1968,1968,China / Hong Kong,Open image record; postwar poster/pictogram candidate,poster / pictogram / graphic record,Original publication : Published as a poster Immediate source : https://chineseposters.net/posters/e3-760.php,"Chinese propaganda poster from March 1968 depicting Dr. Norman Bethune with a quotation from Mao Zedong: ""Comrade Bethune's unselfish spirit expresses his extreme feeling of responsibility towards his work and his extreme warmheartedness towards comrades and the people. Every Communist Party member must learn from him.""",Comrade Bethune's Unselfish Spirit poster; Art of China|Norman Bethune|Mao Zedong|PD China|PD other reasons|Chinese propaganda posters|Uploaded with en.wp upload wizard|Chinese-language propaganda posters|PD-old missing SDC copyright status|PD other reasons old,Art of China|Norman Bethune|Mao Zedong|PD China|PD other reasons|Chinese propaganda posters|Uploaded with en.wp upload wizard|Chinese-language propaganda posters|PD-old missing SDC copyright status|PD other reasons old,Wikimedia Commons image with open license metadata: Public domain.,,Wikimedia Commons image with open license metadata: Public domain.,IMG03,Wikimedia Commons image with open license metadata: Public domain.,IMG03: Wikimedia Commons image with open license metadata: Public domain.,high,false,Use source-hosted Commons thumbnail with attribution and source link.,open_image_frame,https://upload.wikimedia.org/wikipedia/commons/2/2c/Comrade_Bethune%27s_Unselfish_Spirit_poster.png,false,https://commons.wikimedia.org/wiki/File:Comrade_Bethune%27s_Unselfish_Spirit_poster.png,false,,data/capture_batch_postwar_commons_open_image_1945_2026_raw/commons_chinese_propaganda_postwar_open_images_0.json,2026-06-02,expected,ok,open_image_frame,"Chinese propaganda poster from March 1968 depicting Dr. Norman Bethune with a quotation from Mao Zedong: ""Comrade Bethune's unselfish spirit expresses his extreme feeling of responsibility towards his work and his extreme warmheartedness towards comrades and the people. Every Communist Party member must learn from him.""","Chinese propaganda poster from March 1968 depicting Dr. Norman Bethune with a quotation from Mao Zedong: ""Comrade Bethune's unselfish spirit expresses his extreme feeling of responsibility towards his work and his extreme warmheartedness towards comrades and the people. Every Communist Party member must learn from him.""","Comrade Bethune's Unselfish Spirit poster.png is an openly licensed postwar Commons image record. Chinese propaganda poster from March 1968 depicting Dr. Norman Bethune with a quotation from Mao Zedong: ""Comrade Bethune's unselfish spirit expresses his extreme feeling of responsibility towards his work and his extreme warmheartedness towards comrades and the people. Every Communist Party member must learn from him.""",Postwar Commons open-image supplement for visual anchors. Commons is used as a rights-visible display layer and must not replace the original holding or creator source.,"Selected by targeted postwar Commons query, open-license metadata, duplicate exclusion, and year evidence from title/description/category fields rather than scan/upload date.",Commons metadata is user-maintained; verify object date and original institutional source before treating this as authority evidence.,Wikimedia Commons. Comrade Bethune's Unselfish Spirit poster.png. https://commons.wikimedia.org/wiki/File:Comrade_Bethune%27s_Unselfish_Spirit_poster.png. Accessed 2026-06-02.
PWC2026R005,PWC01,commons_cuban_poster_open_images,SRC012,Wikimedia Commons,https://commons.wikimedia.org/w/api.php?action=query&format=json&generator=search&gsrnamespace=6&gsrsearch=%22Cuban+poster%22+poster&gsrlimit=50&gsroffset=0&prop=imageinfo&iiprop=url%7Cextmetadata%7Cmime&iiurlwidth=900,captured,9998432,https://commons.wikimedia.org/wiki/File:CheTriContinental.jpg,CheTriContinental.jpg,"The Organization of Solidarity with the People of Asia, Africa and Latin America",1969,1969,1969,,Open image record; postwar poster/pictogram candidate,poster / pictogram / graphic record,Own work,A Cuban poster featuring Che Guevara in the Guerrillero Heroico pose - advertising the 1969 Tricontinental Conference .,CheTriContinental; Tricontinental|PD Cuba|Derivative works of Guerrillero Heroico,Tricontinental|PD Cuba|Derivative works of Guerrillero Heroico,Wikimedia Commons image with open license metadata: Public domain.,,Wikimedia Commons image with open license metadata: Public domain.,IMG03,Wikimedia Commons image with open license metadata: Public domain.,IMG03: Wikimedia Commons image with open license metadata: Public domain.,high,false,Use source-hosted Commons thumbnail with attribution and source link.,open_image_frame,https://upload.wikimedia.org/wikipedia/commons/6/6a/CheTriContinental.jpg,false,https://commons.wikimedia.org/wiki/File:CheTriContinental.jpg,false,,data/capture_batch_postwar_commons_open_image_1945_2026_raw/commons_cuban_poster_open_images_0.json,2026-06-02,expected,ok,open_image_frame,A Cuban poster featuring Che Guevara in the Guerrillero Heroico pose - advertising the 1969 Tricontinental Conference .,A Cuban poster featuring Che Guevara in the Guerrillero Heroico pose - advertising the 1969 Tricontinental Conference .,CheTriContinental.jpg is an openly licensed postwar Commons image record. A Cuban poster featuring Che Guevara in the Guerrillero Heroico pose - advertising the 1969 Tricontinental Conference .,Postwar Commons open-image supplement for visual anchors. Commons is used as a rights-visible display layer and must not replace the original holding or creator source.,"Selected by targeted postwar Commons query, open-license metadata, duplicate exclusion, and year evidence from title/description/category fields rather than scan/upload date.",Commons metadata is user-maintained; verify object date and original institutional source before treating this as authority evidence.,Wikimedia Commons. CheTriContinental.jpg. https://commons.wikimedia.org/wiki/File:CheTriContinental.jpg. Accessed 2026-06-02.
PWC2026R006,PWC03,commons_munich_1972_pictogram_open_images,SRC012,Wikimedia Commons,https://commons.wikimedia.org/w/api.php?action=query&format=json&generator=search&gsrnamespace=6&gsrsearch=%22Olympic+games+1972%22+pictogram&gsrlimit=50&gsroffset=0&prop=imageinfo&iiprop=url%7Cextmetadata%7Cmime&iiurlwidth=900,captured,20931084,https://commons.wikimedia.org/wiki/File:Olympic_games_1972_basketball_0501.JPG,Olympic games 1972 basketball 0501.JPG,"Henning Schlottmann ( User:H-stt ) The production, editing or release of this file was supported by the Community-Budget of Wikimedia Deutschland . To see other files made with the support of Wikimedia Deutschland, please see the category Supported by Wikimedia Deutschland . العربية ∙ বাংলা ∙ Deutsch ∙ English ∙ Esperanto ∙ français ∙ हिन्दी ∙ magyar ∙ Bahasa Indonesia ∙ italiano ∙ 日本語 ∙ македонски ∙ മലയാളം ∙ Bahasa Melayu ∙ Nederlands ∙ português ∙ română ∙ русский ∙ slovenščina ∙ svenska ∙ தமிழ் ∙ українська ∙ 中文 ∙ +/−",1972,1972,1972,Germany,Open image record; postwar poster/pictogram candidate,poster / pictogram / graphic record,Own work,"Pictogram of the Olympic Games 1972 in Munich, Germany symbolizing Basketball. Drawn by Otl Aicher, on Display at the Rudi-Seldmyer-Halle, Munich",Olympic games 1972 basketball 0501; Audi Dome|Taken with Canon EOS 7D|Basketball at the 1972 Summer Olympics|1972 Summer Olympics pictograms|Supported by Wikimedia Deutschland|FoP-Germany,Audi Dome|Taken with Canon EOS 7D|Basketball at the 1972 Summer Olympics|1972 Summer Olympics pictograms|Supported by Wikimedia Deutschland|FoP-Germany,Wikimedia Commons image with open license metadata: CC BY 1.0.,,Wikimedia Commons image with open license metadata: CC BY 1.0.,IMG03,Wikimedia Commons image with open license metadata: CC BY 1.0.,IMG03: Wikimedia Commons image with open license metadata: CC BY 1.0.,high,false,Use source-hosted Commons thumbnail with attribution and source link.,open_image_frame,https://upload.wikimedia.org/wikipedia/commons/thumb/5/5e/Olympic_games_1972_basketball_0501.JPG/960px-Olympic_games_1972_basketball_0501.JPG,false,https://commons.wikimedia.org/wiki/File:Olympic_games_1972_basketball_0501.JPG,false,,data/capture_batch_postwar_commons_open_image_1945_2026_raw/commons_munich_1972_pictogram_open_images_0.json,2026-06-02,expected,ok,open_image_frame,"Pictogram of the Olympic Games 1972 in Munich, Germany symbolizing Basketball. Drawn by Otl Aicher, on Display at the Rudi-Seldmyer-Halle, Munich","Pictogram of the Olympic Games 1972 in Munich, Germany symbolizing Basketball. Drawn by Otl Aicher, on Display at the Rudi-Seldmyer-Halle, Munich","Olympic games 1972 basketball 0501.JPG is an openly licensed postwar Commons image record. Pictogram of the Olympic Games 1972 in Munich, Germany symbolizing Basketball. Drawn by Otl Aicher, on Display at the Rudi-Seldmyer-Halle, Munich",Postwar Commons open-image supplement for visual anchors. Commons is used as a rights-visible display layer and must not replace the original holding or creator source.,"Selected by targeted postwar Commons query, open-license metadata, duplicate exclusion, and year evidence from title/description/category fields rather than scan/upload date.",Commons metadata is user-maintained; verify object date and original institutional source before treating this as authority evidence.,Wikimedia Commons. Olympic games 1972 basketball 0501.JPG. https://commons.wikimedia.org/wiki/File:Olympic_games_1972_basketball_0501.JPG. Accessed 2026-06-02.
PWC2026R007,PWC03,commons_munich_1972_pictogram_open_images,SRC012,Wikimedia Commons,https://commons.wikimedia.org/w/api.php?action=query&format=json&generator=search&gsrnamespace=6&gsrsearch=%22Olympic+games+1972%22+pictogram&gsrlimit=50&gsroffset=0&prop=imageinfo&iiprop=url%7Cextmetadata%7Cmime&iiurlwidth=900,captured,20931083,https://commons.wikimedia.org/wiki/File:Olympic_games_1972_cycling_0533.JPG,Olympic games 1972 cycling 0533.JPG,"Henning Schlottmann ( User:H-stt ) The production, editing or release of this file was supported by the Community-Budget of Wikimedia Deutschland . To see other files made with the support of Wikimedia Deutschland, please see the category Supported by Wikimedia Deutschland . العربية ∙ বাংলা ∙ Deutsch ∙ English ∙ Esperanto ∙ français ∙ हिन्दी ∙ magyar ∙ Bahasa Indonesia ∙ italiano ∙ 日本語 ∙ македонски ∙ മലയാളം ∙ Bahasa Melayu ∙ Nederlands ∙ português ∙ română ∙ русский ∙ slovenščina ∙ svenska ∙ தமிழ் ∙ українська ∙ 中文 ∙ +/−",1972,1972,1972,Germany,Open image record; postwar poster/pictogram candidate,poster / pictogram / graphic record,Own work,"Pictogram of the Olympic Games 1972 in Munich, Germany symbolizing Cycling. Drawn by Otl Aicher, on Display at the Olympic Park within a list of all gold medal winners",Olympic games 1972 cycling 0533; Taken with Canon EOS 7D|1972 Summer Olympics pictograms|Supported by Wikimedia Deutschland|FoP-Germany|Cycling diagrams,Taken with Canon EOS 7D|1972 Summer Olympics pictograms|Supported by Wikimedia Deutschland|FoP-Germany|Cycling diagrams,Wikimedia Commons image with open license metadata: CC BY 1.0.,,Wikimedia Commons image with open license metadata: CC BY 1.0.,IMG03,Wikimedia Commons image with open license metadata: CC BY 1.0.,IMG03: Wikimedia Commons image with open license metadata: CC BY 1.0.,high,false,Use source-hosted Commons thumbnail with attribution and source link.,open_image_frame,https://upload.wikimedia.org/wikipedia/commons/thumb/8/8e/Olympic_games_1972_cycling_0533.JPG/960px-Olympic_games_1972_cycling_0533.JPG,false,https://commons.wikimedia.org/wiki/File:Olympic_games_1972_cycling_0533.JPG,false,,data/capture_batch_postwar_commons_open_image_1945_2026_raw/commons_munich_1972_pictogram_open_images_0.json,2026-06-02,expected,ok,open_image_frame,"Pictogram of the Olympic Games 1972 in Munich, Germany symbolizing Cycling. Drawn by Otl Aicher, on Display at the Olympic Park within a list of all gold medal winners","Pictogram of the Olympic Games 1972 in Munich, Germany symbolizing Cycling. Drawn by Otl Aicher, on Display at the Olympic Park within a list of all gold medal winners","Olympic games 1972 cycling 0533.JPG is an openly licensed postwar Commons image record. Pictogram of the Olympic Games 1972 in Munich, Germany symbolizing Cycling. Drawn by Otl Aicher, on Display at the Olympic Park within a list of all gold medal winners",Postwar Commons open-image supplement for visual anchors. Commons is used as a rights-visible display layer and must not replace the original holding or creator source.,"Selected by targeted postwar Commons query, open-license metadata, duplicate exclusion, and year evidence from title/description/category fields rather than scan/upload date.",Commons metadata is user-maintained; verify object date and original institutional source before treating this as authority evidence.,Wikimedia Commons. Olympic games 1972 cycling 0533.JPG. https://commons.wikimedia.org/wiki/File:Olympic_games_1972_cycling_0533.JPG. Accessed 2026-06-02.
PWC2026R008,PWC03,commons_munich_1972_pictogram_open_images,SRC012,Wikimedia Commons,https://commons.wikimedia.org/w/api.php?action=query&format=json&generator=search&gsrnamespace=6&gsrsearch=%22Olympic+games+1972%22+pictogram&gsrlimit=50&gsroffset=0&prop=imageinfo&iiprop=url%7Cextmetadata%7Cmime&iiurlwidth=900,captured,20931082,https://commons.wikimedia.org/wiki/File:Olympic_games_1972_gymnastics_0532.JPG,Olympic games 1972 gymnastics 0532.JPG,"Henning Schlottmann ( User:H-stt ) The production, editing or release of this file was supported by the Community-Budget of Wikimedia Deutschland . To see other files made with the support of Wikimedia Deutschland, please see the category Supported by Wikimedia Deutschland . العربية ∙ বাংলা ∙ Deutsch ∙ English ∙ Esperanto ∙ français ∙ हिन्दी ∙ magyar ∙ Bahasa Indonesia ∙ italiano ∙ 日本語 ∙ македонски ∙ മലയാളം ∙ Bahasa Melayu ∙ Nederlands ∙ português ∙ română ∙ русский ∙ slovenščina ∙ svenska ∙ தமிழ் ∙ українська ∙ 中文 ∙ +/−",1972,1972,1972,Germany,Open image record; postwar poster/pictogram candidate,poster / pictogram / graphic record,Own work,"Pictogram of the Olympic Games 1972 in Munich, Germany symbolizing Gymnastics. Drawn by Otl Aicher, on Display at the Olympic Park within a list of all gold medal winners",Olympic games 1972 gymnastics 0532; Taken with Canon EOS 7D|1972 Summer Olympics pictograms|Supported by Wikimedia Deutschland|FoP-Germany|Gymnastic icons,Taken with Canon EOS 7D|1972 Summer Olympics pictograms|Supported by Wikimedia Deutschland|FoP-Germany|Gymnastic icons,Wikimedia Commons image with open license metadata: CC BY 1.0.,,Wikimedia Commons image with open license metadata: CC BY 1.0.,IMG03,Wikimedia Commons image with open license metadata: CC BY 1.0.,IMG03: Wikimedia Commons image with open license metadata: CC BY 1.0.,high,false,Use source-hosted Commons thumbnail with attribution and source link.,open_image_frame,https://upload.wikimedia.org/wikipedia/commons/thumb/2/2c/Olympic_games_1972_gymnastics_0532.JPG/960px-Olympic_games_1972_gymnastics_0532.JPG,false,https://commons.wikimedia.org/wiki/File:Olympic_games_1972_gymnastics_0532.JPG,false,,data/capture_batch_postwar_commons_open_image_1945_2026_raw/commons_munich_1972_pictogram_open_images_0.json,2026-06-02,expected,ok,open_image_frame,"Pictogram of the Olympic Games 1972 in Munich, Germany symbolizing Gymnastics. Drawn by Otl Aicher, on Display at the Olympic Park within a list of all gold medal winners","Pictogram of the Olympic Games 1972 in Munich, Germany symbolizing Gymnastics. Drawn by Otl Aicher, on Display at the Olympic Park within a list of all gold medal winners","Olympic games 1972 gymnastics 0532.JPG is an openly licensed postwar Commons image record. Pictogram of the Olympic Games 1972 in Munich, Germany symbolizing Gymnastics. Drawn by Otl Aicher, on Display at the Olympic Park within a list of all gold medal winners",Postwar Commons open-image supplement for visual anchors. Commons is used as a rights-visible display layer and must not replace the original holding or creator source.,"Selected by targeted postwar Commons query, open-license metadata, duplicate exclusion, and year evidence from title/description/category fields rather than scan/upload date.",Commons metadata is user-maintained; verify object date and original institutional source before treating this as authority evidence.,Wikimedia Commons. Olympic games 1972 gymnastics 0532.JPG. https://commons.wikimedia.org/wiki/File:Olympic_games_1972_gymnastics_0532.JPG. Accessed 2026-06-02.
PWC2026R009,PWC03,commons_munich_1972_pictogram_open_images,SRC012,Wikimedia Commons,https://commons.wikimedia.org/w/api.php?action=query&format=json&generator=search&gsrnamespace=6&gsrsearch=%22Olympic+games+1972%22+pictogram&gsrlimit=50&gsroffset=0&prop=imageinfo&iiprop=url%7Cextmetadata%7Cmime&iiurlwidth=900,captured,21022363,https://commons.wikimedia.org/wiki/File:Olympic_games_1972_pictogramms_olympic_station_0877_a.jpg,Olympic games 1972 pictogramms olympic station 0877 a.jpg,"Olympic_games_1972_pictogramms_olympic_station_0877.JPG : Henning Schlottmann ( User:H-stt ) The production, editing or release of this file was supported by the Community-Budget of Wikimedia Deutschland . To see other files made with the support of Wikimedia Deutschland, please see the category Supported by Wikimedia Deutschland . العربية ∙ বাংলা ∙ Deutsch ∙ English ∙ Esperanto ∙ français ∙ हिन्दी ∙ magyar ∙ Bahasa Indonesia ∙ italiano ∙ 日本語 ∙ македонски ∙ മലയാളം ∙ Bahasa Melayu ∙ Nederlands ∙ português ∙ română ∙ русский ∙ slovenščina ∙ svenska ∙ தமிழ் ∙ українська ∙ 中文 ∙ +/− derivative work: Canis dirus",1972,1972,1972,Germany,Open image record; postwar poster/pictogram candidate,poster / pictogram / graphic record,This file was derived from: Olympic games 1972 pictogramms olympic station 0877.JPG :,"Pictograms of the Olympic Games 1972 in Munich, Germany symbolizing Track and Field (Athletics) and Soccer. Drawn by Otl Aicher, on display at the Olympic stadium",Olympic games 1972 pictogramms olympic station 0877 a; Athletics at the 1972 Summer Olympics|Taken with Canon EOS 7D|Association football at the 1972 Summer Olympics|Retouched pictures|1972 Summer Olympics pictograms|Self-published work|Supported by Wikimedia Deutschland|Derivative versions|Uploaded with derivativeFX,Athletics at the 1972 Summer Olympics|Taken with Canon EOS 7D|Association football at the 1972 Summer Olympics|Retouched pictures|1972 Summer Olympics pictograms|Self-published work|Supported by Wikimedia Deutschland|Derivative versions|Uploaded with derivativeFX,Wikimedia Commons image with open license metadata: CC BY 1.0.,,Wikimedia Commons image with open license metadata: CC BY 1.0.,IMG03,Wikimedia Commons image with open license metadata: CC BY 1.0.,IMG03: Wikimedia Commons image with open license metadata: CC BY 1.0.,high,false,Use source-hosted Commons thumbnail with attribution and source link.,open_image_frame,https://upload.wikimedia.org/wikipedia/commons/thumb/3/3a/Olympic_games_1972_pictogramms_olympic_station_0877_a.jpg/960px-Olympic_games_1972_pictogramms_olympic_station_0877_a.jpg,false,https://commons.wikimedia.org/wiki/File:Olympic_games_1972_pictogramms_olympic_station_0877_a.jpg,false,,data/capture_batch_postwar_commons_open_image_1945_2026_raw/commons_munich_1972_pictogram_open_images_0.json,2026-06-02,expected,ok,open_image_frame,"Pictograms of the Olympic Games 1972 in Munich, Germany symbolizing Track and Field (Athletics) and Soccer. Drawn by Otl Aicher, on display at the Olympic stadium","Pictograms of the Olympic Games 1972 in Munich, Germany symbolizing Track and Field (Athletics) and Soccer. Drawn by Otl Aicher, on display at the Olympic stadium","Olympic games 1972 pictogramms olympic station 0877 a.jpg is an openly licensed postwar Commons image record. Pictograms of the Olympic Games 1972 in Munich, Germany symbolizing Track and Field (Athletics) and Soccer. Drawn by Otl Aicher, on display at the Olympic stadium",Postwar Commons open-image supplement for visual anchors. Commons is used as a rights-visible display layer and must not replace the original holding or creator source.,"Selected by targeted postwar Commons query, open-license metadata, duplicate exclusion, and year evidence from title/description/category fields rather than scan/upload date.",Commons metadata is user-maintained; verify object date and original institutional source before treating this as authority evidence.,Wikimedia Commons. Olympic games 1972 pictogramms olympic station 0877 a.jpg. https://commons.wikimedia.org/wiki/File:Olympic_games_1972_pictogramms_olympic_station_0877_a.jpg. Accessed 2026-06-02.
PWC2026R010,PWC03,commons_munich_1972_pictogram_open_images,SRC012,Wikimedia Commons,https://commons.wikimedia.org/w/api.php?action=query&format=json&generator=search&gsrnamespace=6&gsrsearch=%22Olympic+games+1972%22+pictogram&gsrlimit=50&gsroffset=0&prop=imageinfo&iiprop=url%7Cextmetadata%7Cmime&iiurlwidth=900,captured,20931081,https://commons.wikimedia.org/wiki/File:Olympic_games_1972_pictogramms_olympic_station_0877.JPG,Olympic games 1972 pictogramms olympic station 0877.JPG,"Henning Schlottmann ( User:H-stt ) The production, editing or release of this file was supported by the Community-Budget of Wikimedia Deutschland . To see other files made with the support of Wikimedia Deutschland, please see the category Supported by Wikimedia Deutschland . العربية ∙ বাংলা ∙ Deutsch ∙ English ∙ Esperanto ∙ français ∙ हिन्दी ∙ magyar ∙ Bahasa Indonesia ∙ italiano ∙ 日本語 ∙ македонски ∙ മലയാളം ∙ Bahasa Melayu ∙ Nederlands ∙ português ∙ română ∙ русский ∙ slovenščina ∙ svenska ∙ தமிழ் ∙ українська ∙ 中文 ∙ +/−",1972,1972,1972,Germany,Open image record; postwar poster/pictogram candidate,poster / pictogram / graphic record,Own work,"Pictograms of the Olympic Games 1972 in Munich, Germany symbolizing Track and Field (Athletics) and Soccer. Drawn by Otl Aicher, on display at the Olympic stadium",Olympic games 1972 pictogramms olympic station 0877; Athletics at the 1972 Summer Olympics|Taken with Canon EOS 7D|Association football at the 1972 Summer Olympics|1972 Summer Olympics pictograms|Supported by Wikimedia Deutschland|Files with derivative versions|FoP-Germany,Athletics at the 1972 Summer Olympics|Taken with Canon EOS 7D|Association football at the 1972 Summer Olympics|1972 Summer Olympics pictograms|Supported by Wikimedia Deutschland|Files with derivative versions|FoP-Germany,Wikimedia Commons image with open license metadata: CC BY 1.0.,,Wikimedia Commons image with open license metadata: CC BY 1.0.,IMG03,Wikimedia Commons image with open license metadata: CC BY 1.0.,IMG03: Wikimedia Commons image with open license metadata: CC BY 1.0.,high,false,Use source-hosted Commons thumbnail with attribution and source link.,open_image_frame,https://upload.wikimedia.org/wikipedia/commons/thumb/d/de/Olympic_games_1972_pictogramms_olympic_station_0877.JPG/960px-Olympic_games_1972_pictogramms_olympic_station_0877.JPG,false,https://commons.wikimedia.org/wiki/File:Olympic_games_1972_pictogramms_olympic_station_0877.JPG,false,,data/capture_batch_postwar_commons_open_image_1945_2026_raw/commons_munich_1972_pictogram_open_images_0.json,2026-06-02,expected,ok,open_image_frame,"Pictograms of the Olympic Games 1972 in Munich, Germany symbolizing Track and Field (Athletics) and Soccer. Drawn by Otl Aicher, on display at the Olympic stadium","Pictograms of the Olympic Games 1972 in Munich, Germany symbolizing Track and Field (Athletics) and Soccer. Drawn by Otl Aicher, on display at the Olympic stadium","Olympic games 1972 pictogramms olympic station 0877.JPG is an openly licensed postwar Commons image record. Pictograms of the Olympic Games 1972 in Munich, Germany symbolizing Track and Field (Athletics) and Soccer. Drawn by Otl Aicher, on display at the Olympic stadium",Postwar Commons open-image supplement for visual anchors. Commons is used as a rights-visible display layer and must not replace the original holding or creator source.,"Selected by targeted postwar Commons query, open-license metadata, duplicate exclusion, and year evidence from title/description/category fields rather than scan/upload date.",Commons metadata is user-maintained; verify object date and original institutional source before treating this as authority evidence.,Wikimedia Commons. Olympic games 1972 pictogramms olympic station 0877.JPG. https://commons.wikimedia.org/wiki/File:Olympic_games_1972_pictogramms_olympic_station_0877.JPG. Accessed 2026-06-02.
PWC2026R011,PWC03,commons_munich_1972_pictogram_open_images,SRC012,Wikimedia Commons,https://commons.wikimedia.org/w/api.php?action=query&format=json&generator=search&gsrnamespace=6&gsrsearch=%22Olympic+games+1972%22+pictogram&gsrlimit=50&gsroffset=0&prop=imageinfo&iiprop=url%7Cextmetadata%7Cmime&iiurlwidth=900,captured,20935648,https://commons.wikimedia.org/wiki/File:Olympic_games_1972_pictogramms_swimming_hall_0525_a.jpg,Olympic games 1972 pictogramms swimming hall 0525 a.jpg,"Olympic_games_1972_pictogramms_swimming_hall_0525.JPG : Henning Schlottmann ( User:H-stt ) The production, editing or release of this file was supported by the Community-Budget of Wikimedia Deutschland . To see other files made with the support of Wikimedia Deutschland, please see the category Supported by Wikimedia Deutschland . العربية ∙ বাংলা ∙ Deutsch ∙ English ∙ Esperanto ∙ français ∙ हिन्दी ∙ magyar ∙ Bahasa Indonesia ∙ italiano ∙ 日本語 ∙ македонски ∙ മലയാളം ∙ Bahasa Melayu ∙ Nederlands ∙ português ∙ română ∙ русский ∙ slovenščina ∙ svenska ∙ தமிழ் ∙ українська ∙ 中文 ∙ +/− derivative work: Canis dirus",1972,1972,1972,Germany,Open image record; postwar poster/pictogram candidate,poster / pictogram / graphic record,This file was derived from: Olympic games 1972 pictogramms swimming hall 0525.JPG :,"Pictogram of the Olympic Games 1972 in Munich, Germany symbolizing Swimming. Drawn by Otl Aicher, on Display at the Olympic swimming hall",Olympic games 1972 pictogramms swimming hall 0525 a; Taken with Canon EOS 7D|Retouched pictures|1972 Summer Olympics pictograms|Self-published work|Supported by Wikimedia Deutschland|Swimming signs|Derivative versions|Uploaded with derivativeFX|Swimming icons,Taken with Canon EOS 7D|Retouched pictures|1972 Summer Olympics pictograms|Self-published work|Supported by Wikimedia Deutschland|Swimming signs|Derivative versions|Uploaded with derivativeFX|Swimming icons,Wikimedia Commons image with open license metadata: CC BY 1.0.,,Wikimedia Commons image with open license metadata: CC BY 1.0.,IMG03,Wikimedia Commons image with open license metadata: CC BY 1.0.,IMG03: Wikimedia Commons image with open license metadata: CC BY 1.0.,high,false,Use source-hosted Commons thumbnail with attribution and source link.,open_image_frame,https://upload.wikimedia.org/wikipedia/commons/thumb/1/16/Olympic_games_1972_pictogramms_swimming_hall_0525_a.jpg/960px-Olympic_games_1972_pictogramms_swimming_hall_0525_a.jpg,false,https://commons.wikimedia.org/wiki/File:Olympic_games_1972_pictogramms_swimming_hall_0525_a.jpg,false,,data/capture_batch_postwar_commons_open_image_1945_2026_raw/commons_munich_1972_pictogram_open_images_0.json,2026-06-02,expected,ok,open_image_frame,"Pictogram of the Olympic Games 1972 in Munich, Germany symbolizing Swimming. Drawn by Otl Aicher, on Display at the Olympic swimming hall","Pictogram of the Olympic Games 1972 in Munich, Germany symbolizing Swimming. Drawn by Otl Aicher, on Display at the Olympic swimming hall","Olympic games 1972 pictogramms swimming hall 0525 a.jpg is an openly licensed postwar Commons image record. Pictogram of the Olympic Games 1972 in Munich, Germany symbolizing Swimming. Drawn by Otl Aicher, on Display at the Olympic swimming hall",Postwar Commons open-image supplement for visual anchors. Commons is used as a rights-visible display layer and must not replace the original holding or creator source.,"Selected by targeted postwar Commons query, open-license metadata, duplicate exclusion, and year evidence from title/description/category fields rather than scan/upload date.",Commons metadata is user-maintained; verify object date and original institutional source before treating this as authority evidence.,Wikimedia Commons. Olympic games 1972 pictogramms swimming hall 0525 a.jpg. https://commons.wikimedia.org/wiki/File:Olympic_games_1972_pictogramms_swimming_hall_0525_a.jpg. Accessed 2026-06-02.
PWC2026R012,PWC03,commons_munich_1972_pictogram_open_images,SRC012,Wikimedia Commons,https://commons.wikimedia.org/w/api.php?action=query&format=json&generator=search&gsrnamespace=6&gsrsearch=%22Olympic+games+1972%22+pictogram&gsrlimit=50&gsroffset=0&prop=imageinfo&iiprop=url%7Cextmetadata%7Cmime&iiurlwidth=900,captured,20931078,https://commons.wikimedia.org/wiki/File:Olympic_games_1972_pictogramms_swimming_hall_0525.JPG,Olympic games 1972 pictogramms swimming hall 0525.JPG,"Henning Schlottmann ( User:H-stt ) The production, editing or release of this file was supported by the Community-Budget of Wikimedia Deutschland . To see other files made with the support of Wikimedia Deutschland, please see the category Supported by Wikimedia Deutschland . العربية ∙ বাংলা ∙ Deutsch ∙ English ∙ Esperanto ∙ français ∙ हिन्दी ∙ magyar ∙ Bahasa Indonesia ∙ italiano ∙ 日本語 ∙ македонски ∙ മലയാളം ∙ Bahasa Melayu ∙ Nederlands ∙ português ∙ română ∙ русский ∙ slovenščina ∙ svenska ∙ தமிழ் ∙ українська ∙ 中文 ∙ +/−",1972,1972,1972,Germany,Open image record; postwar poster/pictogram candidate,poster / pictogram / graphic record,Own work,"Pictogram of the Olympic Games 1972 in Munich, Germany symbolizing Swimming. Drawn by Otl Aicher, on Display at the Olympic swimming hall",Olympic games 1972 pictogramms swimming hall 0525; Taken with Canon EOS 7D|1972 Summer Olympics pictograms|Supported by Wikimedia Deutschland|Swimming signs|Files with derivative versions|FoP-Germany,Taken with Canon EOS 7D|1972 Summer Olympics pictograms|Supported by Wikimedia Deutschland|Swimming signs|Files with derivative versions|FoP-Germany,Wikimedia Commons image with open license metadata: CC BY 1.0.,,Wikimedia Commons image with open license metadata: CC BY 1.0.,IMG03,Wikimedia Commons image with open license metadata: CC BY 1.0.,IMG03: Wikimedia Commons image with open license metadata: CC BY 1.0.,high,false,Use source-hosted Commons thumbnail with attribution and source link.,open_image_frame,https://upload.wikimedia.org/wikipedia/commons/thumb/3/34/Olympic_games_1972_pictogramms_swimming_hall_0525.JPG/960px-Olympic_games_1972_pictogramms_swimming_hall_0525.JPG,false,https://commons.wikimedia.org/wiki/File:Olympic_games_1972_pictogramms_swimming_hall_0525.JPG,false,,data/capture_batch_postwar_commons_open_image_1945_2026_raw/commons_munich_1972_pictogram_open_images_0.json,2026-06-02,expected,ok,open_image_frame,"Pictogram of the Olympic Games 1972 in Munich, Germany symbolizing Swimming. Drawn by Otl Aicher, on Display at the Olympic swimming hall","Pictogram of the Olympic Games 1972 in Munich, Germany symbolizing Swimming. Drawn by Otl Aicher, on Display at the Olympic swimming hall","Olympic games 1972 pictogramms swimming hall 0525.JPG is an openly licensed postwar Commons image record. Pictogram of the Olympic Games 1972 in Munich, Germany symbolizing Swimming. Drawn by Otl Aicher, on Display at the Olympic swimming hall",Postwar Commons open-image supplement for visual anchors. Commons is used as a rights-visible display layer and must not replace the original holding or creator source.,"Selected by targeted postwar Commons query, open-license metadata, duplicate exclusion, and year evidence from title/description/category fields rather than scan/upload date.",Commons metadata is user-maintained; verify object date and original institutional source before treating this as authority evidence.,Wikimedia Commons. Olympic games 1972 pictogramms swimming hall 0525.JPG. https://commons.wikimedia.org/wiki/File:Olympic_games_1972_pictogramms_swimming_hall_0525.JPG. Accessed 2026-06-02.
PWC2026R013,PWC03,commons_munich_1972_pictogram_open_images,SRC012,Wikimedia Commons,https://commons.wikimedia.org/w/api.php?action=query&format=json&generator=search&gsrnamespace=6&gsrsearch=%22Olympic+games+1972%22+pictogram&gsrlimit=50&gsroffset=0&prop=imageinfo&iiprop=url%7Cextmetadata%7Cmime&iiurlwidth=900,captured,20931077,https://commons.wikimedia.org/wiki/File:Olympic_parc_munich_pictogramms_ice_rink_0651.JPG,Olympic parc munich pictogramms ice rink 0651.JPG,"Henning Schlottmann ( User:H-stt ) The production, editing or release of this file was supported by the Community-Budget of Wikimedia Deutschland . To see other files made with the support of Wikimedia Deutschland, please see the category Supported by Wikimedia Deutschland . العربية ∙ বাংলা ∙ Deutsch ∙ English ∙ Esperanto ∙ français ∙ हिन्दी ∙ magyar ∙ Bahasa Indonesia ∙ italiano ∙ 日本語 ∙ македонски ∙ മലയാളം ∙ Bahasa Melayu ∙ Nederlands ∙ português ∙ română ∙ русский ∙ slovenščina ∙ svenska ∙ தமிழ் ∙ українська ∙ 中文 ∙ +/−",1972,1972,1972,Germany,Open image record; postwar poster/pictogram candidate,poster / pictogram / graphic record,Own work,"Pictograms adopted to those of the Olympic Games 1972 in Munich, Germany symbolizing Curling, Figure Skating and Ice Hockey. Drawn by Otl Aicher, on Display at the Olympic Ice Rink",Olympic parc munich pictogramms ice rink 0651; Taken with Canon EOS 7D|1972 Summer Olympics pictograms|Curling at the Olympics|Supported by Wikimedia Deutschland|FoP-Germany|1988 Winter Olympics pictograms,Taken with Canon EOS 7D|1972 Summer Olympics pictograms|Curling at the Olympics|Supported by Wikimedia Deutschland|FoP-Germany|1988 Winter Olympics pictograms,Wikimedia Commons image with open license metadata: CC BY 1.0.,,Wikimedia Commons image with open license metadata: CC BY 1.0.,IMG03,Wikimedia Commons image with open license metadata: CC BY 1.0.,IMG03: Wikimedia Commons image with open license metadata: CC BY 1.0.,high,false,Use source-hosted Commons thumbnail with attribution and source link.,open_image_frame,https://upload.wikimedia.org/wikipedia/commons/thumb/f/f0/Olympic_parc_munich_pictogramms_ice_rink_0651.JPG/960px-Olympic_parc_munich_pictogramms_ice_rink_0651.JPG,false,https://commons.wikimedia.org/wiki/File:Olympic_parc_munich_pictogramms_ice_rink_0651.JPG,false,,data/capture_batch_postwar_commons_open_image_1945_2026_raw/commons_munich_1972_pictogram_open_images_0.json,2026-06-02,expected,ok,open_image_frame,"Pictograms adopted to those of the Olympic Games 1972 in Munich, Germany symbolizing Curling, Figure Skating and Ice Hockey. Drawn by Otl Aicher, on Display at the Olympic Ice Rink","Pictograms adopted to those of the Olympic Games 1972 in Munich, Germany symbolizing Curling, Figure Skating and Ice Hockey. Drawn by Otl Aicher, on Display at the Olympic Ice Rink","Olympic parc munich pictogramms ice rink 0651.JPG is an openly licensed postwar Commons image record. Pictograms adopted to those of the Olympic Games 1972 in Munich, Germany symbolizing Curling, Figure Skating and Ice Hockey. Drawn by Otl Aicher, on Display at the Olympic Ice Rink",Postwar Commons open-image supplement for visual anchors. Commons is used as a rights-visible display layer and must not replace the original holding or creator source.,"Selected by targeted postwar Commons query, open-license metadata, duplicate exclusion, and year evidence from title/description/category fields rather than scan/upload date.",Commons metadata is user-maintained; verify object date and original institutional source before treating this as authority evidence.,Wikimedia Commons. Olympic parc munich pictogramms ice rink 0651.JPG. https://commons.wikimedia.org/wiki/File:Olympic_parc_munich_pictogramms_ice_rink_0651.JPG. Accessed 2026-06-02.
PWC2026R014,PWC04,commons_hong_kong_poster_open_images,SRC012,Wikimedia Commons,https://commons.wikimedia.org/w/api.php?action=query&format=json&generator=search&gsrnamespace=6&gsrsearch=%22Hong+Kong+poster%22&gsrlimit=50&gsroffset=0&prop=imageinfo&iiprop=url%7Cextmetadata%7Cmime&iiurlwidth=900,captured,46663026,https://commons.wikimedia.org/wiki/File:1937_great_typhoon_of_hong_kong_poster.jpg,1937 great typhoon of hong kong poster.jpg,Unknown author Unknown author,1996,1996,1996,,Open image record; postwar poster/pictogram candidate,poster / pictogram / graphic record,South China Morning Post,A poster detailing the losses suffered in 1937's Great Typhoon of Hong Kong. Courtesy of family of J.S. Snook,1937 great typhoon of hong kong poster; PD Hong Kong|Great Hong Kong Typhoon of 1937|PD-1996|Template Unknown (author),PD Hong Kong|Great Hong Kong Typhoon of 1937|PD-1996|Template Unknown (author),Wikimedia Commons image with open license metadata: Public domain.,,Wikimedia Commons image with open license metadata: Public domain.,IMG03,Wikimedia Commons image with open license metadata: Public domain.,IMG03: Wikimedia Commons image with open license metadata: Public domain.,high,false,Use source-hosted Commons thumbnail with attribution and source link.,open_image_frame,https://upload.wikimedia.org/wikipedia/commons/thumb/d/de/1937_great_typhoon_of_hong_kong_poster.jpg/960px-1937_great_typhoon_of_hong_kong_poster.jpg,false,https://commons.wikimedia.org/wiki/File:1937_great_typhoon_of_hong_kong_poster.jpg,false,,data/capture_batch_postwar_commons_open_image_1945_2026_raw/commons_hong_kong_poster_open_images_0.json,2026-06-02,expected,ok,open_image_frame,A poster detailing the losses suffered in 1937's Great Typhoon of Hong Kong. Courtesy of family of J.S. Snook,A poster detailing the losses suffered in 1937's Great Typhoon of Hong Kong. Courtesy of family of J.S. Snook,1937 great typhoon of hong kong poster.jpg is an openly licensed postwar Commons image record. A poster detailing the losses suffered in 1937's Great Typhoon of Hong Kong. Courtesy of family of J.S. Snook,Postwar Commons open-image supplement for visual anchors. Commons is used as a rights-visible display layer and must not replace the original holding or creator source.,"Selected by targeted postwar Commons query, open-license metadata, duplicate exclusion, and year evidence from title/description/category fields rather than scan/upload date.",Commons metadata is user-maintained; verify object date and original institutional source before treating this as authority evidence.,Wikimedia Commons. 1937 great typhoon of hong kong poster.jpg. https://commons.wikimedia.org/wiki/File:1937_great_typhoon_of_hong_kong_poster.jpg. Accessed 2026-06-02.
PWC2026R015,PWC02,commons_chinese_propaganda_postwar_open_images,SRC012,Wikimedia Commons,https://commons.wikimedia.org/w/api.php?action=query&format=json&generator=search&gsrnamespace=6&gsrsearch=%22Chinese+propaganda+poster%22&gsrlimit=50&gsroffset=0&prop=imageinfo&iiprop=url%7Cextmetadata%7Cmime&iiurlwidth=900,captured,147682130,https://commons.wikimedia.org/wiki/File:1940_Chinese_Propaganda_Poster_Depicting_the_Collapse_of_the_KMT%E2%80%93CCP_United_Front_and_the_Merger_of_the_Provisional_and_Reformed_Governments.jpg,1940 Chinese Propaganda Poster Depicting the Collapse of the KMT–CCP United Front and the Merger of the Provisional and Reformed Governments.jpg,Unknown author Unknown author,1996,1996,1996,China / Hong Kong,Open image record; postwar poster/pictogram candidate,poster / pictogram / graphic record,"Department of History, University of Nottingham",“Guo Gong hezu de zhengfu kuimie le (The KMT-CCP government has crumbled)”,1940 Chinese Propaganda Poster Depicting the Collapse of the KMT–CCP United Front and the Merger of the Provisional and Reformed Governments; Reformed Government of the Republic of China|Provisional Government of the Republic of China (1937-1940)|Template Unknown (author)|PD-anon-80-1996,Reformed Government of the Republic of China|Provisional Government of the Republic of China (1937-1940)|Template Unknown (author)|PD-anon-80-1996,Wikimedia Commons image with open license metadata: Public domain.,,Wikimedia Commons image with open license metadata: Public domain.,IMG03,Wikimedia Commons image with open license metadata: Public domain.,IMG03: Wikimedia Commons image with open license metadata: Public domain.,high,false,Use source-hosted Commons thumbnail with attribution and source link.,open_image_frame,https://upload.wikimedia.org/wikipedia/commons/thumb/8/80/1940_Chinese_Propaganda_Poster_Depicting_the_Collapse_of_the_KMT%E2%80%93CCP_United_Front_and_the_Merger_of_the_Provisional_and_Reformed_Governments.jpg/960px-1940_Chinese_Propaganda_Poster_Depicting_the_Collapse_of_the_KMT%E2%80%93CCP_United_Front_and_the_Merger_of_the_Provisional_and_Reformed_Governments.jpg,false,https://commons.wikimedia.org/wiki/File:1940_Chinese_Propaganda_Poster_Depicting_the_Collapse_of_the_KMT%E2%80%93CCP_United_Front_and_the_Merger_of_the_Provisional_and_Reformed_Governments.jpg,false,,data/capture_batch_postwar_commons_open_image_1945_2026_raw/commons_chinese_propaganda_postwar_open_images_0.json,2026-06-02,expected,ok,open_image_frame,“Guo Gong hezu de zhengfu kuimie le (The KMT-CCP government has crumbled)”,“Guo Gong hezu de zhengfu kuimie le (The KMT-CCP government has crumbled)”,1940 Chinese Propaganda Poster Depicting the Collapse of the KMT–CCP United Front and the Merger of the Provisional and Reformed Governments.jpg is an openly licensed postwar Commons image record. “Guo Gong hezu de zhengfu kuimie le (The KMT-CCP government has crumbled)”,Postwar Commons open-image supplement for visual anchors. Commons is used as a rights-visible display layer and must not replace the original holding or creator source.,"Selected by targeted postwar Commons query, open-license metadata, duplicate exclusion, and year evidence from title/description/category fields rather than scan/upload date.",Commons metadata is user-maintained; verify object date and original institutional source before treating this as authority evidence.,Wikimedia Commons. 1940 Chinese Propaganda Poster Depicting the Collapse of the KMT–CCP United Front and the Merger of the Provisional and Reformed Governments.jpg. https://commons.wikimedia.org/wiki/File:1940_Chinese_Propaganda_Poster_Depicting_the_Collapse_of_the_KMT%E2%80%93CCP_United_Front_and_the_Merger_of_the_Provisional_and_Reformed_Governments.jpg. Accessed 2026-06-02.
PWC2026R016,PWC04,commons_hong_kong_poster_open_images,SRC012,Wikimedia Commons,https://commons.wikimedia.org/w/api.php?action=query&format=json&generator=search&gsrnamespace=6&gsrsearch=%22Hong+Kong+poster%22&gsrlimit=50&gsroffset=0&prop=imageinfo&iiprop=url%7Cextmetadata%7Cmime&iiurlwidth=900,captured,3979107,https://commons.wikimedia.org/wiki/File:Torch_Relay_in_Hong_Kong_Poster_2.JPG,Torch Relay in Hong Kong Poster 2.JPG,Xiaowei,2008,2008,2008,,Open image record; postwar poster/pictogram candidate,poster / pictogram / graphic record,Own work,Poster of Torch Relay in Hong Kong found near Hong Kong Culture Centre,Torch Relay in Hong Kong Poster 2; GFDL|Taken with Panasonic Lumix DMC-FX33|Tsim Sha Tsui|2008 Summer Olympics torch relay in Hong Kong|License migration redundant|Self-published work|Banners in Hong Kong|FoP-Hong Kong|Street banners,GFDL|Taken with Panasonic Lumix DMC-FX33|Tsim Sha Tsui|2008 Summer Olympics torch relay in Hong Kong|License migration redundant|Self-published work|Banners in Hong Kong|FoP-Hong Kong|Street banners,Wikimedia Commons image with open license metadata: CC BY 3.0.,,Wikimedia Commons image with open license metadata: CC BY 3.0.,IMG03,Wikimedia Commons image with open license metadata: CC BY 3.0.,IMG03: Wikimedia Commons image with open license metadata: CC BY 3.0.,high,false,Use source-hosted Commons thumbnail with attribution and source link.,open_image_frame,https://upload.wikimedia.org/wikipedia/commons/thumb/4/4b/Torch_Relay_in_Hong_Kong_Poster_2.JPG/960px-Torch_Relay_in_Hong_Kong_Poster_2.JPG,false,https://commons.wikimedia.org/wiki/File:Torch_Relay_in_Hong_Kong_Poster_2.JPG,false,,data/capture_batch_postwar_commons_open_image_1945_2026_raw/commons_hong_kong_poster_open_images_0.json,2026-06-02,expected,ok,open_image_frame,Poster of Torch Relay in Hong Kong found near Hong Kong Culture Centre,Poster of Torch Relay in Hong Kong found near Hong Kong Culture Centre,Torch Relay in Hong Kong Poster 2.JPG is an openly licensed postwar Commons image record. Poster of Torch Relay in Hong Kong found near Hong Kong Culture Centre,Postwar Commons open-image supplement for visual anchors. Commons is used as a rights-visible display layer and must not replace the original holding or creator source.,"Selected by targeted postwar Commons query, open-license metadata, duplicate exclusion, and year evidence from title/description/category fields rather than scan/upload date.",Commons metadata is user-maintained; verify object date and original institutional source before treating this as authority evidence.,Wikimedia Commons. Torch Relay in Hong Kong Poster 2.JPG. https://commons.wikimedia.org/wiki/File:Torch_Relay_in_Hong_Kong_Poster_2.JPG. Accessed 2026-06-02.
PWC2026R017,PWC06,commons_korean_poster_open_images,SRC012,Wikimedia Commons,https://commons.wikimedia.org/w/api.php?action=query&format=json&generator=search&gsrnamespace=6&gsrsearch=%22Korean+poster%22+poster&gsrlimit=50&gsroffset=0&prop=imageinfo&iiprop=url%7Cextmetadata%7Cmime&iiurlwidth=900,captured,94214722,https://commons.wikimedia.org/wiki/File:Fahey_DSCF2839_(6074653969)_1_1.jpg,Fahey DSCF2839 (6074653969) 1 1.jpg,"Mark Fahey from Sydney, Australia",2011,2011,2011,,Open image record; postwar poster/pictogram candidate,poster / pictogram / graphic record,This image has been extracted from another file,DSCF2839,Fahey DSCF2839 (6074653969) 1 1; Propaganda of North Korea|2011 photographs of North Korea|Extracted images|Photographs by Mark Fahey,Propaganda of North Korea|2011 photographs of North Korea|Extracted images|Photographs by Mark Fahey,Wikimedia Commons image with open license metadata: CC BY 2.0.,,Wikimedia Commons image with open license metadata: CC BY 2.0.,IMG03,Wikimedia Commons image with open license metadata: CC BY 2.0.,IMG03: Wikimedia Commons image with open license metadata: CC BY 2.0.,high,false,Use source-hosted Commons thumbnail with attribution and source link.,open_image_frame,https://upload.wikimedia.org/wikipedia/commons/thumb/0/03/Fahey_DSCF2839_%286074653969%29_1_1.jpg/960px-Fahey_DSCF2839_%286074653969%29_1_1.jpg,false,https://commons.wikimedia.org/wiki/File:Fahey_DSCF2839_(6074653969)_1_1.jpg,false,,data/capture_batch_postwar_commons_open_image_1945_2026_raw/commons_korean_poster_open_images_0.json,2026-06-02,expected,ok,open_image_frame,DSCF2839,DSCF2839,Fahey DSCF2839 (6074653969) 1 1.jpg is an openly licensed postwar Commons image record. DSCF2839,Postwar Commons open-image supplement for visual anchors. Commons is used as a rights-visible display layer and must not replace the original holding or creator source.,"Selected by targeted postwar Commons query, open-license metadata, duplicate exclusion, and year evidence from title/description/category fields rather than scan/upload date.",Commons metadata is user-maintained; verify object date and original institutional source before treating this as authority evidence.,Wikimedia Commons. Fahey DSCF2839 (6074653969) 1 1.jpg. https://commons.wikimedia.org/wiki/File:Fahey_DSCF2839_(6074653969)_1_1.jpg. Accessed 2026-06-02.
PWC2026R018,PWC05,commons_indonesian_poster_open_images,SRC012,Wikimedia Commons,https://commons.wikimedia.org/w/api.php?action=query&format=json&generator=search&gsrnamespace=6&gsrsearch=%22Indonesian+poster%22+poster&gsrlimit=50&gsroffset=0&prop=imageinfo&iiprop=url%7Cextmetadata%7Cmime&iiurlwidth=900,captured,148598723,https://commons.wikimedia.org/wiki/File:Poster_acara_Lokakarya_Wikisumber_bahasa_Indonesia_Daring_Mei_2024.jpg,Poster acara Lokakarya Wikisumber bahasa Indonesia Daring Mei 2024.jpg,Ships in the Starlight,2024,2024,2024,,Open image record; postwar poster/pictogram candidate,poster / pictogram / graphic record,Zoom meeting,Poster pengumuman kegiatan lokakarya Wikisumber bahasa Indonesia,Poster acara Lokakarya Wikisumber bahasa Indonesia Daring Mei 2024; Posters of Indonesia,Posters of Indonesia,Wikimedia Commons image with open license metadata: CC BY-SA 4.0.,,Wikimedia Commons image with open license metadata: CC BY-SA 4.0.,IMG03,Wikimedia Commons image with open license metadata: CC BY-SA 4.0.,IMG03: Wikimedia Commons image with open license metadata: CC BY-SA 4.0.,high,false,Use source-hosted Commons thumbnail with attribution and source link.,open_image_frame,https://upload.wikimedia.org/wikipedia/commons/thumb/5/5e/Poster_acara_Lokakarya_Wikisumber_bahasa_Indonesia_Daring_Mei_2024.jpg/960px-Poster_acara_Lokakarya_Wikisumber_bahasa_Indonesia_Daring_Mei_2024.jpg,false,https://commons.wikimedia.org/wiki/File:Poster_acara_Lokakarya_Wikisumber_bahasa_Indonesia_Daring_Mei_2024.jpg,false,,data/capture_batch_postwar_commons_open_image_1945_2026_raw/commons_indonesian_poster_open_images_0.json,2026-06-02,expected,ok,open_image_frame,Poster pengumuman kegiatan lokakarya Wikisumber bahasa Indonesia,Poster pengumuman kegiatan lokakarya Wikisumber bahasa Indonesia,Poster acara Lokakarya Wikisumber bahasa Indonesia Daring Mei 2024.jpg is an openly licensed postwar Commons image record. Poster pengumuman kegiatan lokakarya Wikisumber bahasa Indonesia,Postwar Commons open-image supplement for visual anchors. Commons is used as a rights-visible display layer and must not replace the original holding or creator source.,"Selected by targeted postwar Commons query, open-license metadata, duplicate exclusion, and year evidence from title/description/category fields rather than scan/upload date.",Commons metadata is user-maintained; verify object date and original institutional source before treating this as authority evidence.,Wikimedia Commons. Poster acara Lokakarya Wikisumber bahasa Indonesia Daring Mei 2024.jpg. https://commons.wikimedia.org/wiki/File:Poster_acara_Lokakarya_Wikisumber_bahasa_Indonesia_Daring_Mei_2024.jpg. Accessed 2026-06-02.
PWC2026R019,PWC05,commons_indonesian_poster_open_images,SRC012,Wikimedia Commons,https://commons.wikimedia.org/w/api.php?action=query&format=json&generator=search&gsrnamespace=6&gsrsearch=%22Indonesian+poster%22+poster&gsrlimit=50&gsroffset=0&prop=imageinfo&iiprop=url%7Cextmetadata%7Cmime&iiurlwidth=900,captured,158888293,https://commons.wikimedia.org/wiki/File:Keynote_Speaker_03.jpg,Keynote Speaker 03.jpg,Stefanie Gunawan,2025,2025,2025,,Open image record; postwar poster/pictogram candidate,poster / pictogram / graphic record,from the creator,Poster postingan Wikisource Conference 2025,Keynote Speaker 03; Wikisource Conference 2025 posters,Wikisource Conference 2025 posters,Wikimedia Commons image with open license metadata: CC BY-SA 4.0.,,Wikimedia Commons image with open license metadata: CC BY-SA 4.0.,IMG03,Wikimedia Commons image with open license metadata: CC BY-SA 4.0.,IMG03: Wikimedia Commons image with open license metadata: CC BY-SA 4.0.,high,false,Use source-hosted Commons thumbnail with attribution and source link.,open_image_frame,https://upload.wikimedia.org/wikipedia/commons/thumb/f/f1/Keynote_Speaker_03.jpg/960px-Keynote_Speaker_03.jpg,false,https://commons.wikimedia.org/wiki/File:Keynote_Speaker_03.jpg,false,,data/capture_batch_postwar_commons_open_image_1945_2026_raw/commons_indonesian_poster_open_images_0.json,2026-06-02,expected,ok,open_image_frame,Poster postingan Wikisource Conference 2025,Poster postingan Wikisource Conference 2025,Keynote Speaker 03.jpg is an openly licensed postwar Commons image record. Poster postingan Wikisource Conference 2025,Postwar Commons open-image supplement for visual anchors. Commons is used as a rights-visible display layer and must not replace the original holding or creator source.,"Selected by targeted postwar Commons query, open-license metadata, duplicate exclusion, and year evidence from title/description/category fields rather than scan/upload date.",Commons metadata is user-maintained; verify object date and original institutional source before treating this as authority evidence.,Wikimedia Commons. Keynote Speaker 03.jpg. https://commons.wikimedia.org/wiki/File:Keynote_Speaker_03.jpg. Accessed 2026-06-02.
PWC2026R020,PWC05,commons_indonesian_poster_open_images,SRC012,Wikimedia Commons,https://commons.wikimedia.org/w/api.php?action=query&format=json&generator=search&gsrnamespace=6&gsrsearch=%22Indonesian+poster%22+poster&gsrlimit=50&gsroffset=0&prop=imageinfo&iiprop=url%7Cextmetadata%7Cmime&iiurlwidth=900,captured,178786757,https://commons.wikimedia.org/wiki/File:Poster_Organise_Educate_Agitate_Protest.png,Poster Organise Educate Agitate Protest.png,Andi Setiawan/Serikat Pekerja Kampus,2025,2025,2025,,Open image record; postwar poster/pictogram candidate,poster / pictogram / graphic record,spk.or.id,Poster Organise Educate Agitate Protest yang dibawa Serikat Pekerja Kampus saat memperingati Hari Buruh 1 Mei 2025 di depan gedung DPR/MPR,Poster Organise Educate Agitate Protest; Posters,Posters,Wikimedia Commons image with open license metadata: CC BY 4.0.,,Wikimedia Commons image with open license metadata: CC BY 4.0.,IMG03,Wikimedia Commons image with open license metadata: CC BY 4.0.,IMG03: Wikimedia Commons image with open license metadata: CC BY 4.0.,high,false,Use source-hosted Commons thumbnail with attribution and source link.,open_image_frame,https://upload.wikimedia.org/wikipedia/commons/thumb/5/56/Poster_Organise_Educate_Agitate_Protest.png/960px-Poster_Organise_Educate_Agitate_Protest.png,false,https://commons.wikimedia.org/wiki/File:Poster_Organise_Educate_Agitate_Protest.png,false,,data/capture_batch_postwar_commons_open_image_1945_2026_raw/commons_indonesian_poster_open_images_0.json,2026-06-02,expected,ok,open_image_frame,Poster Organise Educate Agitate Protest yang dibawa Serikat Pekerja Kampus saat memperingati Hari Buruh 1 Mei 2025 di depan gedung DPR/MPR,Poster Organise Educate Agitate Protest yang dibawa Serikat Pekerja Kampus saat memperingati Hari Buruh 1 Mei 2025 di depan gedung DPR/MPR,Poster Organise Educate Agitate Protest.png is an openly licensed postwar Commons image record. Poster Organise Educate Agitate Protest yang dibawa Serikat Pekerja Kampus saat memperingati Hari Buruh 1 Mei 2025 di depan gedung DPR/MPR,Postwar Commons open-image supplement for visual anchors. Commons is used as a rights-visible display layer and must not replace the original holding or creator source.,"Selected by targeted postwar Commons query, open-license metadata, duplicate exclusion, and year evidence from title/description/category fields rather than scan/upload date.",Commons metadata is user-maintained; verify object date and original institutional source before treating this as authority evidence.,Wikimedia Commons. Poster Organise Educate Agitate Protest.png. https://commons.wikimedia.org/wiki/File:Poster_Organise_Educate_Agitate_Protest.png. Accessed 2026-06-02.
PWC2026R021,PWC05,commons_indonesian_poster_open_images,SRC012,Wikimedia Commons,https://commons.wikimedia.org/w/api.php?action=query&format=json&generator=search&gsrnamespace=6&gsrsearch=%22Indonesian+poster%22+poster&gsrlimit=50&gsroffset=0&prop=imageinfo&iiprop=url%7Cextmetadata%7Cmime&iiurlwidth=900,captured,168630753,https://commons.wikimedia.org/wiki/File:Poster_Serikat_Pekerja_Kampus_(2).jpg,Poster Serikat Pekerja Kampus (2).jpg,Hutomo,2025,2025,2025,,Open image record; postwar poster/pictogram candidate,poster / pictogram / graphic record,Own work,Poster yang dibawa Serikat Pekerja Kampus saat memperingati Hari Buruh 2025,Poster Serikat Pekerja Kampus (2); Self-published work|All media needing categories as of 2025|Media needing categories as of 27 June 2025,Self-published work|All media needing categories as of 2025|Media needing categories as of 27 June 2025,Wikimedia Commons image with open license metadata: CC BY-SA 4.0.,,Wikimedia Commons image with open license metadata: CC BY-SA 4.0.,IMG03,Wikimedia Commons image with open license metadata: CC BY-SA 4.0.,IMG03: Wikimedia Commons image with open license metadata: CC BY-SA 4.0.,high,false,Use source-hosted Commons thumbnail with attribution and source link.,open_image_frame,https://upload.wikimedia.org/wikipedia/commons/thumb/c/cb/Poster_Serikat_Pekerja_Kampus_%282%29.jpg/960px-Poster_Serikat_Pekerja_Kampus_%282%29.jpg,false,https://commons.wikimedia.org/wiki/File:Poster_Serikat_Pekerja_Kampus_(2).jpg,false,,data/capture_batch_postwar_commons_open_image_1945_2026_raw/commons_indonesian_poster_open_images_0.json,2026-06-02,expected,ok,open_image_frame,Poster yang dibawa Serikat Pekerja Kampus saat memperingati Hari Buruh 2025,Poster yang dibawa Serikat Pekerja Kampus saat memperingati Hari Buruh 2025,Poster Serikat Pekerja Kampus (2).jpg is an openly licensed postwar Commons image record. Poster yang dibawa Serikat Pekerja Kampus saat memperingati Hari Buruh 2025,Postwar Commons open-image supplement for visual anchors. Commons is used as a rights-visible display layer and must not replace the original holding or creator source.,"Selected by targeted postwar Commons query, open-license metadata, duplicate exclusion, and year evidence from title/description/category fields rather than scan/upload date.",Commons metadata is user-maintained; verify object date and original institutional source before treating this as authority evidence.,Wikimedia Commons. Poster Serikat Pekerja Kampus (2).jpg. https://commons.wikimedia.org/wiki/File:Poster_Serikat_Pekerja_Kampus_(2).jpg. Accessed 2026-06-02.
PWC2026R022,PWC05,commons_indonesian_poster_open_images,SRC012,Wikimedia Commons,https://commons.wikimedia.org/w/api.php?action=query&format=json&generator=search&gsrnamespace=6&gsrsearch=%22Indonesian+poster%22+poster&gsrlimit=50&gsroffset=0&prop=imageinfo&iiprop=url%7Cextmetadata%7Cmime&iiurlwidth=900,captured,158888292,https://commons.wikimedia.org/wiki/File:Programme_is_Ready.jpg,Programme is Ready.jpg,Stefanie Gunawan,2025,2025,2025,,Open image record; postwar poster/pictogram candidate,poster / pictogram / graphic record,from the creator,Poster Wikisource Conference 2025,Programme is Ready; Wikisource Conference 2025 posters,Wikisource Conference 2025 posters,Wikimedia Commons image with open license metadata: CC BY-SA 4.0.,,Wikimedia Commons image with open license metadata: CC BY-SA 4.0.,IMG03,Wikimedia Commons image with open license metadata: CC BY-SA 4.0.,IMG03: Wikimedia Commons image with open license metadata: CC BY-SA 4.0.,high,false,Use source-hosted Commons thumbnail with attribution and source link.,open_image_frame,https://upload.wikimedia.org/wikipedia/commons/thumb/2/2b/Programme_is_Ready.jpg/960px-Programme_is_Ready.jpg,false,https://commons.wikimedia.org/wiki/File:Programme_is_Ready.jpg,false,,data/capture_batch_postwar_commons_open_image_1945_2026_raw/commons_indonesian_poster_open_images_0.json,2026-06-02,expected,ok,open_image_frame,Poster Wikisource Conference 2025,Poster Wikisource Conference 2025,Programme is Ready.jpg is an openly licensed postwar Commons image record. Poster Wikisource Conference 2025,Postwar Commons open-image supplement for visual anchors. Commons is used as a rights-visible display layer and must not replace the original holding or creator source.,"Selected by targeted postwar Commons query, open-license metadata, duplicate exclusion, and year evidence from title/description/category fields rather than scan/upload date.",Commons metadata is user-maintained; verify object date and original institutional source before treating this as authority evidence.,Wikimedia Commons. Programme is Ready.jpg. https://commons.wikimedia.org/wiki/File:Programme_is_Ready.jpg. Accessed 2026-06-02.
