surface_id,source_record_id,source_record_url,title,best_image_state,weighted_gap_points,local_record_found,local_capture_id,local_record_file,local_image_state,local_rights_review_required,local_rights_text_excerpt,raw_record_found,raw_rights_uri,raw_rights_text_excerpt,raw_rights_signal,rights_signal,future_action,upgrade_recommendation,automatic_upgrade_allowed,iiif_or_viewer_available,image_url_detected_excerpt
SURF-GSU2026R046,popcul:1731,https://digitalcollections.library.gsu.edu/digital/collection/popcul/id/1731,"""Mixtitlan,"" by Philip Boehm, silent auction catalog for an ""Opening Night Fiesta,""at 7 Stages Theatre, Atlanta, Georgia, May 7, 1999. (14 pages)",IMG02,0.45,true,GSU2026R046,data/capture_batch_gsu_contentdm_image_ready_1971_2026_records.csv,IMG02,true,GSU CONTENTdm item exposes a source-hosted IIIF image/thumbnail; use source-linked display and keep item-level rights visible.,true,,"This Item is protected by copyright and/or related rights. You are free to use this Item in any way that is permitted by the copyright and related rights legislation that applies to your use. In addition, no permission is required from...",raw_blocking_or_permission_rights_signal,blocked_by_raw_copyright_or_permission_signal,keep_img02_pending_explicit_open_rights,no_upgrade,false,https://digitalcollections.library.gsu.edu/digital/collection/popcul/id/1731,https://digitalcollections.library.gsu.edu/iiif/2/popcul:1731/full/full/0/default.jpg
SURF-GSU2026R029,AFLCIO:44399,https://digitalcollections.library.gsu.edu/digital/collection/AFLCIO/id/44399,"A. Philip Randolph Institute, correspondence and printed materials, 1982-1983",IMG02,0.45,true,GSU2026R029,data/capture_batch_gsu_contentdm_image_ready_1971_2026_records.csv,IMG02,true,GSU CONTENTdm item exposes a source-hosted IIIF image/thumbnail; use source-linked display and keep item-level rights visible.,true,http://rightsstatements.org/vocab/InC-EDU/1.0,,raw_blocking_or_permission_rights_signal,blocked_by_raw_copyright_or_permission_signal,keep_img02_pending_explicit_open_rights,no_upgrade,false,https://digitalcollections.library.gsu.edu/digital/collection/AFLCIO/id/44399,https://digitalcollections.library.gsu.edu/iiif/2/AFLCIO:44399/full/full/0/default.jpg
SURF-GSU2026R030,AFLCIO:111802,https://digitalcollections.library.gsu.edu/digital/collection/AFLCIO/id/111802,"ACTWU, Deep South Region, 1982-1988",IMG02,0.45,true,GSU2026R030,data/capture_batch_gsu_contentdm_image_ready_1971_2026_records.csv,IMG02,true,GSU CONTENTdm item exposes a source-hosted IIIF image/thumbnail; use source-linked display and keep item-level rights visible.,true,http://rightsstatements.org/vocab/InC-EDU/1.0,,raw_blocking_or_permission_rights_signal,blocked_by_raw_copyright_or_permission_signal,keep_img02_pending_explicit_open_rights,no_upgrade,false,https://digitalcollections.library.gsu.edu/digital/collection/AFLCIO/id/111802,https://digitalcollections.library.gsu.edu/digital/api/singleitem/image/AFLCIO/111802/default.jpg
SURF-GSU1970R009,IAM:103194,https://digitalcollections.library.gsu.edu/digital/collection/IAM/id/103194,"Aero Mechanic, 1942-10-15",IMG02,0.45,true,GSU1970R009,data/capture_batch_gsu_contentdm_image_ready_1830_1970_records.csv,IMG02,true,GSU CONTENTdm item exposes a source-hosted IIIF image/thumbnail; use source-linked display and keep item-level rights visible.,true,,"This Item is protected by copyright and/or related rights. You are free to use this Item in any way that is permitted by the copyright and related rights legislation that applies to your use. In addition, no permission is required from...",raw_blocking_or_permission_rights_signal,blocked_by_raw_copyright_or_permission_signal,keep_img02_pending_explicit_open_rights,no_upgrade,false,https://digitalcollections.library.gsu.edu/digital/collection/IAM/id/103194,https://digitalcollections.library.gsu.edu/iiif/2/IAM:103194/full/full/0/default.jpg
SURF-GSU2026R005,arwg:5178,https://digitalcollections.library.gsu.edu/digital/collection/arwg/id/5178,"American Association of University Women scrapbook 3, 1965-1975 1990",IMG02,0.45,true,GSU2026R005,data/capture_batch_gsu_contentdm_image_ready_1971_2026_records.csv,IMG02,true,GSU CONTENTdm item exposes a source-hosted IIIF image/thumbnail; use source-linked display and keep item-level rights visible.,true,http://rightsstatements.org/vocab/InC-EDU/1.0/,"These materials, gathered by the donor from many sources, have been digitized for preservation purposes and are being made available on the Internet for scholarship, educational, and personal use only. These materials document a thematic...",raw_blocking_or_permission_rights_signal,blocked_by_raw_copyright_or_permission_signal,keep_img02_pending_explicit_open_rights,no_upgrade,false,https://digitalcollections.library.gsu.edu/digital/collection/arwg/id/5178,https://digitalcollections.library.gsu.edu/iiif/2/arwg:5178/full/full/0/default.jpg
SURF-GSU1970R015,SKennedy:13393,https://digitalcollections.library.gsu.edu/digital/collection/SKennedy/id/13393,"Anti-CIO political poster from Eastman, Georgia, circa 1946.",IMG02,0.45,true,GSU1970R015,data/capture_batch_gsu_contentdm_image_ready_1830_1970_records.csv,IMG02,true,GSU CONTENTdm item exposes a source-hosted IIIF image/thumbnail; use source-linked display and keep item-level rights visible.,true,,"This Item is protected by copyright and/or related rights. You are free to use this Item in any way that is permitted by the copyright and related rights legislation that applies to your use. In addition, no permission is required from...",raw_blocking_or_permission_rights_signal,blocked_by_raw_copyright_or_permission_signal,keep_img02_pending_explicit_open_rights,no_upgrade,false,https://digitalcollections.library.gsu.edu/digital/collection/SKennedy/id/13393,https://digitalcollections.library.gsu.edu/iiif/2/SKennedy:13393/full/full/0/default.jpg
SURF-GSU2026R003,SKennedy:335,https://digitalcollections.library.gsu.edu/digital/collection/SKennedy/id/335,"Biographical information, 1939-1981; undated",IMG02,0.45,true,GSU2026R003,data/capture_batch_gsu_contentdm_image_ready_1971_2026_records.csv,IMG02,true,GSU CONTENTdm item exposes a source-hosted IIIF image/thumbnail; use source-linked display and keep item-level rights visible.,true,,"This Item is protected by copyright and/or related rights. You are free to use this Item in any way that is permitted by the copyright and related rights legislation that applies to your use. In addition, no permission is required from...",raw_blocking_or_permission_rights_signal,blocked_by_raw_copyright_or_permission_signal,keep_img02_pending_explicit_open_rights,no_upgrade,false,https://digitalcollections.library.gsu.edu/digital/collection/SKennedy/id/335,https://digitalcollections.library.gsu.edu/iiif/2/SKennedy:335/full/full/0/default.jpg
SURF-GSU2026R016,arwg:29996,https://digitalcollections.library.gsu.edu/digital/collection/arwg/id/29996,"Career Counseling, undated",IMG02,0.45,true,GSU2026R016,data/capture_batch_gsu_contentdm_image_ready_1971_2026_records.csv,IMG02,true,GSU CONTENTdm item exposes a source-hosted IIIF image/thumbnail; use source-linked display and keep item-level rights visible.,true,http://rightsstatements.org/vocab/InC-EDU/1.0/,,raw_blocking_or_permission_rights_signal,blocked_by_raw_copyright_or_permission_signal,keep_img02_pending_explicit_open_rights,no_upgrade,false,https://digitalcollections.library.gsu.edu/digital/collection/arwg/id/29996,https://digitalcollections.library.gsu.edu/iiif/2/arwg:29996/full/full/0/default.jpg
SURF-GSU2026R017,CLATL:7094,https://digitalcollections.library.gsu.edu/digital/collection/CLATL/id/7094,"Creative Loafing, 1975-07-12",IMG02,0.45,true,GSU2026R017,data/capture_batch_gsu_contentdm_image_ready_1971_2026_records.csv,IMG02,true,GSU CONTENTdm item exposes a source-hosted IIIF image/thumbnail; use source-linked display and keep item-level rights visible.,true,https://rightsstatements.org/vocab/InC-NC/1.0/;,,raw_blocking_or_permission_rights_signal,blocked_by_raw_copyright_or_permission_signal,keep_img02_pending_explicit_open_rights,no_upgrade,false,https://digitalcollections.library.gsu.edu/digital/collection/CLATL/id/7094,https://digitalcollections.library.gsu.edu/iiif/2/CLATL:7094/full/full/0/default.jpg
SURF-GSU1970R026,labor:4462,https://digitalcollections.library.gsu.edu/digital/collection/labor/id/4462,"Dean Girardot scrapbook 1 (J.P. Stevens and Co. campaign), 1963-1965",IMG02,0.45,true,GSU1970R026,data/capture_batch_gsu_contentdm_image_ready_1830_1970_records.csv,IMG02,true,GSU CONTENTdm item exposes a source-hosted IIIF image/thumbnail; use source-linked display and keep item-level rights visible.,true,,"This Item is protected by copyright and/or related rights. You are free to use this Item in any way that is permitted by the copyright and related rights legislation that applies to your use. In addition, no permission is required from...",raw_blocking_or_permission_rights_signal,blocked_by_raw_copyright_or_permission_signal,keep_img02_pending_explicit_open_rights,no_upgrade,false,https://digitalcollections.library.gsu.edu/digital/collection/labor/id/4462,https://digitalcollections.library.gsu.edu/iiif/2/labor:4462/full/full/0/default.jpg
SURF-GSU2026R024,PATCO:121742,https://digitalcollections.library.gsu.edu/digital/collection/PATCO/id/121742,"Eastern Region Public Relations Program Facility Manual, 1979",IMG02,0.45,true,GSU2026R024,data/capture_batch_gsu_contentdm_image_ready_1971_2026_records.csv,IMG02,true,GSU CONTENTdm item exposes a source-hosted IIIF image/thumbnail; use source-linked display and keep item-level rights visible.,true,,"This Item is protected by copyright and/or related rights. You are free to use this Item in any way that is permitted by the copyright and related rights legislation that applies to your use. In addition, no permission is required from...",raw_blocking_or_permission_rights_signal,blocked_by_raw_copyright_or_permission_signal,keep_img02_pending_explicit_open_rights,no_upgrade,false,https://digitalcollections.library.gsu.edu/digital/collection/PATCO/id/121742,https://digitalcollections.library.gsu.edu/iiif/2/PATCO:121742/full/full/0/default.jpg
SURF-GSU2026R006,AFLCIO:99083,https://digitalcollections.library.gsu.edu/digital/collection/AFLCIO/id/99083,Equal Employment Opportunity Commission,IMG02,0.45,true,GSU2026R006,data/capture_batch_gsu_contentdm_image_ready_1971_2026_records.csv,IMG02,true,GSU CONTENTdm item exposes a source-hosted IIIF image/thumbnail; use source-linked display and keep item-level rights visible.,true,http://rightsstatements.org/vocab/InC-EDU/1.0,,raw_blocking_or_permission_rights_signal,blocked_by_raw_copyright_or_permission_signal,keep_img02_pending_explicit_open_rights,no_upgrade,false,https://digitalcollections.library.gsu.edu/digital/collection/AFLCIO/id/99083,https://digitalcollections.library.gsu.edu/iiif/2/AFLCIO:99083/full/full/0/default.jpg
SURF-GSU2026R010,PATCO:127291,https://digitalcollections.library.gsu.edu/digital/collection/PATCO/id/127291,"Executive Board Memoranda, 1971-1972",IMG02,0.45,true,GSU2026R010,data/capture_batch_gsu_contentdm_image_ready_1971_2026_records.csv,IMG02,true,GSU CONTENTdm item exposes a source-hosted IIIF image/thumbnail; use source-linked display and keep item-level rights visible.,true,,"This Item is protected by copyright and/or related rights. You are free to use this Item in any way that is permitted by the copyright and related rights legislation that applies to your use. In addition, no permission is required from...",raw_blocking_or_permission_rights_signal,blocked_by_raw_copyright_or_permission_signal,keep_img02_pending_explicit_open_rights,no_upgrade,false,https://digitalcollections.library.gsu.edu/digital/collection/PATCO/id/127291,https://digitalcollections.library.gsu.edu/iiif/2/PATCO:127291/full/full/0/default.jpg
SURF-GSU2026R022,PATCO:82361,https://digitalcollections.library.gsu.edu/digital/collection/PATCO/id/82361,"Fair Labor Standards Act, General Correspondence, 1977-1980",IMG02,0.45,true,GSU2026R022,data/capture_batch_gsu_contentdm_image_ready_1971_2026_records.csv,IMG02,true,GSU CONTENTdm item exposes a source-hosted IIIF image/thumbnail; use source-linked display and keep item-level rights visible.,true,,"This Item is protected by copyright and/or related rights. You are free to use this Item in any way that is permitted by the copyright and related rights legislation that applies to your use. In addition, no permission is required from...",raw_blocking_or_permission_rights_signal,blocked_by_raw_copyright_or_permission_signal,keep_img02_pending_explicit_open_rights,no_upgrade,false,https://digitalcollections.library.gsu.edu/digital/collection/PATCO/id/82361,https://digitalcollections.library.gsu.edu/iiif/2/PATCO:82361/full/full/0/default.jpg
SURF-GSU2026R023,gpc:11892,https://digitalcollections.library.gsu.edu/digital/collection/gpc/id/11892,"Focus, 1977-03-03",IMG02,0.45,true,GSU2026R023,data/capture_batch_gsu_contentdm_image_ready_1971_2026_records.csv,IMG02,true,GSU CONTENTdm item exposes a source-hosted IIIF image/thumbnail; use source-linked display and keep item-level rights visible.,true,,"Copyright to this item is owned by Georgia State University. Georgia State University has made this item available under a Creative Commons Attribution 4.0 International License. For more information, see...",raw_blocking_or_permission_rights_signal,blocked_by_raw_copyright_or_permission_signal,keep_img02_pending_explicit_open_rights,no_upgrade,false,https://digitalcollections.library.gsu.edu/digital/collection/gpc/id/11892,https://digitalcollections.library.gsu.edu/iiif/2/gpc:11892/full/full/0/default.jpg
SURF-GSU2026R031,gae:3971,https://digitalcollections.library.gsu.edu/digital/collection/gae/id/3971,"GAE Update, 1982-04",IMG02,0.45,true,GSU2026R031,data/capture_batch_gsu_contentdm_image_ready_1971_2026_records.csv,IMG02,true,GSU CONTENTdm item exposes a source-hosted IIIF image/thumbnail; use source-linked display and keep item-level rights visible.,true,https://rightsstatements.org/vocab/InC-EDU/1.0/,"This Item is protected by copyright and/or related rights. You are free to use this Item in any way that is permitted by the copyright and related rights legislation that applies to your use. In addition, no permission is required from...",raw_blocking_or_permission_rights_signal,blocked_by_raw_copyright_or_permission_signal,keep_img02_pending_explicit_open_rights,no_upgrade,false,https://digitalcollections.library.gsu.edu/digital/collection/gae/id/3971,https://digitalcollections.library.gsu.edu/iiif/2/gae:3971/full/full/0/default.jpg
SURF-GSU2026R018,gawl:639,https://digitalcollections.library.gsu.edu/digital/collection/gawl/id/639,"Georgia Association for Women Lawyers scrapbook, 1970s-2000s",IMG02,0.45,true,GSU2026R018,data/capture_batch_gsu_contentdm_image_ready_1971_2026_records.csv,IMG02,true,GSU CONTENTdm item exposes a source-hosted IIIF image/thumbnail; use source-linked display and keep item-level rights visible.,true,http://rightsstatements.org/vocab/InC-EDU/1.0/,"These materials, gathered by the donor from many sources, have been digitized for preservation purposes and are being made available on the Internet for scholarship, educational, and personal use only. These materials document a thematic...",raw_blocking_or_permission_rights_signal,blocked_by_raw_copyright_or_permission_signal,keep_img02_pending_explicit_open_rights,no_upgrade,false,https://digitalcollections.library.gsu.edu/digital/collection/gawl/id/639,https://digitalcollections.library.gsu.edu/iiif/2/gawl:639/full/full/0/default.jpg
SURF-GSU1970R001,gae:14225,https://digitalcollections.library.gsu.edu/digital/collection/gae/id/14225,"Georgia Education Journal, 1931-04",IMG02,0.45,true,GSU1970R001,data/capture_batch_gsu_contentdm_image_ready_1830_1970_records.csv,IMG02,true,GSU CONTENTdm item exposes a source-hosted IIIF image/thumbnail; use source-linked display and keep item-level rights visible.,true,https://rightsstatements.org/vocab/InC-EDU/1.0/,"This Item is protected by copyright and/or related rights. You are free to use this Item in any way that is permitted by the copyright and related rights legislation that applies to your use. In addition, no permission is required from...",raw_blocking_or_permission_rights_signal,blocked_by_raw_copyright_or_permission_signal,keep_img02_pending_explicit_open_rights,no_upgrade,false,https://digitalcollections.library.gsu.edu/digital/collection/gae/id/14225,https://digitalcollections.library.gsu.edu/iiif/2/gae:14225/full/full/0/default.jpg
SURF-GSU1970R002,gae:18473,https://digitalcollections.library.gsu.edu/digital/collection/gae/id/18473,"Georgia Education Journal, 1932-02",IMG02,0.45,true,GSU1970R002,data/capture_batch_gsu_contentdm_image_ready_1830_1970_records.csv,IMG02,true,GSU CONTENTdm item exposes a source-hosted IIIF image/thumbnail; use source-linked display and keep item-level rights visible.,true,https://rightsstatements.org/vocab/InC-EDU/1.0/,"This Item is protected by copyright and/or related rights. You are free to use this Item in any way that is permitted by the copyright and related rights legislation that applies to your use. In addition, no permission is required from...",raw_blocking_or_permission_rights_signal,blocked_by_raw_copyright_or_permission_signal,keep_img02_pending_explicit_open_rights,no_upgrade,false,https://digitalcollections.library.gsu.edu/digital/collection/gae/id/18473,https://digitalcollections.library.gsu.edu/iiif/2/gae:18473/full/full/0/default.jpg
SURF-GSU1970R003,gae:17969,https://digitalcollections.library.gsu.edu/digital/collection/gae/id/17969,"Georgia Education Journal, 1932-03",IMG02,0.45,true,GSU1970R003,data/capture_batch_gsu_contentdm_image_ready_1830_1970_records.csv,IMG02,true,GSU CONTENTdm item exposes a source-hosted IIIF image/thumbnail; use source-linked display and keep item-level rights visible.,true,https://rightsstatements.org/vocab/InC-EDU/1.0/,"This Item is protected by copyright and/or related rights. You are free to use this Item in any way that is permitted by the copyright and related rights legislation that applies to your use. In addition, no permission is required from...",raw_blocking_or_permission_rights_signal,blocked_by_raw_copyright_or_permission_signal,keep_img02_pending_explicit_open_rights,no_upgrade,false,https://digitalcollections.library.gsu.edu/digital/collection/gae/id/17969,https://digitalcollections.library.gsu.edu/iiif/2/gae:17969/full/full/0/default.jpg
SURF-GSU1970R004,gae:17667,https://digitalcollections.library.gsu.edu/digital/collection/gae/id/17667,"Georgia Education Journal, 1932-04",IMG02,0.45,true,GSU1970R004,data/capture_batch_gsu_contentdm_image_ready_1830_1970_records.csv,IMG02,true,GSU CONTENTdm item exposes a source-hosted IIIF image/thumbnail; use source-linked display and keep item-level rights visible.,true,https://rightsstatements.org/vocab/InC-EDU/1.0/,"This Item is protected by copyright and/or related rights. You are free to use this Item in any way that is permitted by the copyright and related rights legislation that applies to your use. In addition, no permission is required from...",raw_blocking_or_permission_rights_signal,blocked_by_raw_copyright_or_permission_signal,keep_img02_pending_explicit_open_rights,no_upgrade,false,https://digitalcollections.library.gsu.edu/digital/collection/gae/id/17667,https://digitalcollections.library.gsu.edu/iiif/2/gae:17667/full/full/0/default.jpg
SURF-GSU1970R010,gae:19446,https://digitalcollections.library.gsu.edu/digital/collection/gae/id/19446,"Georgia Education Journal, 1942-05",IMG02,0.45,true,GSU1970R010,data/capture_batch_gsu_contentdm_image_ready_1830_1970_records.csv,IMG02,true,GSU CONTENTdm item exposes a source-hosted IIIF image/thumbnail; use source-linked display and keep item-level rights visible.,true,https://rightsstatements.org/vocab/InC-EDU/1.0/,"This Item is protected by copyright and/or related rights. You are free to use this Item in any way that is permitted by the copyright and related rights legislation that applies to your use. In addition, no permission is required from...",raw_blocking_or_permission_rights_signal,blocked_by_raw_copyright_or_permission_signal,keep_img02_pending_explicit_open_rights,no_upgrade,false,https://digitalcollections.library.gsu.edu/digital/collection/gae/id/19446,https://digitalcollections.library.gsu.edu/iiif/2/gae:19446/full/full/0/default.jpg
SURF-GSU1970R019,gae:8258,https://digitalcollections.library.gsu.edu/digital/collection/gae/id/8258,"Georgia Education Journal, 1952-04",IMG02,0.45,true,GSU1970R019,data/capture_batch_gsu_contentdm_image_ready_1830_1970_records.csv,IMG02,true,GSU CONTENTdm item exposes a source-hosted IIIF image/thumbnail; use source-linked display and keep item-level rights visible.,true,https://rightsstatements.org/vocab/InC-EDU/1.0/,"This Item is protected by copyright and/or related rights. You are free to use this Item in any way that is permitted by the copyright and related rights legislation that applies to your use. In addition, no permission is required from...",raw_blocking_or_permission_rights_signal,blocked_by_raw_copyright_or_permission_signal,keep_img02_pending_explicit_open_rights,no_upgrade,false,https://digitalcollections.library.gsu.edu/digital/collection/gae/id/8258,https://digitalcollections.library.gsu.edu/iiif/2/gae:8258/full/full/0/default.jpg
SURF-GSU1970R028,signal:10378,https://digitalcollections.library.gsu.edu/digital/collection/signal/id/10378,"Georgia State College Signal, 1968-10-10",IMG02,0.45,true,GSU1970R028,data/capture_batch_gsu_contentdm_image_ready_1830_1970_records.csv,IMG02,true,GSU CONTENTdm item exposes a source-hosted IIIF image/thumbnail; use source-linked display and keep item-level rights visible.,true,,"This Item is protected by copyright and/or related rights. You are free to use this Item in any way that is permitted by the copyright and related rights legislation that applies to your use. In addition, no permission is required from...",raw_blocking_or_permission_rights_signal,blocked_by_raw_copyright_or_permission_signal,keep_img02_pending_explicit_open_rights,no_upgrade,false,https://digitalcollections.library.gsu.edu/digital/collection/signal/id/10378,https://digitalcollections.library.gsu.edu/iiif/2/signal:10378/full/full/0/default.jpg
SURF-GSU1970R021,signal:2622,https://digitalcollections.library.gsu.edu/digital/collection/signal/id/2622,"Georgia State Signal, 1960-02-02",IMG02,0.45,true,GSU1970R021,data/capture_batch_gsu_contentdm_image_ready_1830_1970_records.csv,IMG02,true,GSU CONTENTdm item exposes a source-hosted IIIF image/thumbnail; use source-linked display and keep item-level rights visible.,true,,"This Item is protected by copyright and/or related rights. You are free to use this Item in any way that is permitted by the copyright and related rights legislation that applies to your use. In addition, no permission is required from...",raw_blocking_or_permission_rights_signal,blocked_by_raw_copyright_or_permission_signal,keep_img02_pending_explicit_open_rights,no_upgrade,false,https://digitalcollections.library.gsu.edu/digital/collection/signal/id/2622,https://digitalcollections.library.gsu.edu/iiif/2/signal:2622/full/full/0/default.jpg
SURF-GSU2026R047,signal:45927,https://digitalcollections.library.gsu.edu/digital/collection/signal/id/45927,"Georgia State University Signal, 2002-10-15",IMG02,0.45,true,GSU2026R047,data/capture_batch_gsu_contentdm_image_ready_1971_2026_records.csv,IMG02,true,GSU CONTENTdm item exposes a source-hosted IIIF image/thumbnail; use source-linked display and keep item-level rights visible.,true,,"This Item is protected by copyright and/or related rights. You are free to use this Item in any way that is permitted by the copyright and related rights legislation that applies to your use. In addition, no permission is required from...",raw_blocking_or_permission_rights_signal,blocked_by_raw_copyright_or_permission_signal,keep_img02_pending_explicit_open_rights,no_upgrade,false,https://digitalcollections.library.gsu.edu/digital/collection/signal/id/45927,https://digitalcollections.library.gsu.edu/iiif/2/signal:45927/full/full/0/default.jpg
SURF-GSU1970R030,GSB:532,https://digitalcollections.library.gsu.edu/digital/collection/GSB/id/532,"Great Speckled Bird v. 1 no. 32 [33] (February 7, 1969)",IMG02,0.45,true,GSU1970R030,data/capture_batch_gsu_contentdm_image_ready_1830_1970_records.csv,IMG02,true,GSU CONTENTdm item exposes a source-hosted IIIF image/thumbnail; use source-linked display and keep item-level rights visible.,true,,"This Item is protected by copyright and/or related rights. You are free to use this Item in any way that is permitted by the copyright and related rights legislation that applies to your use. In addition, no permission is required from...",raw_blocking_or_permission_rights_signal,blocked_by_raw_copyright_or_permission_signal,keep_img02_pending_explicit_open_rights,no_upgrade,false,https://digitalcollections.library.gsu.edu/digital/collection/GSB/id/532,https://digitalcollections.library.gsu.edu/iiif/2/GSB:532/full/full/0/default.jpg
SURF-GSU1970R029,GSB:10114,https://digitalcollections.library.gsu.edu/digital/collection/GSB/id/10114,"Great Speckled Bird v. 1 no. 4 (April 26, 1968)",IMG02,0.45,true,GSU1970R029,data/capture_batch_gsu_contentdm_image_ready_1830_1970_records.csv,IMG02,true,GSU CONTENTdm item exposes a source-hosted IIIF image/thumbnail; use source-linked display and keep item-level rights visible.,true,,"This Item is protected by copyright and/or related rights. You are free to use this Item in any way that is permitted by the copyright and related rights legislation that applies to your use. In addition, no permission is required from...",raw_blocking_or_permission_rights_signal,blocked_by_raw_copyright_or_permission_signal,keep_img02_pending_explicit_open_rights,no_upgrade,false,https://digitalcollections.library.gsu.edu/digital/collection/GSB/id/10114,https://digitalcollections.library.gsu.edu/iiif/2/GSB:10114/full/full/0/default.jpg
SURF-GSU1970R031,GSB:1093,https://digitalcollections.library.gsu.edu/digital/collection/GSB/id/1093,"Great Speckled Bird v. 2 no. 23 (August 18, 1969)",IMG02,0.45,true,GSU1970R031,data/capture_batch_gsu_contentdm_image_ready_1830_1970_records.csv,IMG02,true,GSU CONTENTdm item exposes a source-hosted IIIF image/thumbnail; use source-linked display and keep item-level rights visible.,true,,"This Item is protected by copyright and/or related rights. You are free to use this Item in any way that is permitted by the copyright and related rights legislation that applies to your use. In addition, no permission is required from...",raw_blocking_or_permission_rights_signal,blocked_by_raw_copyright_or_permission_signal,keep_img02_pending_explicit_open_rights,no_upgrade,false,https://digitalcollections.library.gsu.edu/digital/collection/GSB/id/1093,https://digitalcollections.library.gsu.edu/iiif/2/GSB:1093/full/full/0/default.jpg
SURF-GSU1970R032,GSB:1511,https://digitalcollections.library.gsu.edu/digital/collection/GSB/id/1511,"Great Speckled Bird v. 2 no. 39 (December 8, 1969)",IMG02,0.45,true,GSU1970R032,data/capture_batch_gsu_contentdm_image_ready_1830_1970_records.csv,IMG02,true,GSU CONTENTdm item exposes a source-hosted IIIF image/thumbnail; use source-linked display and keep item-level rights visible.,true,,"This Item is protected by copyright and/or related rights. You are free to use this Item in any way that is permitted by the copyright and related rights legislation that applies to your use. In addition, no permission is required from...",raw_blocking_or_permission_rights_signal,blocked_by_raw_copyright_or_permission_signal,keep_img02_pending_explicit_open_rights,no_upgrade,false,https://digitalcollections.library.gsu.edu/digital/collection/GSB/id/1511,https://digitalcollections.library.gsu.edu/iiif/2/GSB:1511/full/full/0/default.jpg
SURF-GSU1970R033,GSB:1903,https://digitalcollections.library.gsu.edu/digital/collection/GSB/id/1903,"Great Speckled Bird v. 3 no. 18 (May 4, 1970)",IMG02,0.45,true,GSU1970R033,data/capture_batch_gsu_contentdm_image_ready_1830_1970_records.csv,IMG02,true,GSU CONTENTdm item exposes a source-hosted IIIF image/thumbnail; use source-linked display and keep item-level rights visible.,true,,"This Item is protected by copyright and/or related rights. You are free to use this Item in any way that is permitted by the copyright and related rights legislation that applies to your use. In addition, no permission is required from...",raw_blocking_or_permission_rights_signal,blocked_by_raw_copyright_or_permission_signal,keep_img02_pending_explicit_open_rights,no_upgrade,false,https://digitalcollections.library.gsu.edu/digital/collection/GSB/id/1903,https://digitalcollections.library.gsu.edu/iiif/2/GSB:1903/full/full/0/default.jpg
SURF-GSU2026R013,GSB:4724,https://digitalcollections.library.gsu.edu/digital/collection/GSB/id/4724,"Great Speckled Bird v. 5 no. 26 (July 3, 1972)",IMG02,0.45,true,GSU2026R013,data/capture_batch_gsu_contentdm_image_ready_1971_2026_records.csv,IMG02,true,GSU CONTENTdm item exposes a source-hosted IIIF image/thumbnail; use source-linked display and keep item-level rights visible.,true,,"This Item is protected by copyright and/or related rights. You are free to use this Item in any way that is permitted by the copyright and related rights legislation that applies to your use. In addition, no permission is required from...",raw_blocking_or_permission_rights_signal,blocked_by_raw_copyright_or_permission_signal,keep_img02_pending_explicit_open_rights,no_upgrade,false,https://digitalcollections.library.gsu.edu/digital/collection/GSB/id/4724,https://digitalcollections.library.gsu.edu/iiif/2/GSB:4724/full/full/0/default.jpg
SURF-GSU2026R039,lgbtq:2085,https://digitalcollections.library.gsu.edu/digital/collection/lgbtq/id/2085,"HIV prescription medication, flyers, newspaper clippings, and information, 1987-1989",IMG02,0.45,true,GSU2026R039,data/capture_batch_gsu_contentdm_image_ready_1971_2026_records.csv,IMG02,true,GSU CONTENTdm item exposes a source-hosted IIIF image/thumbnail; use source-linked display and keep item-level rights visible.,true,,"This Item is protected by copyright and/or related rights. You are free to use this Item in any way that is permitted by the copyright and related rights legislation that applies to your use. In addition, no permission is required from...",raw_blocking_or_permission_rights_signal,blocked_by_raw_copyright_or_permission_signal,keep_img02_pending_explicit_open_rights,no_upgrade,false,https://digitalcollections.library.gsu.edu/digital/collection/lgbtq/id/2085,https://digitalcollections.library.gsu.edu/iiif/2/lgbtq:2085/full/full/0/default.jpg
SURF-GSU2026R049,IAM:85082,https://digitalcollections.library.gsu.edu/digital/collection/IAM/id/85082,"IAM Journal, 2008, Summer",IMG02,0.45,true,GSU2026R049,data/capture_batch_gsu_contentdm_image_ready_1971_2026_records.csv,IMG02,true,GSU CONTENTdm item exposes a source-hosted IIIF image/thumbnail; use source-linked display and keep item-level rights visible.,true,,"This Item is protected by copyright and/or related rights. You are free to use this Item in any way that is permitted by the copyright and related rights legislation that applies to your use. In addition, no permission is required from...",raw_blocking_or_permission_rights_signal,blocked_by_raw_copyright_or_permission_signal,keep_img02_pending_explicit_open_rights,no_upgrade,false,https://digitalcollections.library.gsu.edu/digital/collection/IAM/id/85082,https://digitalcollections.library.gsu.edu/iiif/2/IAM:85082/full/full/0/default.jpg
SURF-GSU1970R005,ugwa:42156,https://digitalcollections.library.gsu.edu/digital/collection/ugwa/id/42156,"Index card file for plants or locals in Washington, D.C., 1936",IMG02,0.45,true,GSU1970R005,data/capture_batch_gsu_contentdm_image_ready_1830_1970_records.csv,IMG02,true,GSU CONTENTdm item exposes a source-hosted IIIF image/thumbnail; use source-linked display and keep item-level rights visible.,true,http://rightsstatements.org/vocab/InC-EDU/1.0/,"This Item is protected by copyright and/or related rights. You are free to use this Item in any way that is permitted by the copyright and related rights legislation that applies to your use. In addition, no permission is required from...",raw_blocking_or_permission_rights_signal,blocked_by_raw_copyright_or_permission_signal,keep_img02_pending_explicit_open_rights,no_upgrade,false,https://digitalcollections.library.gsu.edu/digital/collection/ugwa/id/42156,https://digitalcollections.library.gsu.edu/iiif/2/ugwa:42156/full/full/0/default.jpg
SURF-GSU2026R001,lane:11520,https://digitalcollections.library.gsu.edu/digital/collection/lane/id/11520,"Inventory of unscanned negatives in the Lane Brothers photographic collection, Corporate bodies series (number 5 of 6",IMG02,0.45,true,GSU2026R001,data/capture_batch_gsu_contentdm_image_ready_1971_2026_records.csv,IMG02,true,GSU CONTENTdm item exposes a source-hosted IIIF image/thumbnail; use source-linked display and keep item-level rights visible.,true,,"This Item is protected by copyright and/or related rights. You are free to use this Item in any way that is permitted by the copyright and related rights legislation that applies to your use. In addition, no permission is required from...",raw_blocking_or_permission_rights_signal,blocked_by_raw_copyright_or_permission_signal,keep_img02_pending_explicit_open_rights,no_upgrade,false,https://digitalcollections.library.gsu.edu/digital/collection/lane/id/11520,https://digitalcollections.library.gsu.edu/iiif/2/lane:11520/full/full/0/default.jpg
SURF-GSU2026R002,lane:11552,https://digitalcollections.library.gsu.edu/digital/collection/lane/id/11552,"Inventory of unscanned negatives in the Lane Brothers photographic collection, Things series (number 2 of 2)",IMG02,0.45,true,GSU2026R002,data/capture_batch_gsu_contentdm_image_ready_1971_2026_records.csv,IMG02,true,GSU CONTENTdm item exposes a source-hosted IIIF image/thumbnail; use source-linked display and keep item-level rights visible.,true,,"This Item is protected by copyright and/or related rights. You are free to use this Item in any way that is permitted by the copyright and related rights legislation that applies to your use. In addition, no permission is required from...",raw_blocking_or_permission_rights_signal,blocked_by_raw_copyright_or_permission_signal,keep_img02_pending_explicit_open_rights,no_upgrade,false,https://digitalcollections.library.gsu.edu/digital/collection/lane/id/11552,https://digitalcollections.library.gsu.edu/iiif/2/lane:11552/full/full/0/default.jpg
SURF-GSU2026R051,printed:1185,https://digitalcollections.library.gsu.edu/digital/collection/printed/id/1185,Life As a Feminist in Georgia: A Personal Recollection,IMG02,0.45,true,GSU2026R051,data/capture_batch_gsu_contentdm_image_ready_1971_2026_records.csv,IMG02,true,GSU CONTENTdm item exposes a source-hosted IIIF image/thumbnail; use source-linked display and keep item-level rights visible.,true,,"This Item is protected by copyright and/or related rights. You are free to use this Item in any way that is permitted by the copyright and related rights legislation that applies to your use. In addition, no permission is required from...",raw_blocking_or_permission_rights_signal,blocked_by_raw_copyright_or_permission_signal,keep_img02_pending_explicit_open_rights,no_upgrade,false,https://digitalcollections.library.gsu.edu/digital/collection/printed/id/1185,https://digitalcollections.library.gsu.edu/iiif/2/printed:1185/full/full/0/default.jpg
SURF-GSU2026R034,arwg:13516,https://digitalcollections.library.gsu.edu/digital/collection/arwg/id/13516,"MCCL Newsletter, 1984-08",IMG02,0.45,true,GSU2026R034,data/capture_batch_gsu_contentdm_image_ready_1971_2026_records.csv,IMG02,true,GSU CONTENTdm item exposes a source-hosted IIIF image/thumbnail; use source-linked display and keep item-level rights visible.,true,https://rightsstatements.org/vocab/InC-EDU/1.0/,"This Item is protected by copyright and/or related rights. You are free to use this Item in any way that is permitted by the copyright and related rights legislation that applies to your use. In addition, no permission is required from...",raw_blocking_or_permission_rights_signal,blocked_by_raw_copyright_or_permission_signal,keep_img02_pending_explicit_open_rights,no_upgrade,false,https://digitalcollections.library.gsu.edu/digital/collection/arwg/id/13516,https://digitalcollections.library.gsu.edu/iiif/2/arwg:13516/full/full/0/default.jpg
SURF-GSU1970R006,IAM:46397,https://digitalcollections.library.gsu.edu/digital/collection/IAM/id/46397,"Machinists' Monthly Journal, 1936-01",IMG02,0.45,true,GSU1970R006,data/capture_batch_gsu_contentdm_image_ready_1830_1970_records.csv,IMG02,true,GSU CONTENTdm item exposes a source-hosted IIIF image/thumbnail; use source-linked display and keep item-level rights visible.,true,,"This Item is protected by copyright and/or related rights. You are free to use this Item in any way that is permitted by the copyright and related rights legislation that applies to your use. In addition, no permission is required from...",raw_blocking_or_permission_rights_signal,blocked_by_raw_copyright_or_permission_signal,keep_img02_pending_explicit_open_rights,no_upgrade,false,https://digitalcollections.library.gsu.edu/digital/collection/IAM/id/46397,https://digitalcollections.library.gsu.edu/iiif/2/IAM:46397/full/full/0/default.jpg
SURF-GSU1970R011,IAM:24614,https://digitalcollections.library.gsu.edu/digital/collection/IAM/id/24614,"Machinists' Monthly Journal, 1942-03",IMG02,0.45,true,GSU1970R011,data/capture_batch_gsu_contentdm_image_ready_1830_1970_records.csv,IMG02,true,GSU CONTENTdm item exposes a source-hosted IIIF image/thumbnail; use source-linked display and keep item-level rights visible.,true,,"This Item is protected by copyright and/or related rights. You are free to use this Item in any way that is permitted by the copyright and related rights legislation that applies to your use. In addition, no permission is required from...",raw_blocking_or_permission_rights_signal,blocked_by_raw_copyright_or_permission_signal,keep_img02_pending_explicit_open_rights,no_upgrade,false,https://digitalcollections.library.gsu.edu/digital/collection/IAM/id/24614,https://digitalcollections.library.gsu.edu/iiif/2/IAM:24614/full/full/0/default.jpg
SURF-GSU1970R020,IAM:20547,https://digitalcollections.library.gsu.edu/digital/collection/IAM/id/20547,"Machinists' Monthly Journal, 1952-08",IMG02,0.45,true,GSU1970R020,data/capture_batch_gsu_contentdm_image_ready_1830_1970_records.csv,IMG02,true,GSU CONTENTdm item exposes a source-hosted IIIF image/thumbnail; use source-linked display and keep item-level rights visible.,true,,"This Item is protected by copyright and/or related rights. You are free to use this Item in any way that is permitted by the copyright and related rights legislation that applies to your use. In addition, no permission is required from...",raw_blocking_or_permission_rights_signal,blocked_by_raw_copyright_or_permission_signal,keep_img02_pending_explicit_open_rights,no_upgrade,false,https://digitalcollections.library.gsu.edu/digital/collection/IAM/id/20547,https://digitalcollections.library.gsu.edu/iiif/2/IAM:20547/full/full/0/default.jpg
SURF-GSU1970R017,labor:3896,https://digitalcollections.library.gsu.edu/digital/collection/labor/id/3896,"Man and poster encouraging union members to vote at a CIO Constitutional Convention, Chicago, Illinois, November 1950.",IMG02,0.45,true,GSU1970R017,data/capture_batch_gsu_contentdm_image_ready_1830_1970_records.csv,IMG02,true,GSU CONTENTdm item exposes a source-hosted IIIF image/thumbnail; use source-linked display and keep item-level rights visible.,true,,"This Item is protected by copyright and/or related rights. You are free to use this Item in any way that is permitted by the copyright and related rights legislation that applies to your use. In addition, no permission is required from...",raw_blocking_or_permission_rights_signal,blocked_by_raw_copyright_or_permission_signal,keep_img02_pending_explicit_open_rights,no_upgrade,false,https://digitalcollections.library.gsu.edu/digital/collection/labor/id/3896,https://digitalcollections.library.gsu.edu/iiif/2/labor:3896/full/full/0/default.jpg
SURF-GSU2026R032,arwg:13932,https://digitalcollections.library.gsu.edu/digital/collection/arwg/id/13932,"March for Life, 1983-09",IMG02,0.45,true,GSU2026R032,data/capture_batch_gsu_contentdm_image_ready_1971_2026_records.csv,IMG02,true,GSU CONTENTdm item exposes a source-hosted IIIF image/thumbnail; use source-linked display and keep item-level rights visible.,true,https://rightsstatements.org/vocab/InC-EDU/1.0/,"This Item is protected by copyright and/or related rights. You are free to use this Item in any way that is permitted by the copyright and related rights legislation that applies to your use. In addition, no permission is required from...",raw_blocking_or_permission_rights_signal,blocked_by_raw_copyright_or_permission_signal,keep_img02_pending_explicit_open_rights,no_upgrade,false,https://digitalcollections.library.gsu.edu/digital/collection/arwg/id/13932,https://digitalcollections.library.gsu.edu/iiif/2/arwg:13932/full/full/0/default.jpg
SURF-GSU1970R016,popmusic:1589,https://digitalcollections.library.gsu.edu/digital/collection/popmusic/id/1589,Margaret Whiting scrapbook 3,IMG02,0.45,true,GSU1970R016,data/capture_batch_gsu_contentdm_image_ready_1830_1970_records.csv,IMG02,true,GSU CONTENTdm item exposes a source-hosted IIIF image/thumbnail; use source-linked display and keep item-level rights visible.,true,,"This Item is protected by copyright and/or related rights. You are free to use this Item in any way that is permitted by the copyright and related rights legislation that applies to your use. In addition, no permission is required from...",raw_blocking_or_permission_rights_signal,blocked_by_raw_copyright_or_permission_signal,keep_img02_pending_explicit_open_rights,no_upgrade,false,https://digitalcollections.library.gsu.edu/digital/collection/popmusic/id/1589,https://digitalcollections.library.gsu.edu/digital/api/singleitem/image/popmusic/1589/default.jpg
SURF-GSU2026R011,gpc:9099,https://digitalcollections.library.gsu.edu/digital/collection/gpc/id/9099,"Open Door, 1971-03",IMG02,0.45,true,GSU2026R011,data/capture_batch_gsu_contentdm_image_ready_1971_2026_records.csv,IMG02,true,GSU CONTENTdm item exposes a source-hosted IIIF image/thumbnail; use source-linked display and keep item-level rights visible.,true,,"Copyright to this item is owned by Georgia State University. Georgia State University has made this item available under a Creative Commons Attribution 4.0 International License. For more information, see...",raw_blocking_or_permission_rights_signal,blocked_by_raw_copyright_or_permission_signal,keep_img02_pending_explicit_open_rights,no_upgrade,false,https://digitalcollections.library.gsu.edu/digital/collection/gpc/id/9099,https://digitalcollections.library.gsu.edu/iiif/2/gpc:9099/full/full/0/default.jpg
SURF-GSU2026R025,ajc:2520,https://digitalcollections.library.gsu.edu/digital/collection/ajc/id/2520,"Otto Kleiman and Anne Cox Chambers presenting Georgia Governor Busbee with a Bio-Energy '80, World Congress poster, Atlanta, Georgia, November 27, 1979.",IMG02,0.45,true,GSU2026R025,data/capture_batch_gsu_contentdm_image_ready_1971_2026_records.csv,IMG02,true,GSU CONTENTdm item exposes a source-hosted IIIF image/thumbnail; use source-linked display and keep item-level rights visible.,true,,"This Item is protected by copyright and/or related rights. You are free to use this Item in any way that is permitted by the copyright and related rights legislation that applies to your use. In addition, no permission is required from...",raw_blocking_or_permission_rights_signal,blocked_by_raw_copyright_or_permission_signal,keep_img02_pending_explicit_open_rights,no_upgrade,false,https://digitalcollections.library.gsu.edu/digital/collection/ajc/id/2520,https://digitalcollections.library.gsu.edu/iiif/2/ajc:2520/full/full/0/default.jpg
SURF-GSU2026R019,PATCO:132668,https://digitalcollections.library.gsu.edu/digital/collection/PATCO/id/132668,"PATCO Safety Committee, Correspondence, News Clippings, 1975-1976 [2 of 2]",IMG02,0.45,true,GSU2026R019,data/capture_batch_gsu_contentdm_image_ready_1971_2026_records.csv,IMG02,true,GSU CONTENTdm item exposes a source-hosted IIIF image/thumbnail; use source-linked display and keep item-level rights visible.,true,,"This Item is protected by copyright and/or related rights. You are free to use this Item in any way that is permitted by the copyright and related rights legislation that applies to your use. In addition, no permission is required from...",raw_blocking_or_permission_rights_signal,blocked_by_raw_copyright_or_permission_signal,keep_img02_pending_explicit_open_rights,no_upgrade,false,https://digitalcollections.library.gsu.edu/digital/collection/PATCO/id/132668,https://digitalcollections.library.gsu.edu/iiif/2/PATCO:132668/full/full/0/default.jpg
SURF-GSU2026R027,arwg:16848,https://digitalcollections.library.gsu.edu/digital/collection/arwg/id/16848,"People Concerned for the Unborn Child Newsletter, 1981-12",IMG02,0.45,true,GSU2026R027,data/capture_batch_gsu_contentdm_image_ready_1971_2026_records.csv,IMG02,true,GSU CONTENTdm item exposes a source-hosted IIIF image/thumbnail; use source-linked display and keep item-level rights visible.,true,https://rightsstatements.org/vocab/InC-EDU/1.0/,"This Item is protected by copyright and/or related rights. You are free to use this Item in any way that is permitted by the copyright and related rights legislation that applies to your use. In addition, no permission is required from...",raw_blocking_or_permission_rights_signal,blocked_by_raw_copyright_or_permission_signal,keep_img02_pending_explicit_open_rights,no_upgrade,false,https://digitalcollections.library.gsu.edu/digital/collection/arwg/id/16848,https://digitalcollections.library.gsu.edu/iiif/2/arwg:16848/full/full/0/default.jpg
SURF-GSU1970R007,SKennedy:9730,https://digitalcollections.library.gsu.edu/digital/collection/SKennedy/id/9730,"Periodicals, assorted, 1938-1951",IMG02,0.45,true,GSU1970R007,data/capture_batch_gsu_contentdm_image_ready_1830_1970_records.csv,IMG02,true,GSU CONTENTdm item exposes a source-hosted IIIF image/thumbnail; use source-linked display and keep item-level rights visible.,true,,"This Item is protected by copyright and/or related rights. You are free to use this Item in any way that is permitted by the copyright and related rights legislation that applies to your use. In addition, no permission is required from...",raw_blocking_or_permission_rights_signal,blocked_by_raw_copyright_or_permission_signal,keep_img02_pending_explicit_open_rights,no_upgrade,false,https://digitalcollections.library.gsu.edu/digital/collection/SKennedy/id/9730,https://digitalcollections.library.gsu.edu/iiif/2/SKennedy:9730/full/full/0/default.jpg
SURF-GSU2026R014,popmusic:10760,https://digitalcollections.library.gsu.edu/digital/collection/popmusic/id/10760,"Poster: Mar y Sol; Easter in the Caribbean with Music and Friends, The First International Puerto<br>Rican Pop Festival, April 1-3, 1972",IMG02,0.45,true,GSU2026R014,data/capture_batch_gsu_contentdm_image_ready_1971_2026_records.csv,IMG02,true,GSU CONTENTdm item exposes a source-hosted IIIF image/thumbnail; use source-linked display and keep item-level rights visible.,true,http://rightsstatements.org/vocab/InC-EDU/1.0/,,raw_blocking_or_permission_rights_signal,blocked_by_raw_copyright_or_permission_signal,keep_img02_pending_explicit_open_rights,no_upgrade,false,https://digitalcollections.library.gsu.edu/digital/collection/popmusic/id/10760,https://digitalcollections.library.gsu.edu/iiif/2/popmusic:10760/full/full/0/default.jpg
SURF-GSU2026R033,AFLCIO:137824,https://digitalcollections.library.gsu.edu/digital/collection/AFLCIO/id/137824,Posters and Calendar of Atlanta Black History,IMG02,0.45,true,GSU2026R033,data/capture_batch_gsu_contentdm_image_ready_1971_2026_records.csv,IMG02,true,GSU CONTENTdm item exposes a source-hosted IIIF image/thumbnail; use source-linked display and keep item-level rights visible.,true,http://rightsstatements.org/vocab/InC-EDU/1.0,,raw_blocking_or_permission_rights_signal,blocked_by_raw_copyright_or_permission_signal,keep_img02_pending_explicit_open_rights,no_upgrade,false,https://digitalcollections.library.gsu.edu/digital/collection/AFLCIO/id/137824,https://digitalcollections.library.gsu.edu/iiif/2/AFLCIO:137824/full/full/0/default.jpg
SURF-GSU2026R037,yearbooks:10916,https://digitalcollections.library.gsu.edu/digital/collection/yearbooks/id/10916,"Rampway, 1986",IMG02,0.45,true,GSU2026R037,data/capture_batch_gsu_contentdm_image_ready_1971_2026_records.csv,IMG02,true,GSU CONTENTdm item exposes a source-hosted IIIF image/thumbnail; use source-linked display and keep item-level rights visible.,true,,"This Item is protected by copyright and/or related rights. However, for this Item, either (a) no rights-holder(s) have been identified or (b) one or more rights-holder(s) have been identified but none have been located. You are free to...",raw_blocking_or_permission_rights_signal,blocked_by_raw_copyright_or_permission_signal,keep_img02_pending_explicit_open_rights,no_upgrade,false,https://digitalcollections.library.gsu.edu/digital/collection/yearbooks/id/10916,https://digitalcollections.library.gsu.edu/digital/api/singleitem/image/yearbooks/10916/default.jpg
SURF-GSU2026R042,signal:29640,https://digitalcollections.library.gsu.edu/digital/collection/signal/id/29640,"Signal, 1992-03-03",IMG02,0.45,true,GSU2026R042,data/capture_batch_gsu_contentdm_image_ready_1971_2026_records.csv,IMG02,true,GSU CONTENTdm item exposes a source-hosted IIIF image/thumbnail; use source-linked display and keep item-level rights visible.,true,,"This Item is protected by copyright and/or related rights. You are free to use this Item in any way that is permitted by the copyright and related rights legislation that applies to your use. In addition, no permission is required from...",raw_blocking_or_permission_rights_signal,blocked_by_raw_copyright_or_permission_signal,keep_img02_pending_explicit_open_rights,no_upgrade,false,https://digitalcollections.library.gsu.edu/digital/collection/signal/id/29640,https://digitalcollections.library.gsu.edu/iiif/2/signal:29640/full/full/0/default.jpg
SURF-GSU2026R008,IAM:309,https://digitalcollections.library.gsu.edu/digital/collection/IAM/id/309,"Solidarity Forever poster, 1970s",IMG02,0.45,true,GSU2026R008,data/capture_batch_gsu_contentdm_image_ready_1971_2026_records.csv,IMG02,true,GSU CONTENTdm item exposes a source-hosted IIIF image/thumbnail; use source-linked display and keep item-level rights visible.,true,,"This Item is protected by copyright and/or related rights. You are free to use this Item in any way that is permitted by the copyright and related rights legislation that applies to your use. In addition, no permission is required from...",raw_blocking_or_permission_rights_signal,blocked_by_raw_copyright_or_permission_signal,keep_img02_pending_explicit_open_rights,no_upgrade,false,https://digitalcollections.library.gsu.edu/digital/collection/IAM/id/309,https://digitalcollections.library.gsu.edu/iiif/2/IAM:309/full/full/0/default.jpg
SURF-GSU2026R041,eastern:5685,https://digitalcollections.library.gsu.edu/digital/collection/eastern/id/5685,"TWU Express, 1989-06-30",IMG02,0.45,true,GSU2026R041,data/capture_batch_gsu_contentdm_image_ready_1971_2026_records.csv,IMG02,true,GSU CONTENTdm item exposes a source-hosted IIIF image/thumbnail; use source-linked display and keep item-level rights visible.,true,,"This Item is protected by copyright and/or related rights. You are free to use this Item in any way that is permitted by the copyright and related rights legislation that applies to your use. In addition, no permission is required from...",raw_blocking_or_permission_rights_signal,blocked_by_raw_copyright_or_permission_signal,keep_img02_pending_explicit_open_rights,no_upgrade,false,https://digitalcollections.library.gsu.edu/digital/collection/eastern/id/5685,https://digitalcollections.library.gsu.edu/iiif/2/eastern:5685/full/full/0/default.jpg
SURF-GSU2026R021,IAM:113115,https://digitalcollections.library.gsu.edu/digital/collection/IAM/id/113115,"The 751 Aero Mechanic, 1975-09-04",IMG02,0.45,true,GSU2026R021,data/capture_batch_gsu_contentdm_image_ready_1971_2026_records.csv,IMG02,true,GSU CONTENTdm item exposes a source-hosted IIIF image/thumbnail; use source-linked display and keep item-level rights visible.,true,,"This Item is protected by copyright and/or related rights. You are free to use this Item in any way that is permitted by the copyright and related rights legislation that applies to your use. In addition, no permission is required from...",raw_blocking_or_permission_rights_signal,blocked_by_raw_copyright_or_permission_signal,keep_img02_pending_explicit_open_rights,no_upgrade,false,https://digitalcollections.library.gsu.edu/digital/collection/IAM/id/113115,https://digitalcollections.library.gsu.edu/iiif/2/IAM:113115/full/full/0/default.jpg
SURF-GSU2026R048,gpc:14839,https://digitalcollections.library.gsu.edu/digital/collection/gpc/id/14839,"The Collegian, 2003-12-08",IMG02,0.45,true,GSU2026R048,data/capture_batch_gsu_contentdm_image_ready_1971_2026_records.csv,IMG02,true,GSU CONTENTdm item exposes a source-hosted IIIF image/thumbnail; use source-linked display and keep item-level rights visible.,true,,"Copyright to this item is owned by Georgia State University. Georgia State University has made this item available under a Creative Commons Attribution 4.0 International License. For more information, see...",raw_blocking_or_permission_rights_signal,blocked_by_raw_copyright_or_permission_signal,keep_img02_pending_explicit_open_rights,no_upgrade,false,https://digitalcollections.library.gsu.edu/digital/collection/gpc/id/14839,https://digitalcollections.library.gsu.edu/iiif/2/gpc:14839/full/full/0/default.jpg
SURF-GSU2026R043,gpc:12291,https://digitalcollections.library.gsu.edu/digital/collection/gpc/id/12291,"The DeKalb Collegian, 1993-05-05",IMG02,0.45,true,GSU2026R043,data/capture_batch_gsu_contentdm_image_ready_1971_2026_records.csv,IMG02,true,GSU CONTENTdm item exposes a source-hosted IIIF image/thumbnail; use source-linked display and keep item-level rights visible.,true,,"Copyright to this item is owned by Georgia State University. Georgia State University has made this item available under a Creative Commons Attribution 4.0 International License. For more information, see...",raw_blocking_or_permission_rights_signal,blocked_by_raw_copyright_or_permission_signal,keep_img02_pending_explicit_open_rights,no_upgrade,false,https://digitalcollections.library.gsu.edu/digital/collection/gpc/id/12291,https://digitalcollections.library.gsu.edu/iiif/2/gpc:12291/full/full/0/default.jpg
SURF-GSU1970R027,signal:3856,https://digitalcollections.library.gsu.edu/digital/collection/signal/id/3856,"The Georgia State College Signal, 1966-04-28",IMG02,0.45,true,GSU1970R027,data/capture_batch_gsu_contentdm_image_ready_1830_1970_records.csv,IMG02,true,GSU CONTENTdm item exposes a source-hosted IIIF image/thumbnail; use source-linked display and keep item-level rights visible.,true,,"This Item is protected by copyright and/or related rights. You are free to use this Item in any way that is permitted by the copyright and related rights legislation that applies to your use. In addition, no permission is required from...",raw_blocking_or_permission_rights_signal,blocked_by_raw_copyright_or_permission_signal,keep_img02_pending_explicit_open_rights,no_upgrade,false,https://digitalcollections.library.gsu.edu/digital/collection/signal/id/3856,https://digitalcollections.library.gsu.edu/iiif/2/signal:3856/full/full/0/default.jpg
SURF-GSU2026R028,signal:14482,https://digitalcollections.library.gsu.edu/digital/collection/signal/id/14482,"The Georgia State University Signal, 1981-04-28",IMG02,0.45,true,GSU2026R028,data/capture_batch_gsu_contentdm_image_ready_1971_2026_records.csv,IMG02,true,GSU CONTENTdm item exposes a source-hosted IIIF image/thumbnail; use source-linked display and keep item-level rights visible.,true,,"This Item is protected by copyright and/or related rights. You are free to use this Item in any way that is permitted by the copyright and related rights legislation that applies to your use. In addition, no permission is required from...",raw_blocking_or_permission_rights_signal,blocked_by_raw_copyright_or_permission_signal,keep_img02_pending_explicit_open_rights,no_upgrade,false,https://digitalcollections.library.gsu.edu/digital/collection/signal/id/14482,https://digitalcollections.library.gsu.edu/iiif/2/signal:14482/full/full/0/default.jpg
SURF-GSU2026R050,IAM:120391,https://digitalcollections.library.gsu.edu/digital/collection/IAM/id/120391,"The IAM District 190 Sparkplug, 2009-06/2009-07",IMG02,0.45,true,GSU2026R050,data/capture_batch_gsu_contentdm_image_ready_1971_2026_records.csv,IMG02,true,GSU CONTENTdm item exposes a source-hosted IIIF image/thumbnail; use source-linked display and keep item-level rights visible.,true,,"This Item is protected by copyright and/or related rights. You are free to use this Item in any way that is permitted by the copyright and related rights legislation that applies to your use. In addition, no permission is required from...",raw_blocking_or_permission_rights_signal,blocked_by_raw_copyright_or_permission_signal,keep_img02_pending_explicit_open_rights,no_upgrade,false,https://digitalcollections.library.gsu.edu/digital/collection/IAM/id/120391,https://digitalcollections.library.gsu.edu/iiif/2/IAM:120391/full/full/0/default.jpg
SURF-GSU1970R022,IAM:74125,https://digitalcollections.library.gsu.edu/digital/collection/IAM/id/74125,"The Machinist, 1960-11-17",IMG02,0.45,true,GSU1970R022,data/capture_batch_gsu_contentdm_image_ready_1830_1970_records.csv,IMG02,true,GSU CONTENTdm item exposes a source-hosted IIIF image/thumbnail; use source-linked display and keep item-level rights visible.,true,,"This Item is protected by copyright and/or related rights. You are free to use this Item in any way that is permitted by the copyright and related rights legislation that applies to your use. In addition, no permission is required from...",raw_blocking_or_permission_rights_signal,blocked_by_raw_copyright_or_permission_signal,keep_img02_pending_explicit_open_rights,no_upgrade,false,https://digitalcollections.library.gsu.edu/digital/collection/IAM/id/74125,https://digitalcollections.library.gsu.edu/iiif/2/IAM:74125/full/full/0/default.jpg
SURF-GSU1970R023,IAM:73962,https://digitalcollections.library.gsu.edu/digital/collection/IAM/id/73962,"The Machinist, 1961-03-09",IMG02,0.45,true,GSU1970R023,data/capture_batch_gsu_contentdm_image_ready_1830_1970_records.csv,IMG02,true,GSU CONTENTdm item exposes a source-hosted IIIF image/thumbnail; use source-linked display and keep item-level rights visible.,true,,"This Item is protected by copyright and/or related rights. You are free to use this Item in any way that is permitted by the copyright and related rights legislation that applies to your use. In addition, no permission is required from...",raw_blocking_or_permission_rights_signal,blocked_by_raw_copyright_or_permission_signal,keep_img02_pending_explicit_open_rights,no_upgrade,false,https://digitalcollections.library.gsu.edu/digital/collection/IAM/id/73962,https://digitalcollections.library.gsu.edu/iiif/2/IAM:73962/full/full/0/default.jpg
SURF-GSU1970R024,IAM:74727,https://digitalcollections.library.gsu.edu/digital/collection/IAM/id/74727,"The Machinist, 1961-03-23",IMG02,0.45,true,GSU1970R024,data/capture_batch_gsu_contentdm_image_ready_1830_1970_records.csv,IMG02,true,GSU CONTENTdm item exposes a source-hosted IIIF image/thumbnail; use source-linked display and keep item-level rights visible.,true,,"This Item is protected by copyright and/or related rights. You are free to use this Item in any way that is permitted by the copyright and related rights legislation that applies to your use. In addition, no permission is required from...",raw_blocking_or_permission_rights_signal,blocked_by_raw_copyright_or_permission_signal,keep_img02_pending_explicit_open_rights,no_upgrade,false,https://digitalcollections.library.gsu.edu/digital/collection/IAM/id/74727,https://digitalcollections.library.gsu.edu/iiif/2/IAM:74727/full/full/0/default.jpg
SURF-GSU1970R025,IAM:74521,https://digitalcollections.library.gsu.edu/digital/collection/IAM/id/74521,"The Machinist, 1962-03-29",IMG02,0.45,true,GSU1970R025,data/capture_batch_gsu_contentdm_image_ready_1830_1970_records.csv,IMG02,true,GSU CONTENTdm item exposes a source-hosted IIIF image/thumbnail; use source-linked display and keep item-level rights visible.,true,,"This Item is protected by copyright and/or related rights. You are free to use this Item in any way that is permitted by the copyright and related rights legislation that applies to your use. In addition, no permission is required from...",raw_blocking_or_permission_rights_signal,blocked_by_raw_copyright_or_permission_signal,keep_img02_pending_explicit_open_rights,no_upgrade,false,https://digitalcollections.library.gsu.edu/digital/collection/IAM/id/74521,https://digitalcollections.library.gsu.edu/iiif/2/IAM:74521/full/full/0/default.jpg
SURF-GSU2026R036,IAM:77746,https://digitalcollections.library.gsu.edu/digital/collection/IAM/id/77746,"The Machinist, 1985-02",IMG02,0.45,true,GSU2026R036,data/capture_batch_gsu_contentdm_image_ready_1971_2026_records.csv,IMG02,true,GSU CONTENTdm item exposes a source-hosted IIIF image/thumbnail; use source-linked display and keep item-level rights visible.,true,,"This Item is protected by copyright and/or related rights. You are free to use this Item in any way that is permitted by the copyright and related rights legislation that applies to your use. In addition, no permission is required from...",raw_blocking_or_permission_rights_signal,blocked_by_raw_copyright_or_permission_signal,keep_img02_pending_explicit_open_rights,no_upgrade,false,https://digitalcollections.library.gsu.edu/digital/collection/IAM/id/77746,https://digitalcollections.library.gsu.edu/iiif/2/IAM:77746/full/full/0/default.jpg
SURF-GSU2026R052,signal:43679,https://digitalcollections.library.gsu.edu/digital/collection/signal/id/43679,"The Signal, 2013-10-08",IMG02,0.45,true,GSU2026R052,data/capture_batch_gsu_contentdm_image_ready_1971_2026_records.csv,IMG02,true,GSU CONTENTdm item exposes a source-hosted IIIF image/thumbnail; use source-linked display and keep item-level rights visible.,true,,"This Item is protected by copyright and/or related rights. You are free to use this Item in any way that is permitted by the copyright and related rights legislation that applies to your use. In addition, no permission is required from...",raw_blocking_or_permission_rights_signal,blocked_by_raw_copyright_or_permission_signal,keep_img02_pending_explicit_open_rights,no_upgrade,false,https://digitalcollections.library.gsu.edu/digital/collection/signal/id/43679,https://digitalcollections.library.gsu.edu/iiif/2/signal:43679/full/full/0/default.jpg
SURF-GSU2026R040,gae:4741,https://digitalcollections.library.gsu.edu/digital/collection/gae/id/4741,"The Update, 1987-09",IMG02,0.45,true,GSU2026R040,data/capture_batch_gsu_contentdm_image_ready_1971_2026_records.csv,IMG02,true,GSU CONTENTdm item exposes a source-hosted IIIF image/thumbnail; use source-linked display and keep item-level rights visible.,true,https://rightsstatements.org/vocab/InC-EDU/1.0/,"This Item is protected by copyright and/or related rights. You are free to use this Item in any way that is permitted by the copyright and related rights legislation that applies to your use. In addition, no permission is required from...",raw_blocking_or_permission_rights_signal,blocked_by_raw_copyright_or_permission_signal,keep_img02_pending_explicit_open_rights,no_upgrade,false,https://digitalcollections.library.gsu.edu/digital/collection/gae/id/4741,https://digitalcollections.library.gsu.edu/iiif/2/gae:4741/full/full/0/default.jpg
SURF-GSU2026R044,gae:5452,https://digitalcollections.library.gsu.edu/digital/collection/gae/id/5452,"The Update, 1994-03",IMG02,0.45,true,GSU2026R044,data/capture_batch_gsu_contentdm_image_ready_1971_2026_records.csv,IMG02,true,GSU CONTENTdm item exposes a source-hosted IIIF image/thumbnail; use source-linked display and keep item-level rights visible.,true,https://rightsstatements.org/vocab/InC-EDU/1.0/,"This Item is protected by copyright and/or related rights. You are free to use this Item in any way that is permitted by the copyright and related rights legislation that applies to your use. In addition, no permission is required from...",raw_blocking_or_permission_rights_signal,blocked_by_raw_copyright_or_permission_signal,keep_img02_pending_explicit_open_rights,no_upgrade,false,https://digitalcollections.library.gsu.edu/digital/collection/gae/id/5452,https://digitalcollections.library.gsu.edu/iiif/2/gae:5452/full/full/0/default.jpg
SURF-GSU2026R045,marta:5001,https://digitalcollections.library.gsu.edu/digital/collection/marta/id/5001,"Transit Times, 1995-04",IMG02,0.45,true,GSU2026R045,data/capture_batch_gsu_contentdm_image_ready_1971_2026_records.csv,IMG02,true,GSU CONTENTdm item exposes a source-hosted IIIF image/thumbnail; use source-linked display and keep item-level rights visible.,true,,"This Item is protected by copyright and/or related rights. You are free to use this Item in any way that is permitted by the copyright and related rights legislation that applies to your use. In addition, no permission is required from...",raw_blocking_or_permission_rights_signal,blocked_by_raw_copyright_or_permission_signal,keep_img02_pending_explicit_open_rights,no_upgrade,false,https://digitalcollections.library.gsu.edu/digital/collection/marta/id/5001,https://digitalcollections.library.gsu.edu/iiif/2/marta:5001/full/full/0/default.jpg
SURF-GSU2026R038,lgbtq:1107,https://digitalcollections.library.gsu.edu/digital/collection/lgbtq/id/1107,"Unitarian Universalist Lesbian and Gay Community Newsletters, 1986",IMG02,0.45,true,GSU2026R038,data/capture_batch_gsu_contentdm_image_ready_1971_2026_records.csv,IMG02,true,GSU CONTENTdm item exposes a source-hosted IIIF image/thumbnail; use source-linked display and keep item-level rights visible.,true,,"This Item is protected by copyright and/or related rights. You are free to use this Item in any way that is permitted by the copyright and related rights legislation that applies to your use. In addition, no permission is required from...",raw_blocking_or_permission_rights_signal,blocked_by_raw_copyright_or_permission_signal,keep_img02_pending_explicit_open_rights,no_upgrade,false,https://digitalcollections.library.gsu.edu/digital/collection/lgbtq/id/1107,https://digitalcollections.library.gsu.edu/iiif/2/lgbtq:1107/full/full/0/default.jpg
SURF-GSU2026R035,AFLCIO:71636,https://digitalcollections.library.gsu.edu/digital/collection/AFLCIO/id/71636,"Urban League, National Conference, Cleveland, Ohio",IMG02,0.45,true,GSU2026R035,data/capture_batch_gsu_contentdm_image_ready_1971_2026_records.csv,IMG02,true,GSU CONTENTdm item exposes a source-hosted IIIF image/thumbnail; use source-linked display and keep item-level rights visible.,true,http://rightsstatements.org/vocab/InC-EDU/1.0,,raw_blocking_or_permission_rights_signal,blocked_by_raw_copyright_or_permission_signal,keep_img02_pending_explicit_open_rights,no_upgrade,false,https://digitalcollections.library.gsu.edu/digital/collection/AFLCIO/id/71636,https://digitalcollections.library.gsu.edu/iiif/2/AFLCIO:71636/full/full/0/default.jpg
SURF-GSU2026R012,ajc:12490,https://digitalcollections.library.gsu.edu/digital/collection/ajc/id/12490,"Walter Botts with the famous Uncle Sam poster he posed for, 1971",IMG02,0.45,true,GSU2026R012,data/capture_batch_gsu_contentdm_image_ready_1971_2026_records.csv,IMG02,true,GSU CONTENTdm item exposes a source-hosted IIIF image/thumbnail; use source-linked display and keep item-level rights visible.,true,,"Copyright to items in this collection is owned by the Atlanta Journal-Constitution. Items may be used for scholarship, educational, and personal use. Additional uses will require permission of the rights holder.",raw_blocking_or_permission_rights_signal,blocked_by_raw_copyright_or_permission_signal,keep_img02_pending_explicit_open_rights,no_upgrade,false,https://digitalcollections.library.gsu.edu/digital/collection/ajc/id/12490,https://digitalcollections.library.gsu.edu/iiif/2/ajc:12490/full/full/0/default.jpg
SURF-GSU1970R013,SKennedy:8297,https://digitalcollections.library.gsu.edu/digital/collection/SKennedy/id/8297,"Worker's Defense League, 1942-1945",IMG02,0.45,true,GSU1970R013,data/capture_batch_gsu_contentdm_image_ready_1830_1970_records.csv,IMG02,true,GSU CONTENTdm item exposes a source-hosted IIIF image/thumbnail; use source-linked display and keep item-level rights visible.,true,,"This Item is protected by copyright and/or related rights. You are free to use this Item in any way that is permitted by the copyright and related rights legislation that applies to your use. In addition, no permission is required from...",raw_blocking_or_permission_rights_signal,blocked_by_raw_copyright_or_permission_signal,keep_img02_pending_explicit_open_rights,no_upgrade,false,https://digitalcollections.library.gsu.edu/digital/collection/SKennedy/id/8297,https://digitalcollections.library.gsu.edu/iiif/2/SKennedy:8297/full/full/0/default.jpg
SURF-GSU2026R009,arwg:30196,https://digitalcollections.library.gsu.edu/digital/collection/arwg/id/30196,"Workshop Session B, undated",IMG02,0.45,true,GSU2026R009,data/capture_batch_gsu_contentdm_image_ready_1971_2026_records.csv,IMG02,true,GSU CONTENTdm item exposes a source-hosted IIIF image/thumbnail; use source-linked display and keep item-level rights visible.,true,http://rightsstatements.org/vocab/InC-EDU/1.0/,,raw_blocking_or_permission_rights_signal,blocked_by_raw_copyright_or_permission_signal,keep_img02_pending_explicit_open_rights,no_upgrade,false,https://digitalcollections.library.gsu.edu/digital/collection/arwg/id/30196,https://digitalcollections.library.gsu.edu/digital/api/singleitem/image/arwg/30196/default.jpg
SURF-GSU1970R012,mhross:5915,https://digitalcollections.library.gsu.edu/digital/collection/mhross/id/5915,"Mine, Mill, and Smelter Workers, Southern Conference on Human Welfare), Tennessee and Alabama, 1942-1943",IMG02,0.45,true,GSU1970R012,data/capture_batch_gsu_contentdm_image_ready_1830_1970_records.csv,IMG02,true,GSU CONTENTdm item exposes a source-hosted IIIF image/thumbnail; use source-linked display and keep item-level rights visible.,true,,"These materials, gathered by the donor from many sources, have been digitized for preservation purposes and are being made available on the Internet for scholarship, educational, and personal use only. These materials document a thematic...",raw_rights_present_unclassified,raw_rights_present_but_unclassified,manual_contentdm_rights_review_required,no_upgrade,false,https://digitalcollections.library.gsu.edu/digital/collection/mhross/id/5915,https://digitalcollections.library.gsu.edu/iiif/2/mhross:5915/full/full/0/default.jpg
SURF-GSU2026R007,mhross:9447,https://digitalcollections.library.gsu.edu/digital/collection/mhross/id/9447,"News articles (New York Times, New Yorker), 1967-1971",IMG02,0.45,true,GSU2026R007,data/capture_batch_gsu_contentdm_image_ready_1971_2026_records.csv,IMG02,true,GSU CONTENTdm item exposes a source-hosted IIIF image/thumbnail; use source-linked display and keep item-level rights visible.,true,,"These materials, gathered by the donor from many sources, have been digitized for preservation purposes and are being made available on the Internet for scholarship, educational, and personal use only. These materials document a thematic...",raw_rights_present_unclassified,raw_rights_present_but_unclassified,manual_contentdm_rights_review_required,no_upgrade,false,https://digitalcollections.library.gsu.edu/digital/collection/mhross/id/9447,https://digitalcollections.library.gsu.edu/iiif/2/mhross:9447/full/full/0/default.jpg
SURF-GSU2026R026,eastern:53419,https://digitalcollections.library.gsu.edu/digital/collection/eastern/id/53419,"News clippings re: Eastern Airlines [folder 11 of 11], 1981",IMG02,0.45,true,GSU2026R026,data/capture_batch_gsu_contentdm_image_ready_1971_2026_records.csv,IMG02,true,GSU CONTENTdm item exposes a source-hosted IIIF image/thumbnail; use source-linked display and keep item-level rights visible.,true,,"These materials, gathered by the donor from many sources, have been digitized for preservation purposes and are being made available on the Internet for scholarship, educational, and personal use only. These materials document a thematic...",raw_rights_present_unclassified,raw_rights_present_but_unclassified,manual_contentdm_rights_review_required,no_upgrade,false,https://digitalcollections.library.gsu.edu/digital/collection/eastern/id/53419,https://digitalcollections.library.gsu.edu/iiif/2/eastern:53419/full/full/0/default.jpg
SURF-GSU2026R004,mhross:104112,https://digitalcollections.library.gsu.edu/digital/collection/mhross/id/104112,"Pipestem, [folder 1 of 2], ca 1950s-1970s",IMG02,0.45,true,GSU2026R004,data/capture_batch_gsu_contentdm_image_ready_1971_2026_records.csv,IMG02,true,GSU CONTENTdm item exposes a source-hosted IIIF image/thumbnail; use source-linked display and keep item-level rights visible.,true,,"These materials, gathered by the donor from many sources, have been digitized for preservation purposes and are being made available on the Internet for scholarship, educational, and personal use only. These materials document a thematic...",raw_rights_present_unclassified,raw_rights_present_but_unclassified,manual_contentdm_rights_review_required,no_upgrade,false,https://digitalcollections.library.gsu.edu/digital/collection/mhross/id/104112,https://digitalcollections.library.gsu.edu/iiif/2/mhross:104112/full/full/0/default.jpg
SURF-GSU1970R008,mhross:20589,https://digitalcollections.library.gsu.edu/digital/collection/mhross/id/20589,"Ross correspondence, ca 1940s",IMG02,0.45,true,GSU1970R008,data/capture_batch_gsu_contentdm_image_ready_1830_1970_records.csv,IMG02,true,GSU CONTENTdm item exposes a source-hosted IIIF image/thumbnail; use source-linked display and keep item-level rights visible.,true,,"These materials, gathered by the donor from many sources, have been digitized for preservation purposes and are being made available on the Internet for scholarship, educational, and personal use only. These materials document a thematic...",raw_rights_present_unclassified,raw_rights_present_but_unclassified,manual_contentdm_rights_review_required,no_upgrade,false,https://digitalcollections.library.gsu.edu/digital/collection/mhross/id/20589,https://digitalcollections.library.gsu.edu/iiif/2/mhross:20589/full/full/0/default.jpg
SURF-GSU2026R015,mhross:18679,https://digitalcollections.library.gsu.edu/digital/collection/mhross/id/18679,"Southwest - general [Mexico maps and tourist information and Gulf of Mexico industry], 1972-1974, undated",IMG02,0.45,true,GSU2026R015,data/capture_batch_gsu_contentdm_image_ready_1971_2026_records.csv,IMG02,true,GSU CONTENTdm item exposes a source-hosted IIIF image/thumbnail; use source-linked display and keep item-level rights visible.,true,,"These materials, gathered by the donor from many sources, have been digitized for preservation purposes and are being made available on the Internet for scholarship, educational, and personal use only. These materials document a thematic...",raw_rights_present_unclassified,raw_rights_present_but_unclassified,manual_contentdm_rights_review_required,no_upgrade,false,https://digitalcollections.library.gsu.edu/digital/collection/mhross/id/18679,https://digitalcollections.library.gsu.edu/iiif/2/mhross:18679/full/full/0/default.jpg
SURF-GSU1970R018,mhross:12210,https://digitalcollections.library.gsu.edu/digital/collection/mhross/id/12210,"The Daily Tarheel: African-Americans, segregation in North Carolina, 1951-1952, undated",IMG02,0.45,true,GSU1970R018,data/capture_batch_gsu_contentdm_image_ready_1830_1970_records.csv,IMG02,true,GSU CONTENTdm item exposes a source-hosted IIIF image/thumbnail; use source-linked display and keep item-level rights visible.,true,,"These materials, gathered by the donor from many sources, have been digitized for preservation purposes and are being made available on the Internet for scholarship, educational, and personal use only. These materials document a thematic...",raw_rights_present_unclassified,raw_rights_present_but_unclassified,manual_contentdm_rights_review_required,no_upgrade,false,https://digitalcollections.library.gsu.edu/digital/collection/mhross/id/12210,https://digitalcollections.library.gsu.edu/iiif/2/mhross:12210/full/full/0/default.jpg
SURF-GSU1970R014,mhross:96975,https://digitalcollections.library.gsu.edu/digital/collection/mhross/id/96975,"The Union and Winter Soldiers: the Story of a Conspiracy Against the Schools (with an article by M. H. Ross), 1943, 1954",IMG02,0.45,true,GSU1970R014,data/capture_batch_gsu_contentdm_image_ready_1830_1970_records.csv,IMG02,true,GSU CONTENTdm item exposes a source-hosted IIIF image/thumbnail; use source-linked display and keep item-level rights visible.,true,,"These materials, gathered by the donor from many sources, have been digitized for preservation purposes and are being made available on the Internet for scholarship, educational, and personal use only. These materials document a thematic...",raw_rights_present_unclassified,raw_rights_present_but_unclassified,manual_contentdm_rights_review_required,no_upgrade,false,https://digitalcollections.library.gsu.edu/digital/collection/mhross/id/96975,https://digitalcollections.library.gsu.edu/iiif/2/mhross:96975/full/full/0/default.jpg
SURF-GSU2026R020,labor:18366,https://digitalcollections.library.gsu.edu/digital/collection/labor/id/18366,Revolution RCP Monthly,IMG02,0.45,true,GSU2026R020,data/capture_batch_gsu_contentdm_image_ready_1971_2026_records.csv,IMG02,true,GSU CONTENTdm item exposes a source-hosted IIIF image/thumbnail; use source-linked display and keep item-level rights visible.,true,https://creativecommons.org/publicdomain/zero/1.0/,,raw_open_rights_signal,raw_open_rights_signal_needs_record_rebuild_review,rebuild_record_with_raw_rights_evidence_after_manual_check,review_rebuild_alignment_no_automatic_upgrade,false,https://digitalcollections.library.gsu.edu/digital/collection/labor/id/18366,https://digitalcollections.library.gsu.edu/iiif/2/labor:18366/full/full/0/default.jpg
