surface_id,source_record_id,source_record_url,title,best_image_state,repair_family,weighted_gap_points,local_record_found,local_capture_id,local_record_file,local_image_state,local_rights_review_required,local_rights_signal,rights_signal,future_action,upgrade_recommendation,automatic_upgrade_allowed,iiif_or_viewer_available,image_url_detected_excerpt,rights_text_excerpt,rights_basis_excerpt,review_note_excerpt,source_notes_excerpt
SURF-MC1930R010,2011645389,https://www.loc.gov/pictures/item/2011645389/,A book mark would be better!,IMG01,img01_item_image_and_rights_review,0.70,true,MC1930R010,data/capture_batch_midcentury_1930_1970_records.csv,IMG01,true,no_item_rights_advisory_text,thumbnail_only_item_rights_missing,loc_item_rights_and_image_derivative_capture_required,item_rights_capture_required,false,https://www.loc.gov/pictures/item/2011645389/,https://tile.loc.gov/storage-services/service/pnp/ppmsca/31200/31264_150px.jpg,LOC search row exposes a thumbnail; item-level rights advisory was not captured in this pass.,LOC search row exposes a thumbnail; item-level rights advisory was not captured in this pass.,Thumbnail candidate only; keep source return visible.,Title from item.; Purchase; Swann Galleries; 2010; (DLC/PP-2010:157.08).; More information about the WPA Posters is available at http://hdl.loc.gov/loc.pnp/pp.wpapos
SURF-ER1830R070,2017670771,https://www.loc.gov/pictures/item/2017670771/,"A cobbler who doesn't wear shoes. This hole in the wall is a typical cobbler's shop at Skoplje, Serbia. His own shoeless feet wouldn't be considered a very good advertisement for his trade in America. But he has all the trade that he can take care of as leather is mighty scarce. He didn't mind because the American Red Cross brought several thousand pairs of shoes into the Balkans for distribution to the needy. He says, he realizes the soles will wear out sometime and that means more trade for him",IMG01,img01_item_image_and_rights_review,0.70,true,ER1830R070,data/capture_batch_early_region_1830_1930_records.csv,IMG01,true,no_item_rights_advisory_text,thumbnail_only_item_rights_missing,loc_item_rights_and_image_derivative_capture_required,item_rights_capture_required,false,https://www.loc.gov/pictures/item/2017670771/,https://tile.loc.gov/storage-services/service/pnp/anrc/04900/04903_150px.jpg,LOC search row exposes a thumbnail; item-level rights advisory was not captured in this pass.,LOC search row exposes a thumbnail; item-level rights advisory was not captured in this pass.,Thumbnail candidate only; keep source return visible.,"Title, date and notes from Red Cross caption card.; Photographer name or source of original from caption card or negative sleeve: ARC Paris Office.; Group title: Serbia.; On caption card: (11503); Used in: T.T.C...."
SURF-ER1830R026,2004666589,https://www.loc.gov/pictures/item/2004666589/,Acorn stoves and ranges,IMG01,img01_item_image_and_rights_review,0.70,true,ER1830R026,data/capture_batch_early_region_1830_1930_records.csv,IMG01,true,no_item_rights_advisory_text,thumbnail_only_item_rights_missing,loc_item_rights_and_image_derivative_capture_required,item_rights_capture_required,false,https://www.loc.gov/pictures/item/2004666589/,https://tile.loc.gov/storage-services/service/pnp/ppmsca/04800/04806_150px.jpg,LOC search row exposes a thumbnail; item-level rights advisory was not captured in this pass.,LOC search row exposes a thumbnail; item-level rights advisory was not captured in this pass.,Thumbnail candidate only; keep source return visible.,Title from item.
SURF-MC1930R038,92500637,https://www.loc.gov/pictures/item/92500637/,"American guide week, Nov. 10-16 Take pride in your country : State by state the WPA Writers' Projects describe America to Americans /",IMG01,img01_item_image_and_rights_review,0.70,true,MC1930R038,data/capture_batch_midcentury_1930_1970_records.csv,IMG01,true,no_item_rights_advisory_text,thumbnail_only_item_rights_missing,loc_item_rights_and_image_derivative_capture_required,item_rights_capture_required,false,https://www.loc.gov/pictures/item/92500637/,https://tile.loc.gov/storage-services/service/pnp/cph/3f00000/3f03000/3f03700/3f03733_150px.jpg,LOC search row exposes a thumbnail; item-level rights advisory was not captured in this pass.,LOC search row exposes a thumbnail; item-level rights advisory was not captured in this pass.,Thumbnail candidate only; keep source return visible.,
SURF-MC1930R039,98517345,https://www.loc.gov/pictures/item/98517345/,"American guide week, Nov. 10-16 Take pride in your country : State by state the WPA Writers' Projects describe America to Americans /",IMG01,img01_item_image_and_rights_review,0.70,true,MC1930R039,data/capture_batch_midcentury_1930_1970_records.csv,IMG01,true,no_item_rights_advisory_text,thumbnail_only_item_rights_missing,loc_item_rights_and_image_derivative_capture_required,item_rights_capture_required,false,https://www.loc.gov/pictures/item/98517345/,https://tile.loc.gov/storage-services/service/pnp/cph/3f00000/3f05000/3f05400/3f05430_150px.jpg,LOC search row exposes a thumbnail; item-level rights advisory was not captured in this pass.,LOC search row exposes a thumbnail; item-level rights advisory was not captured in this pass.,Thumbnail candidate only; keep source return visible.,
SURF-ER1830R025,2015651603,https://www.loc.gov/pictures/item/2015651603/,"Cadbury's almanack for 2,000 years - a literary & useful curiosity",IMG01,img01_item_image_and_rights_review,0.70,true,ER1830R025,data/capture_batch_early_region_1830_1930_records.csv,IMG01,true,no_item_rights_advisory_text,thumbnail_only_item_rights_missing,loc_item_rights_and_image_derivative_capture_required,item_rights_capture_required,false,https://www.loc.gov/pictures/item/2015651603/,https://tile.loc.gov/storage-services/service/pnp/ppmsca/39600/39618_150px.jpg,LOC search row exposes a thumbnail; item-level rights advisory was not captured in this pass.,LOC search row exposes a thumbnail; item-level rights advisory was not captured in this pass.,Thumbnail candidate only; keep source return visible.,Title from item.; Publication information taken from an online source.; (DLC/PP-2001:068).; Forms part of: Marian S. Carson collection at the Library of Congress.
SURF-ER1830R030,2015651602,https://www.loc.gov/pictures/item/2015651602/,"Cats can, but Bon Ami can not scratch for it lacks grit",IMG01,img01_item_image_and_rights_review,0.70,true,ER1830R030,data/capture_batch_early_region_1830_1930_records.csv,IMG01,true,no_item_rights_advisory_text,thumbnail_only_item_rights_missing,loc_item_rights_and_image_derivative_capture_required,item_rights_capture_required,false,https://www.loc.gov/pictures/item/2015651602/,https://tile.loc.gov/storage-services/service/pnp/ppmsca/39600/39617_150px.jpg,LOC search row exposes a thumbnail; item-level rights advisory was not captured in this pass.,LOC search row exposes a thumbnail; item-level rights advisory was not captured in this pass.,Thumbnail candidate only; keep source return visible.,"Title from item.; Printed on verso: For sale by all grocers.; Printed on bottom of verso: The Bon Ami Company, 66 Maiden Lane, New York City.; (DLC/PP-2001:068).; Forms part of: Marian S. Carson collection at the..."
SURF-MC1930R011,98513179,https://www.loc.gov/pictures/item/98513179/,Exhibition - WPA Federal Art Project,IMG01,img01_item_image_and_rights_review,0.70,true,MC1930R011,data/capture_batch_midcentury_1930_1970_records.csv,IMG01,true,no_item_rights_advisory_text,thumbnail_only_item_rights_missing,loc_item_rights_and_image_derivative_capture_required,item_rights_capture_required,false,https://www.loc.gov/pictures/item/98513179/,https://tile.loc.gov/storage-services/service/pnp/cph/3f00000/3f05000/3f05200/3f05285_150px.jpg,LOC search row exposes a thumbnail; item-level rights advisory was not captured in this pass.,LOC search row exposes a thumbnail; item-level rights advisory was not captured in this pass.,Thumbnail candidate only; keep source return visible.,Date stamped on verso: Jun 7 1938.; Work Projects Administration Poster Collection (Library of Congress).
SURF-MC1930R032,98517981,https://www.loc.gov/pictures/item/98517981/,Federal Art exhibition WPA water colors.,IMG01,img01_item_image_and_rights_review,0.70,true,MC1930R032,data/capture_batch_midcentury_1930_1970_records.csv,IMG01,true,no_item_rights_advisory_text,thumbnail_only_item_rights_missing,loc_item_rights_and_image_derivative_capture_required,item_rights_capture_required,false,https://www.loc.gov/pictures/item/98517981/,https://tile.loc.gov/storage-services/service/pnp/cph/3b40000/3b48000/3b48700/3b48710_150px.jpg,LOC search row exposes a thumbnail; item-level rights advisory was not captured in this pass.,LOC search row exposes a thumbnail; item-level rights advisory was not captured in this pass.,Thumbnail candidate only; keep source return visible.,
SURF-MC1930R033,98508979,https://www.loc.gov/pictures/item/98508979/,"Field day--WPA recreation project, Dist. No. 2",IMG01,img01_item_image_and_rights_review,0.70,true,MC1930R033,data/capture_batch_midcentury_1930_1970_records.csv,IMG01,true,no_item_rights_advisory_text,thumbnail_only_item_rights_missing,loc_item_rights_and_image_derivative_capture_required,item_rights_capture_required,false,https://www.loc.gov/pictures/item/98508979/,https://tile.loc.gov/storage-services/service/pnp/ds/08000/08072_150px.jpg,LOC search row exposes a thumbnail; item-level rights advisory was not captured in this pass.,LOC search row exposes a thumbnail; item-level rights advisory was not captured in this pass.,Thumbnail candidate only; keep source return visible.,
SURF-ER1830R015,99614267,https://www.loc.gov/pictures/item/99614267/,Indian trading [6 illustrations: 1. trader's store; 2. 2 en route; 3. preparing for trade; 4. the trading post and fort; 5. return from trading; 6. dissatisfaction - (Indian beating his wife)],IMG01,img01_item_image_and_rights_review,0.70,true,ER1830R017,data/capture_batch_early_region_1830_1880_records.csv,IMG01,true,no_item_rights_advisory_text,thumbnail_only_item_rights_missing,loc_item_rights_and_image_derivative_capture_required,item_rights_capture_required,false,https://www.loc.gov/pictures/item/99614267/,https://tile.loc.gov/storage-services/service/pnp/cph/3b30000/3b32000/3b32400/3b32445_150px.jpg,LOC search row exposes a thumbnail; item-level rights advisory was not captured in this pass.,LOC search row exposes a thumbnail; item-level rights advisory was not captured in this pass.,Thumbnail candidate only; keep source return visible.,
SURF-MC1930R029,98517082,https://www.loc.gov/pictures/item/98517082/,Ohio WPA paintings through March,IMG01,img01_item_image_and_rights_review,0.70,true,MC1930R029,data/capture_batch_midcentury_1930_1970_records.csv,IMG01,true,no_item_rights_advisory_text,thumbnail_only_item_rights_missing,loc_item_rights_and_image_derivative_capture_required,item_rights_capture_required,false,https://www.loc.gov/pictures/item/98517082/,https://tile.loc.gov/storage-services/service/pnp/cph/3b40000/3b48000/3b48800/3b48808_150px.jpg,LOC search row exposes a thumbnail; item-level rights advisory was not captured in this pass.,LOC search row exposes a thumbnail; item-level rights advisory was not captured in this pass.,Thumbnail candidate only; keep source return visible.,
SURF-MC1930R012,98510115,https://www.loc.gov/pictures/item/98510115/,"Pet show WPA recreation project, Dist. No. 2 /",IMG01,img01_item_image_and_rights_review,0.70,true,MC1930R012,data/capture_batch_midcentury_1930_1970_records.csv,IMG01,true,no_item_rights_advisory_text,thumbnail_only_item_rights_missing,loc_item_rights_and_image_derivative_capture_required,item_rights_capture_required,false,https://www.loc.gov/pictures/item/98510115/,https://tile.loc.gov/storage-services/service/pnp/cph/3b40000/3b48000/3b48800/3b48887_150px.jpg,LOC search row exposes a thumbnail; item-level rights advisory was not captured in this pass.,LOC search row exposes a thumbnail; item-level rights advisory was not captured in this pass.,Thumbnail candidate only; keep source return visible.,
SURF-ER1830R077,2018750887,https://www.loc.gov/pictures/item/2018750887/,Schools. Trade card image,IMG01,img01_item_image_and_rights_review,0.70,true,ER1830R077,data/capture_batch_early_region_1830_1930_records.csv,IMG01,true,no_item_rights_advisory_text,thumbnail_only_item_rights_missing,loc_item_rights_and_image_derivative_capture_required,item_rights_capture_required,false,https://www.loc.gov/pictures/item/2018750887/,https://tile.loc.gov/storage-services/service/pnp/gsc/5a00000/5a00400/5a00443_150px.jpg,LOC search row exposes a thumbnail; item-level rights advisory was not captured in this pass.,LOC search row exposes a thumbnail; item-level rights advisory was not captured in this pass.,Thumbnail candidate only; keep source return visible.,"In album: Schools, p. [54].; Item title devised.; Credit line: Gottscho-Schleisner Collection, Library of Congress, Prints and Photographs Division.; General information about the Gottscho-Schleisner Collection is..."
SURF-ER1830R011,2008677258,https://www.loc.gov/pictures/item/2008677258/,"Use Getz cockroach and bed bug exterminators, sold by all druggists I sink I tan hit it.",IMG01,img01_item_image_and_rights_review,0.70,true,ER1830R012,data/capture_batch_early_region_1830_1880_records.csv,IMG01,true,no_item_rights_advisory_text,thumbnail_only_item_rights_missing,loc_item_rights_and_image_derivative_capture_required,item_rights_capture_required,false,https://www.loc.gov/pictures/item/2008677258/,https://tile.loc.gov/storage-services/service/pnp/ppmsca/18400/18408_150px.jpg,LOC search row exposes a thumbnail; item-level rights advisory was not captured in this pass.,LOC search row exposes a thumbnail; item-level rights advisory was not captured in this pass.,Thumbnail candidate only; keep source return visible.,
SURF-MC1930R014,98513156,https://www.loc.gov/pictures/item/98513156/,WPA Federal Art Project exhibition - mural studies,IMG01,img01_item_image_and_rights_review,0.70,true,MC1930R014,data/capture_batch_midcentury_1930_1970_records.csv,IMG01,true,no_item_rights_advisory_text,thumbnail_only_item_rights_missing,loc_item_rights_and_image_derivative_capture_required,item_rights_capture_required,false,https://www.loc.gov/pictures/item/98513156/,https://tile.loc.gov/storage-services/service/pnp/cph/3b40000/3b48000/3b48800/3b48889_150px.jpg,LOC search row exposes a thumbnail; item-level rights advisory was not captured in this pass.,LOC search row exposes a thumbnail; item-level rights advisory was not captured in this pass.,Thumbnail candidate only; keep source return visible.,"Date stamped on verso: Mar 20 1937.; Work Projects Administration Poster Collection (Library of Congress).; Posters of the WPA / Christopher DeNoon. Los Angeles : Wheatly Press, c1987, no. 3"
SURF-MC1930R031,92510123,https://www.loc.gov/pictures/item/92510123/,"WPA Federal Art Project exhibition, 77 Newbury St., Boston, Nov. 28, Dec. 10, 1938",IMG01,img01_item_image_and_rights_review,0.70,true,MC1930R031,data/capture_batch_midcentury_1930_1970_records.csv,IMG01,true,no_item_rights_advisory_text,thumbnail_only_item_rights_missing,loc_item_rights_and_image_derivative_capture_required,item_rights_capture_required,false,https://www.loc.gov/pictures/item/92510123/,https://tile.loc.gov/storage-services/service/pnp/cph/3b40000/3b48000/3b48700/3b48728_150px.jpg,LOC search row exposes a thumbnail; item-level rights advisory was not captured in this pass.,LOC search row exposes a thumbnail; item-level rights advisory was not captured in this pass.,Thumbnail candidate only; keep source return visible.,"Work Projects Administration Poster Collection (Library of Congress).; Promotional goal: U.S. K92. 1938.; Date stamped on verso: Nov 25 1938.; Posters of the WPA / Christopher DeNoon. Los Angeles : Wheatly Press,..."
SURF-MC1930R015,2001695223,https://www.loc.gov/pictures/item/2001695223/,WPA Federal Theatre [presents] If ye break faith,IMG01,img01_item_image_and_rights_review,0.70,true,MC1930R015,data/capture_batch_midcentury_1930_1970_records.csv,IMG01,true,no_item_rights_advisory_text,thumbnail_only_item_rights_missing,loc_item_rights_and_image_derivative_capture_required,item_rights_capture_required,false,https://www.loc.gov/pictures/item/2001695223/,https://tile.loc.gov/storage-services/service/pnp/cph/3b40000/3b49000/3b49000/3b49035_150px.jpg,LOC search row exposes a thumbnail; item-level rights advisory was not captured in this pass.,LOC search row exposes a thumbnail; item-level rights advisory was not captured in this pass.,Thumbnail candidate only; keep source return visible.,
SURF-MC1930R034,98513244,https://www.loc.gov/pictures/item/98513244/,"WPA exhibition [of] Dorothy Loeb [and] Blanche Lazzell Federal Art Gallery, 77 Newbury St. Boston /",IMG01,img01_item_image_and_rights_review,0.70,true,MC1930R034,data/capture_batch_midcentury_1930_1970_records.csv,IMG01,true,no_item_rights_advisory_text,thumbnail_only_item_rights_missing,loc_item_rights_and_image_derivative_capture_required,item_rights_capture_required,false,https://www.loc.gov/pictures/item/98513244/,https://tile.loc.gov/storage-services/service/pnp/cph/3f00000/3f05000/3f05200/3f05286_150px.jpg,LOC search row exposes a thumbnail; item-level rights advisory was not captured in this pass.,LOC search row exposes a thumbnail; item-level rights advisory was not captured in this pass.,Thumbnail candidate only; keep source return visible.,
SURF-MC1930R035,98513249,https://www.loc.gov/pictures/item/98513249/,"WPA exhibition [of] Dorothy Loeb [and] Blanche Lazzell Federal Art Gallery, 77 Newbury St. Boston /",IMG01,img01_item_image_and_rights_review,0.70,true,MC1930R035,data/capture_batch_midcentury_1930_1970_records.csv,IMG01,true,no_item_rights_advisory_text,thumbnail_only_item_rights_missing,loc_item_rights_and_image_derivative_capture_required,item_rights_capture_required,false,https://www.loc.gov/pictures/item/98513249/,https://tile.loc.gov/storage-services/service/pnp/cph/3f00000/3f05000/3f05200/3f05287_150px.jpg,LOC search row exposes a thumbnail; item-level rights advisory was not captured in this pass.,LOC search row exposes a thumbnail; item-level rights advisory was not captured in this pass.,Thumbnail candidate only; keep source return visible.,
SURF-MC1930R016,98518022,https://www.loc.gov/pictures/item/98518022/,"WPA exhibition water colors [and] prints, Federal Art Gallery /",IMG01,img01_item_image_and_rights_review,0.70,true,MC1930R016,data/capture_batch_midcentury_1930_1970_records.csv,IMG01,true,no_item_rights_advisory_text,thumbnail_only_item_rights_missing,loc_item_rights_and_image_derivative_capture_required,item_rights_capture_required,false,https://www.loc.gov/pictures/item/98518022/,https://tile.loc.gov/storage-services/service/pnp/cph/3f00000/3f05000/3f05500/3f05569_150px.jpg,LOC search row exposes a thumbnail; item-level rights advisory was not captured in this pass.,LOC search row exposes a thumbnail; item-level rights advisory was not captured in this pass.,Thumbnail candidate only; keep source return visible.,
SURF-MC1930R017,98513298,https://www.loc.gov/pictures/item/98513298/,"WPA federal art regional exhibit, Montclair Museum Easel painting, graphic arts, poster display, index of design.",IMG01,img01_item_image_and_rights_review,0.70,true,MC1930R017,data/capture_batch_midcentury_1930_1970_records.csv,IMG01,true,no_item_rights_advisory_text,thumbnail_only_item_rights_missing,loc_item_rights_and_image_derivative_capture_required,item_rights_capture_required,false,https://www.loc.gov/pictures/item/98513298/,https://tile.loc.gov/storage-services/service/pnp/cph/3b40000/3b48000/3b48800/3b48805_150px.jpg,LOC search row exposes a thumbnail; item-level rights advisory was not captured in this pass.,LOC search row exposes a thumbnail; item-level rights advisory was not captured in this pass.,Thumbnail candidate only; keep source return visible.,"Date stamped on verso: Jan 5 1939.; Work Projects Administration Poster Collection (Library of Congress).; Posters of the WPA / Christopher DeNoon. Los Angeles: Wheatly Press, c1987, no. 69"
SURF-MC1930R036,93511160,https://www.loc.gov/pictures/item/93511160/,WPA rumor,IMG01,img01_item_image_and_rights_review,0.70,true,MC1930R036,data/capture_batch_midcentury_1930_1970_records.csv,IMG01,true,no_item_rights_advisory_text,thumbnail_only_item_rights_missing,loc_item_rights_and_image_derivative_capture_required,item_rights_capture_required,false,https://www.loc.gov/pictures/item/93511160/,https://tile.loc.gov/storage-services/service/pnp/cph/3b40000/3b48000/3b48900/3b48902_150px.jpg,LOC search row exposes a thumbnail; item-level rights advisory was not captured in this pass.,LOC search row exposes a thumbnail; item-level rights advisory was not captured in this pass.,Thumbnail candidate only; keep source return visible.,
SURF-MC1930R018,98513183,https://www.loc.gov/pictures/item/98513183/,"WPA water colors, prints exhibition, Federal Art Gallery",IMG01,img01_item_image_and_rights_review,0.70,true,MC1930R018,data/capture_batch_midcentury_1930_1970_records.csv,IMG01,true,no_item_rights_advisory_text,thumbnail_only_item_rights_missing,loc_item_rights_and_image_derivative_capture_required,item_rights_capture_required,false,https://www.loc.gov/pictures/item/98513183/,https://tile.loc.gov/storage-services/service/pnp/cph/3b40000/3b48000/3b48800/3b48803_150px.jpg,LOC search row exposes a thumbnail; item-level rights advisory was not captured in this pass.,LOC search row exposes a thumbnail; item-level rights advisory was not captured in this pass.,Thumbnail candidate only; keep source return visible.,"Date stamped on verso: Nov 8 1937.; Work Projects Administration Poster Collection (Library of Congress).; Posters of the WPA / Christopher DeNoon. Los Angeles: Wheatly Press, c1987, no. 36"
SURF-MC1930R019,98513191,https://www.loc.gov/pictures/item/98513191/,"WPA women painters, Federal Art Gallery, 50 Beacon St., Boston",IMG01,img01_item_image_and_rights_review,0.70,true,MC1930R019,data/capture_batch_midcentury_1930_1970_records.csv,IMG01,true,no_item_rights_advisory_text,thumbnail_only_item_rights_missing,loc_item_rights_and_image_derivative_capture_required,item_rights_capture_required,false,https://www.loc.gov/pictures/item/98513191/,https://tile.loc.gov/storage-services/service/pnp/cph/3b40000/3b48000/3b48800/3b48804_150px.jpg,LOC search row exposes a thumbnail; item-level rights advisory was not captured in this pass.,LOC search row exposes a thumbnail; item-level rights advisory was not captured in this pass.,Thumbnail candidate only; keep source return visible.,"Date stamped on verso: Feb 23 1938.; Work Projects Administration Poster Collection (Library of Congress).; Attributed to Russell W. West.; Posters of the WPA / Christopher DeNoon. Los Angeles : Wheatly Press, c1987,..."
SURF-MC1930R037,2017700651,https://www.loc.gov/pictures/item/2017700651/,"WPB (War Production Board) poster. This is the official poster which may be displayed on all construction work costing over five hundred thousand dollars with certain exceptions, to show that the work has been authorized by the WPA (Work Projects Administration)",IMG01,img01_item_image_and_rights_review,0.70,true,MC1930R037,data/capture_batch_midcentury_1930_1970_records.csv,IMG01,true,no_item_rights_advisory_text,thumbnail_only_item_rights_missing,loc_item_rights_and_image_derivative_capture_required,item_rights_capture_required,false,https://www.loc.gov/pictures/item/2017700651/,https://tile.loc.gov/storage-services/service/pnp/fsa/8b12000/8b12900/8b12980_150px.jpg,LOC search row exposes a thumbnail; item-level rights advisory was not captured in this pass.,LOC search row exposes a thumbnail; item-level rights advisory was not captured in this pass.,Thumbnail candidate only; keep source return visible.,Actual size of negative is B (approximately 5 x 7 inches).; Title and other information from caption card.; Transfer; United States. Office of War Information. Overseas Picture Division. Washington Division; 1944.;...
SURF-MC1930R020,98514973,https://www.loc.gov/pictures/item/98514973/,"Who's who in the zoo Illustrated natural history prepared by the WPA Federal Writers Project : On sale at all book stores, zoos, and museums.",IMG01,img01_item_image_and_rights_review,0.70,true,MC1930R020,data/capture_batch_midcentury_1930_1970_records.csv,IMG01,true,no_item_rights_advisory_text,thumbnail_only_item_rights_missing,loc_item_rights_and_image_derivative_capture_required,item_rights_capture_required,false,https://www.loc.gov/pictures/item/98514973/,https://tile.loc.gov/storage-services/service/pnp/cph/3b40000/3b48000/3b48800/3b48858_150px.jpg,LOC search row exposes a thumbnail; item-level rights advisory was not captured in this pass.,LOC search row exposes a thumbnail; item-level rights advisory was not captured in this pass.,Thumbnail candidate only; keep source return visible.,"Date stamped on verso: Jun 4 1937.; Work Projects Administration Poster Collection (Library of Congress).; Attributed to Sidney Jacobson.; Posters of the WPA / Christopher DeNoon. Los Angeles : Wheatly Press, c1987,..."
SURF-MC1930R021,2005682800,https://www.loc.gov/pictures/item/2005682800/,Work Projects Administration poster collection (Library of Congress),IMG01,img01_item_image_and_rights_review,0.70,true,MC1930R021,data/capture_batch_midcentury_1930_1970_records.csv,IMG01,true,no_item_rights_advisory_text,thumbnail_only_item_rights_missing,loc_item_rights_and_image_derivative_capture_required,item_rights_capture_required,false,https://www.loc.gov/pictures/item/2005682800/,https://www.loc.gov/pictures/static/images/item/grouprecord_thumb_large.jpg,LOC search row exposes a thumbnail; item-level rights advisory was not captured in this pass.,LOC search row exposes a thumbnail; item-level rights advisory was not captured in this pass.,Thumbnail candidate only; keep source return visible.,"Arrangement: Organized as one filing series called POS - WPA; Arrangement: the arrangement is alphabetical by state name, then by artist (with unidentified artists filed as…; Collection title devised by Library staff.;..."
SURF-ER1830R017,2014646356,https://www.loc.gov/pictures/item/2014646356/,"[Advertising card for play ""Deacon Crankett""]",IMG01,img01_item_image_and_rights_review,0.70,true,ER1830R017,data/capture_batch_early_region_1830_1930_records.csv,IMG01,true,no_item_rights_advisory_text,thumbnail_only_item_rights_missing,loc_item_rights_and_image_derivative_capture_required,item_rights_capture_required,false,https://www.loc.gov/pictures/item/2014646356/,https://tile.loc.gov/storage-services/service/pnp/ds/05500/05515_150px.jpg,LOC search row exposes a thumbnail; item-level rights advisory was not captured in this pass.,LOC search row exposes a thumbnail; item-level rights advisory was not captured in this pass.,Thumbnail candidate only; keep source return visible.,
SURF-ER1830R019,2015651615,https://www.loc.gov/pictures/item/2015651615/,"[Santa with toys in a sleigh, drawn by reindeer, with a church on the right and another in the distance]",IMG01,img01_item_image_and_rights_review,0.70,true,ER1830R020,data/capture_batch_early_region_1830_1880_records.csv,IMG01,true,no_item_rights_advisory_text,thumbnail_only_item_rights_missing,loc_item_rights_and_image_derivative_capture_required,item_rights_capture_required,false,https://www.loc.gov/pictures/item/2015651615/,https://tile.loc.gov/storage-services/service/pnp/ppmsca/40200/40208_150px.jpg,LOC search row exposes a thumbnail; item-level rights advisory was not captured in this pass.,LOC search row exposes a thumbnail; item-level rights advisory was not captured in this pass.,Thumbnail candidate only; keep source return visible.,
SURF-ER1830R020,2015651614,https://www.loc.gov/pictures/item/2015651614/,"[Ship at sea, under full sail, with five men in a rowboat under a partially obscured full moon]",IMG01,img01_item_image_and_rights_review,0.70,true,ER1830R021,data/capture_batch_early_region_1830_1880_records.csv,IMG01,true,no_item_rights_advisory_text,thumbnail_only_item_rights_missing,loc_item_rights_and_image_derivative_capture_required,item_rights_capture_required,false,https://www.loc.gov/pictures/item/2015651614/,https://tile.loc.gov/storage-services/service/pnp/ppmsca/39600/39629_150px.jpg,LOC search row exposes a thumbnail; item-level rights advisory was not captured in this pass.,LOC search row exposes a thumbnail; item-level rights advisory was not captured in this pass.,Thumbnail candidate only; keep source return visible.,
SURF-MC1930R023,98515024,https://www.loc.gov/pictures/item/98515024/,[WPA poster design on blue background showing the head and hands of a woman holding flowers and wheat above a blank banner],IMG01,img01_item_image_and_rights_review,0.70,true,MC1930R023,data/capture_batch_midcentury_1930_1970_records.csv,IMG01,true,no_item_rights_advisory_text,thumbnail_only_item_rights_missing,loc_item_rights_and_image_derivative_capture_required,item_rights_capture_required,false,https://www.loc.gov/pictures/item/98515024/,https://tile.loc.gov/storage-services/service/pnp/ppmsca/38300/38347_150px.jpg,LOC search row exposes a thumbnail; item-level rights advisory was not captured in this pass.,LOC search row exposes a thumbnail; item-level rights advisory was not captured in this pass.,Thumbnail candidate only; keep source return visible.,"Title devised by Library staff.; Date stamped on verso: May 14 1941.; Stamped on verso: ""New York State WPA Art Program.""; Forms part of: Work Projects Administration Poster Collection (Library of Congress).;..."
SURF-MC1930R024,98515025,https://www.loc.gov/pictures/item/98515025/,[WPA poster design on red background showing the head and hands of a woman holding flowers and wheat above a blank banner],IMG01,img01_item_image_and_rights_review,0.70,true,MC1930R024,data/capture_batch_midcentury_1930_1970_records.csv,IMG01,true,no_item_rights_advisory_text,thumbnail_only_item_rights_missing,loc_item_rights_and_image_derivative_capture_required,item_rights_capture_required,false,https://www.loc.gov/pictures/item/98515025/,https://tile.loc.gov/storage-services/service/pnp/ppmsca/38300/38344_150px.jpg,LOC search row exposes a thumbnail; item-level rights advisory was not captured in this pass.,LOC search row exposes a thumbnail; item-level rights advisory was not captured in this pass.,Thumbnail candidate only; keep source return visible.,"Title devised by Library staff.; Date stamped on verso: May 14 1941.; Stamped on verso: ""New York State WPA Art Program.""; Forms part of: Work Projects Administration Poster Collection (Library of Congress).;..."
SURF-MC1930R025,98515019,https://www.loc.gov/pictures/item/98515019/,[WPA poster design showing the head and hands of a woman holding flowers and wheat above a blank banner],IMG01,img01_item_image_and_rights_review,0.70,true,MC1930R025,data/capture_batch_midcentury_1930_1970_records.csv,IMG01,true,no_item_rights_advisory_text,thumbnail_only_item_rights_missing,loc_item_rights_and_image_derivative_capture_required,item_rights_capture_required,false,https://www.loc.gov/pictures/item/98515019/,https://tile.loc.gov/storage-services/service/pnp/cph/3f00000/3f05000/3f05300/3f05358_150px.jpg,LOC search row exposes a thumbnail; item-level rights advisory was not captured in this pass.,LOC search row exposes a thumbnail; item-level rights advisory was not captured in this pass.,Thumbnail candidate only; keep source return visible.,Date stamped on verso: May 14 1941.; Stamped on verso: New York State WPA Art Program.; Work Projects Administration Poster Collection (Library of Congress).
SURF-ER1830R021,2015651618,https://www.loc.gov/pictures/item/2015651618/,[Winter outing with people riding in horse-drawn sleighs across a snow covered landscape toward a church in the distance],IMG01,img01_item_image_and_rights_review,0.70,true,ER1830R021,data/capture_batch_early_region_1830_1930_records.csv,IMG01,true,no_item_rights_advisory_text,thumbnail_only_item_rights_missing,loc_item_rights_and_image_derivative_capture_required,item_rights_capture_required,false,https://www.loc.gov/pictures/item/2015651618/,https://tile.loc.gov/storage-services/service/pnp/ppmsca/40200/40211_150px.jpg,LOC search row exposes a thumbnail; item-level rights advisory was not captured in this pass.,LOC search row exposes a thumbnail; item-level rights advisory was not captured in this pass.,Thumbnail candidate only; keep source return visible.,"Title devised by Library staff.; Signed on lower left with monogram of S within an open circle.; Possibly a proof; it appears to lack additional white coloring that is present on: LOT 14100, no. 515.;..."
SURF-ER1830R022,2015651616,https://www.loc.gov/pictures/item/2015651616/,"[Winter scene with frozen waterwheel, a man with horse team and load of logs, and a church in the distance, under a full moon]",IMG01,img01_item_image_and_rights_review,0.70,true,ER1830R022,data/capture_batch_early_region_1830_1880_records.csv,IMG01,true,no_item_rights_advisory_text,thumbnail_only_item_rights_missing,loc_item_rights_and_image_derivative_capture_required,item_rights_capture_required,false,https://www.loc.gov/pictures/item/2015651616/,https://tile.loc.gov/storage-services/service/pnp/ppmsca/40200/40209_150px.jpg,LOC search row exposes a thumbnail; item-level rights advisory was not captured in this pass.,LOC search row exposes a thumbnail; item-level rights advisory was not captured in this pass.,Thumbnail candidate only; keep source return visible.,
SURF-ER1830R023,2015651617,https://www.loc.gov/pictures/item/2015651617/,"[Winter scene with horse team hauling logs on a sledge past a windmill, with snow covered landscape, under a full moon]",IMG01,img01_item_image_and_rights_review,0.70,true,ER1830R023,data/capture_batch_early_region_1830_1880_records.csv,IMG01,true,no_item_rights_advisory_text,thumbnail_only_item_rights_missing,loc_item_rights_and_image_derivative_capture_required,item_rights_capture_required,false,https://www.loc.gov/pictures/item/2015651617/,https://tile.loc.gov/storage-services/service/pnp/ppmsca/40200/40210_150px.jpg,LOC search row exposes a thumbnail; item-level rights advisory was not captured in this pass.,LOC search row exposes a thumbnail; item-level rights advisory was not captured in this pass.,Thumbnail candidate only; keep source return visible.,
SURF-ER1830R008,2007675841,https://www.loc.gov/pictures/item/2007675841/,Gardner's photographic advertising card,IMG04,img04_text_state_review,1.00,true,ER1830R008,data/capture_batch_early_region_1830_1930_records.csv,IMG04,false,no_item_rights_advisory_text,no_usable_image_in_local_capture,loc_deep_item_image_probe_required,source_visible_repair_needed,false,https://www.loc.gov/pictures/item/2007675841/,,LOC search row does not expose a usable image in this capture.,LOC search row does not expose a usable image in this capture.,Render as text/source page without image frame.,
SURF-ER1830R062,2010645616,https://www.loc.gov/pictures/item/2010645616/,"Moore, crayon artist and photographer",IMG04,img04_text_state_review,1.00,true,ER1830R062,data/capture_batch_early_region_1830_1930_records.csv,IMG04,false,no_item_rights_advisory_text,no_usable_image_in_local_capture,loc_deep_item_image_probe_required,source_visible_repair_needed,false,https://www.loc.gov/pictures/item/2010645616/,,LOC search row does not expose a usable image in this capture.,LOC search row does not expose a usable image in this capture.,Render as text/source page without image frame.,This catalog record contains preliminary data.; Text on card: Successor to Abell & Son. 29 Washington St. Portland. Or. Satisfaction at this gallery or no pay.; Trade card advertising Elbridge W. Moore shows aerialist...
SURF-ER1830R024,2010645617,https://www.loc.gov/pictures/item/2010645617/,Pluto,IMG04,img04_text_state_review,1.00,true,ER1830R024,data/capture_batch_early_region_1830_1930_records.csv,IMG04,false,blocking_or_unresolved_rights_terms,no_usable_image_in_local_capture,loc_deep_item_image_probe_required,source_visible_repair_needed,false,https://www.loc.gov/pictures/item/2010645617/,,LOC search row does not expose a usable image in this capture.,LOC search row does not expose a usable image in this capture.,Render as text/source page without image frame.,"This catalog record contains preliminary data.; Text on card: Compliments of Schartel, The Cumberland Street Photographer. Copyright 1884 by Baker & Hayes.; Trade card for photographer Elvin H. Schartel shows a bat and..."
SURF-MC1930R013,2010634800,https://www.loc.gov/pictures/item/2010634800/,Preliminary drawings for See American WPA poster,IMG04,img04_text_state_review,1.00,true,MC1930R013,data/capture_batch_midcentury_1930_1970_records.csv,IMG04,false,no_item_rights_advisory_text,no_usable_image_in_local_capture,loc_deep_item_image_probe_required,source_visible_repair_needed,false,https://www.loc.gov/pictures/item/2010634800/,,LOC search row does not expose a usable image in this capture.,LOC search row does not expose a usable image in this capture.,Render as text/source page without image frame.,Collection stored on site. Containers include: 1 B size container (partial).; Creators include: Richard Halls.; Media includes: 3 Posters : original watercolor drawings; silkscreen.; This catalog record contains...
SURF-MC1930R040,2010633532,https://www.loc.gov/pictures/item/2010633532/,"To speak up for democracy read up on democracy; 1791/1941 Freedom of expression and religion, Freedom from want & fear everywhere in the world-FDR; All out for defense of democracy; Strengthen good neighbor policy [WPA posters]",IMG04,img04_text_state_review,1.00,true,MC1930R040,data/capture_batch_midcentury_1930_1970_records.csv,IMG04,false,no_item_rights_advisory_text,no_usable_image_in_local_capture,loc_deep_item_image_probe_required,source_visible_repair_needed,false,https://www.loc.gov/pictures/item/2010633532/,,LOC search row does not expose a usable image in this capture.,LOC search row does not expose a usable image in this capture.,Render as text/source page without image frame.,Collection stored on site. Containers include: 1 B size container (partial).; Creators include: New York State WPA Art Program.; Media includes: 4 Posters : silkscreen.; Printed on brittle board.; This catalog record...
SURF-ER1830R063,2020633675,https://www.loc.gov/pictures/item/2020633675/,[Liebig Company trade cards],IMG04,img04_text_state_review,1.00,true,ER1830R063,data/capture_batch_early_region_1830_1930_records.csv,IMG04,false,no_item_rights_advisory_text,no_usable_image_in_local_capture,loc_deep_item_image_probe_required,source_visible_repair_needed,false,https://www.loc.gov/pictures/item/2020633675/,,LOC search row does not expose a usable image in this capture.,LOC search row does not expose a usable image in this capture.,Render as text/source page without image frame.,This catalog record contains preliminary data.; Title devised by Library staff.; Purchase; Kevin Jackson; 2020; (DLC/PP-2020:072).; Vendor : Kevin Jackson.
SURF-ER1830R029,2010646974,https://www.loc.gov/pictures/item/2010646974/,[Liebig's Extract of Meat Company trade card sets],IMG04,img04_text_state_review,1.00,true,ER1830R029,data/capture_batch_early_region_1830_1930_records.csv,IMG04,false,no_item_rights_advisory_text,no_usable_image_in_local_capture,loc_deep_item_image_probe_required,source_visible_repair_needed,false,https://www.loc.gov/pictures/item/2010646974/,,LOC search row does not expose a usable image in this capture.,LOC search row does not expose a usable image in this capture.,Render as text/source page without image frame.,This catalog record contains preliminary data.; Title devised by Library staff.; Container list: Liebig.; Purchase; Kevin Jackson; 2007; (DLC/PP-2007:118).
SURF-ER1830R018,2010635174,https://www.loc.gov/pictures/item/2010635174/,[Pearsall Photography Studio trade card],IMG04,img04_text_state_review,1.00,true,ER1830R019,data/capture_batch_early_region_1830_1880_records.csv,IMG04,false,no_item_rights_advisory_text,no_usable_image_in_local_capture,loc_deep_item_image_probe_required,source_visible_repair_needed,false,https://www.loc.gov/pictures/item/2010635174/,,LOC search row does not expose a usable image in this capture.,LOC search row does not expose a usable image in this capture.,Render as text/source page without image frame.,
SURF-MC1930R008,2010633924,https://www.loc.gov/pictures/item/2010633924/,"[Poster designs for WPA, Army, Air Force, Fitzsimmons General Hospital Reconditioning Service]",IMG04,img04_text_state_review,1.00,true,MC1930R008,data/capture_batch_midcentury_1930_1970_records.csv,IMG04,false,no_item_rights_advisory_text,no_usable_image_in_local_capture,loc_deep_item_image_probe_required,source_visible_repair_needed,false,https://www.loc.gov/pictures/item/2010633924/,,LOC search row does not expose a usable image in this capture.,LOC search row does not expose a usable image in this capture.,Render as text/source page without image frame.,Collection stored on site. Containers include: 1 A size container (partial).; Creators include: Tony Velonis.; Media includes: Drawings : gouache; 2 Photographs; Posters : silkscreen.; This catalog record contains...
SURF-ER1830R004,2010646699,https://www.loc.gov/pictures/item/2010646699/,[Trade card for McKay Iron and Locomotive Works and an Arkansas railroad],IMG04,img04_text_state_review,1.00,true,ER1830R005,data/capture_batch_early_region_1830_1880_records.csv,IMG04,false,no_item_rights_advisory_text,no_usable_image_in_local_capture,loc_deep_item_image_probe_required,source_visible_repair_needed,false,https://www.loc.gov/pictures/item/2010646699/,,LOC search row does not expose a usable image in this capture.,LOC search row does not expose a usable image in this capture.,Render as text/source page without image frame.,
SURF-MC1930R041,2010632762,https://www.loc.gov/pictures/item/2010632762/,[WPA  posters for American Guide Week and Hoosier Folklore],IMG04,img04_text_state_review,1.00,true,MC1930R041,data/capture_batch_midcentury_1930_1970_records.csv,IMG04,false,no_item_rights_advisory_text,no_usable_image_in_local_capture,loc_deep_item_image_probe_required,source_visible_repair_needed,false,https://www.loc.gov/pictures/item/2010632762/,,LOC search row does not expose a usable image in this capture.,LOC search row does not expose a usable image in this capture.,Render as text/source page without image frame.,Creator not recorded.; Rest of material processed as LOTs.; Material stored on site. Containers include: 1 B size container (partial).; This catalog record contains preliminary data.; Title devised by Library staff.;...
SURF-MC1930R022,2010651945,https://www.loc.gov/pictures/item/2010651945/,[WPA Federal Music Project posters announcing Ernst Bacon musical events],IMG04,img04_text_state_review,1.00,true,MC1930R022,data/capture_batch_midcentury_1930_1970_records.csv,IMG04,false,no_item_rights_advisory_text,no_usable_image_in_local_capture,loc_deep_item_image_probe_required,source_visible_repair_needed,false,https://www.loc.gov/pictures/item/2010651945/,,LOC search row does not expose a usable image in this capture.,LOC search row does not expose a usable image in this capture.,Render as text/source page without image frame.,"This catalog record contains preliminary data.; Title devised by Library staff.; Noted on folder: ""Found with Eames material at Landover.""; Includes: San Francisco WPA Symphony Orchestra in a program of French Music,..."
SURF-MC1930R026,2010646678,https://www.loc.gov/pictures/item/2010646678/,[WPA posters],IMG04,img04_text_state_review,1.00,true,MC1930R026,data/capture_batch_midcentury_1930_1970_records.csv,IMG04,false,no_item_rights_advisory_text,no_usable_image_in_local_capture,loc_deep_item_image_probe_required,source_visible_repair_needed,false,https://www.loc.gov/pictures/item/2010646678/,,LOC search row does not expose a usable image in this capture.,LOC search row does not expose a usable image in this capture.,Render as text/source page without image frame.,This catalog record contains preliminary data.; Titles include: Give to build; Keep yards and courts clean; Protect baby molars; Youth challenges the war-makers; Continental varieties; Purchase; Mary Ryan Gallery;...
